step,avg_sinr,total_throughput,handover_count,coverage,regret,avg_load,cell_edge_rate,outage_prob,pingpong_rate,drone_handover_reduction,drone_positions,drone_rewards,avg_battery_pct,drones_active,drones_charging,drones_rtb,total_energy_consumed_wh,fleet_efficiency
0,26.130898067304624,1869969.6316218216,0,84.66666666666667,0.0,10.0,687.5176187496751,0.0,0,0.0,"[(np.float64(1503.2944887450078), np.float64(1531.7176540864687), np.float64(49.89672868796542)), (np.float64(1195.7531540896266), np.float64(1736.2160706755285), np.float64(71.60891870094437)), (np.float64(1876.9184838365493), np.float64(472.23623758054606), np.float64(117.12669727195942)), (np.float64(1068.4328680497686), np.float64(1584.145232660756), np.float64(79.01330922371642)), (np.float64(957.9029663653391), np.float64(1526.7779303111206), np.float64(139.3587935633306)), (np.float64(408.55837151012724), np.float64(1924.3255164431841), np.float64(112.34016705945861))]",0.0,0.7532637616768226,6,0,0,1.3796266065797727,376.5047776742804
1,23.82780177661042,910195.6754191587,0,78.66666666666666,960.6739562026878,10.0,687.5176187496751,0.0,0,0.0,"[(np.float64(1502.7330969236077), np.float64(1531.7311926485504), np.float64(52.48228259186318)), (np.float64(1196.5069410647463), np.float64(1733.7513864273847), np.float64(72.14551116952498)), (np.float64(1876.5891192881334), np.float64(471.4967787967485), np.float64(114.91817573676911)), (np.float64(1066.7037898190126), np.float64(1583.283128764821), np.float64(77.32974298835633)), (np.float64(957.5057197569719), np.float64(1525.6940507059917), np.float64(140.66071496272582)), (np.float64(408.56349371327553), np.float64(1925.2325061553665), np.float64(113.80717677914713))]",0.0,0.7528042485748601,6,0,0,1.3785393058876088,183.4058201902954
2,24.05401252341342,937148.5876409854,0,79.0,1894.445000183549,10.0,704.9429067931039,0.0,0,0.0,"[(np.float64(1504.8799154347294), np.float64(1530.4645976038548), np.float64(54.35998362255366)), (np.float64(1196.7955178482493), np.float64(1734.6724098641619), np.float64(70.9604976351823)), (np.float64(1877.6553134875987), np.float64(473.4720641109175), np.float64(116.0359946723937)), (np.float64(1066.258779175586), np.float64(1582.0494280645478), np.float64(78.0053959446628)), (np.float64(955.9888479620412), np.float64(1526.34101521605), np.float64(139.90168361330663)), (np.float64(406.7766367395749), np.float64(1929.8577453826417), np.float64(112.57897480585106))]",0.0,0.7523445188165533,6,0,0,1.379189274920412,188.74788026285805
3,23.644430587127562,805210.2152281334,0,77.66666666666666,2960.2544165772624,10.0,687.5176187496751,0.0,0,0.0,"[(np.float64(1506.4482668610403), np.float64(1529.069051773923), np.float64(52.453841935064574)), (np.float64(1197.449469947513), np.float64(1731.0147502756374), np.float64(74.66475667922448)), (np.float64(1872.2500804183967), np.float64(474.1885635466754), np.float64(113.95618891131483)), (np.float64(1062.719110172189), np.float64(1577.3397128318627), np.float64(76.98757249616553)), (np.float64(958.28140318302), np.float64(1527.3373187657473), np.float64(139.56792378914577)), (np.float64(406.2403406766405), np.float64(1930.2664024177334), np.float64(111.62048182766009))]",0.0,0.751881463211974,6,0,0,1.38916681373788,161.00982403128506
4,24.09950409217728,1076647.6820059107,0,78.66666666666666,3754.326366193196,10.0,687.5176187496751,0.0,0,0.0,"[(np.float64(1504.5741653959312), np.float64(1529.8215899752454), np.float64(50.837918583895444)), (np.float64(1197.8549169143962), np.float64(1730.6296361419295), np.float64(73.93071485970121)), (np.float64(1872.999478958705), np.float64(473.7321224260424), np.float64(113.86222688110564)), (np.float64(1063.7388078314316), np.float64(1576.5052507268956), np.float64(76.3589094867264)), (np.float64(959.163284795978), np.float64(1526.1819043869777), np.float64(142.06310354847008)), (np.float64(404.65380911927184), np.float64(1933.033808188608), np.float64(112.68396536551843))]",0.0,0.7514229995052117,6,0,0,1.3753911202865399,217.44273039576655
5,24.212904362780126,1062443.0023774912,212,78.33333333333333,4583.602995437558,10.0,687.5176187496751,0.0,101.88679245283019,0.0,"[(np.float64(1504.0883534652037), np.float64(1525.4865235618856), np.float64(51.47275275852295)), (np.float64(1197.2523215699728), np.float64(1731.4884864627993), np.float64(77.4254445474741)), (np.float64(1872.942088047761), np.float64(478.53989488176114), np.float64(114.72397476998097)), (np.float64(1064.393631940518), np.float64(1579.41194954555), np.float64(75.64601466646505)), (np.float64(958.2222134993111), np.float64(1527.7788189919388), np.float64(144.47008820673145)), (np.float64(405.7609030581451), np.float64(1930.1945384968851), np.float64(111.83937983358209))]",0.0,0.7509610477340836,6,0,0,1.3858553133844884,212.9537285499381
6,24.50665422431476,1156820.9473759262,1,78.66666666666666,5297.551679683467,10.0,687.5176187496751,0.0,200.0,0.0,"[(np.float64(1501.986146743203), np.float64(1526.7095517532016), np.float64(50.67984648331322)), (np.float64(1200.1191547756541), np.float64(1732.1345980078943), np.float64(76.61241457791931)), (np.float64(1871.8729642355652), np.float64(482.74690771875925), np.float64(117.73767632478399)), (np.float64(1065.1609831725832), np.float64(1579.2975022204985), np.float64(75.55455349579465)), (np.float64(957.162686119145), np.float64(1528.2059748542476), np.float64(145.13262762674952)), (np.float64(407.4604111027089), np.float64(1929.317099068122), np.float64(106.48259277958933))]",0.0,0.7504995403756642,6,0,0,1.3845220752581793,232.09391731001946
7,24.86968521128249,1272381.3828139205,3,79.66666666666666,5895.839928491372,10.0,687.5176187496751,0.0,166.66666666666669,0.0,"[(np.float64(1502.1872188110915), np.float64(1527.1596023036263), np.float64(54.101132197276314)), (np.float64(1203.9355455991615), np.float64(1730.4304491647258), np.float64(77.96742099591374)), (np.float64(1870.5052149378212), np.float64(485.51193198903974), np.float64(117.79182446106624)), (np.float64(1068.0962282126593), np.float64(1575.7816889356402), np.float64(73.02521239562329)), (np.float64(957.7255291284532), np.float64(1530.6772711658414), np.float64(141.21296765377656)), (np.float64(407.69462130751333), np.float64(1928.8537995786087), np.float64(104.8915353564781))]",0.0,0.7500365287366875,6,0,0,1.3890349169303633,254.44952369155297
8,23.908512365284764,883465.9984273604,1,77.66666666666666,6883.2935616858595,10.0,687.5176187496751,0.0,200.0,0.0,"[(np.float64(1502.3045419968987), np.float64(1527.80282558793), np.float64(52.627662930578026)), (np.float64(1204.5153356114736), np.float64(1729.4939401692432), np.float64(76.74769167585777)), (np.float64(1868.6903886236712), np.float64(487.90782711307884), np.float64(119.0942294301241)), (np.float64(1063.9459869593804), np.float64(1577.035273112843), np.float64(69.95876413520297)), (np.float64(958.1071483077686), np.float64(1533.6542490287939), np.float64(141.77301285009273)), (np.float64(406.0710630026356), np.float64(1928.6636708749247), np.float64(105.45512974539982))]",0.0,0.7495761467421352,6,0,0,1.3811459836568467,177.68376745781472
9,24.274803292006467,1073415.6066200486,3,78.33333333333333,7680.597586687654,10.0,687.5176187496751,0.0,0.0,0.0,"[(np.float64(1501.7196548508377), np.float64(1528.3075561336855), np.float64(53.99542688442564)), (np.float64(1204.0547261262502), np.float64(1725.266594952255), np.float64(76.37457812605938)), (np.float64(1867.1477790960614), np.float64(486.2943188886124), np.float64(115.93372702055137)), (np.float64(1065.0570282602123), np.float64(1577.8930714937514), np.float64(68.65290337432134)), (np.float64(955.4346844055177), np.float64(1533.5690907964506), np.float64(140.59524713352937)), (np.float64(408.8702707353596), np.float64(1928.8340455237135), np.float64(102.7555392611362))]",0.0,0.7491147726540285,6,0,0,1.3841222643202584,215.42244462438006
10,24.502285405226036,1163929.0429501263,209,79.33333333333333,8408.23817535938,10.0,687.5176187496751,0.0,100.95693779904306,0.0,"[(np.float64(1500.346585447913), np.float64(1530.9901070936492), np.float64(56.376749182349435)), (np.float64(1202.6945604733523), np.float64(1725.492569762194), np.float64(76.92174966375212)), (np.float64(1866.0067960111328), np.float64(487.3894204418123), np.float64(113.51646880874236)), (np.float64(1066.6876645992752), np.float64(1574.907911368834), np.float64(68.73119422143627)), (np.float64(952.395008006547), np.float64(1533.1254511435684), np.float64(139.9178493690719)), (np.float64(410.11049096647406), np.float64(1927.5891128153398), np.float64(99.74475937452358))]",-20.77600099851904,0.7486538305684238,6,0,0,1.3828262568135385,233.80639574107948
11,23.70000744010741,818586.1876090894,1,79.0,9460.721619372136,10.0,687.5176187496751,0.0,0.0,0.0,"[(np.float64(1499.8997931857643), np.float64(1530.7717004100152), np.float64(59.84617277009699)), (np.float64(1204.6766976685549), np.float64(1723.2531653493543), np.float64(78.04113814256084)), (np.float64(1868.735545024791), np.float64(482.5953429219378), np.float64(114.97719257237253)), (np.float64(1068.6738899143622), np.float64(1575.6122073677666), np.float64(66.13821525549439)), (np.float64(952.6255797161854), np.float64(1535.4154380536402), np.float64(134.64614494821316)), (np.float64(412.3787163939262), np.float64(1927.0250811833425), np.float64(99.30161002981002))]",-20.77600099851904,0.7481900307296397,6,0,0,1.3913995163526787,163.4218277649599
12,24.512663617159113,1255496.899553604,2,80.0,10075.894351440356,10.0,687.5176187496751,0.0,100.0,0.0,"[(np.float64(1497.61865392679), np.float64(1529.415621479996), np.float64(59.6421265522739)), (np.float64(1204.502695593305), np.float64(1723.9345235832084), np.float64(78.49184240087993)), (np.float64(1867.8970685364068), np.float64(480.1221272580425), np.float64(114.63981345082446)), (np.float64(1067.3504024727927), np.float64(1577.6094866419594), np.float64(66.31244998106374)), (np.float64(953.855359509957), np.float64(1537.3435810184246), np.float64(133.1549119319887)), (np.float64(411.53472549131374), np.float64(1925.6569535261083), np.float64(102.96721769563653))]",-20.77600099851904,0.7477309202856519,6,0,0,1.3773313319636016,253.20642221047387
13,24.04453493608878,1020011.1455879571,2,80.0,10926.852837474244,10.0,687.5176187496751,0.0,100.0,0.0,"[(np.float64(1496.1595239231601), np.float64(1530.4976268176351), np.float64(59.41190691647308)), (np.float64(1206.0516796452976), np.float64(1723.378540738077), np.float64(80.89676357030925)), (np.float64(1871.2176342914772), np.float64(481.0141197611015), np.float64(119.33416403255447)), (np.float64(1068.7527020442487), np.float64(1577.9267813668846), np.float64(70.54853966520132)), (np.float64(954.8721653176672), np.float64(1537.0257056695993), np.float64(134.45297779310127)), (np.float64(411.47026606167964), np.float64(1929.5572237081099), np.float64(102.91183157942761))]",-20.77600099851904,0.7472684657939858,6,0,0,1.3873634749981842,204.22653070808204
14,23.989860772793815,1032810.4286786732,1,79.66666666666666,11764.962040417417,10.0,687.5176187496751,0.0,200.0,0.0,"[(np.float64(1493.9570468065176), np.float64(1535.3024041545773), np.float64(58.97836353536901)), (np.float64(1206.507945802935), np.float64(1722.1806744810056), np.float64(82.64285706277882)), (np.float64(1869.7752402561832), np.float64(480.59208897777074), np.float64(118.37507773206285)), (np.float64(1070.2186567532901), np.float64(1583.203702007174), np.float64(68.31294823333683)), (np.float64(956.5270039781938), np.float64(1539.8263907956946), np.float64(135.18451035186607)), (np.float64(411.9496240337517), np.float64(1930.4165474079348), np.float64(105.56298376570577))]",-20.77600099851904,0.7468066938479913,6,0,0,1.3853158379836576,207.09485727215102
15,24.54354212109129,1291745.9770082352,210,78.66666666666666,12364.78569503103,10.0,687.5176187496751,0.0,100.95238095238095,0.0,"[(np.float64(1495.7018044195547), np.float64(1533.5598588687149), np.float64(59.28095606653158)), (np.float64(1205.5397556616708), np.float64(1720.417475535135), np.float64(83.99161592453352)), (np.float64(1869.0101594133291), np.float64(481.39547133308866), np.float64(116.93131716289172)), (np.float64(1069.7451030411369), np.float64(1585.2232055377872), np.float64(68.17225026477668)), (np.float64(959.3216819002221), np.float64(1538.1293336426845), np.float64(133.02563343536278)), (np.float64(407.7281413761395), np.float64(1927.4665631274524), np.float64(107.32577688833689))]",-20.77600099851904,0.7463461355377046,6,0,0,1.3816749308601137,259.69808015794433
16,24.34652705033016,1230002.4675992478,0,78.66666666666666,13005.50285905361,10.0,687.5176187496751,0.0,0,0.0,"[(np.float64(1494.4640413033646), np.float64(1535.2432841785412), np.float64(59.72179058385398)), (np.float64(1206.476768036873), np.float64(1721.850691031133), np.float64(82.31500274750701)), (np.float64(1863.3287687799293), np.float64(482.1835185065491), np.float64(117.44647185524636)), (np.float64(1068.930936695126), np.float64(1587.1070353499763), np.float64(66.57404988250137)), (np.float64(960.0281892362482), np.float64(1541.3536816236096), np.float64(131.60020478897422)), (np.float64(408.29418214383026), np.float64(1927.0620964748655), np.float64(105.98558214780468))]",-20.77600099851904,0.7458857891199139,6,0,0,1.3810392533719842,247.3987261959988
17,24.506028536384537,1294069.9753312413,1,79.66666666666666,13582.15251534419,10.0,687.5176187496751,0.0,200.0,0.0,"[(np.float64(1492.7820631756308), np.float64(1536.061536756612), np.float64(60.26221451820389)), (np.float64(1207.4639856525866), np.float64(1719.3301790743383), np.float64(83.1967909364986)), (np.float64(1864.6906688151932), np.float64(478.838580587315), np.float64(120.01289640538165)), (np.float64(1068.4730118465593), np.float64(1587.5222044439201), np.float64(64.79036462791403)), (np.float64(959.4760195916077), np.float64(1542.2779152605613), np.float64(133.77203616837872)), (np.float64(409.39366014830705), np.float64(1927.9117149926021), np.float64(106.85650683456662))]",-20.77600099851904,0.7454257988468872,6,0,0,1.3799708190801752,260.48658208298775
18,24.132982014120607,1143978.4224813036,0,79.33333333333333,14308.943724484721,10.0,687.5176187496751,0.0,0,0.0,"[(np.float64(1491.2143364180993), np.float64(1536.5261003549074), np.float64(60.84819894650145)), (np.float64(1206.7265218977639), np.float64(1719.9049784966162), np.float64(82.83743044173792)), (np.float64(1865.0374524963702), np.float64(479.6110149789093), np.float64(122.84969010123375)), (np.float64(1066.3600664260846), np.float64(1588.1238271793943), np.float64(70.71811679082735)), (np.float64(959.5696174396905), np.float64(1543.7450520418402), np.float64(132.25997471804493)), (np.float64(409.23639416762273), np.float64(1925.163207861653), np.float64(107.22838515139716))]",-20.77600099851904,0.7449649210885444,6,0,0,1.3826332750287185,229.83085230317775
19,24.440579744724246,1242736.3266896394,0,80.33333333333333,14936.927029416907,10.0,687.5176187496751,0.0,0,0.0,"[(np.float64(1490.6808918428221), np.float64(1538.1601366532009), np.float64(62.48267466518613)), (np.float64(1208.4641505448274), np.float64(1720.615289378255), np.float64(83.11411463200463)), (np.float64(1863.4469549367886), np.float64(481.1940980344127), np.float64(124.98986568017611)), (np.float64(1068.133655280448), np.float64(1586.3773254880668), np.float64(71.36530645066456)), (np.float64(956.5481707869494), np.float64(1544.0853135859522), np.float64(129.65924945639964)), (np.float64(411.8595879303546), np.float64(1924.5841052679214), np.float64(108.195729165894))]",-20.77600099851904,0.7445044116750799,6,0,0,1.3815282403931988,249.87150106560057
20,23.980322443891936,1141901.9297396087,206,77.66666666666666,15686.344731299148,10.0,687.5176187496751,0.0,100.48543689320388,-537.7708978328175,"[(np.float64(1492.2099049003396), np.float64(1535.9475778370463), np.float64(59.67453902464919)), (np.float64(1207.7956996590062), np.float64(1722.4072447940928), np.float64(81.85873514676072)), (np.float64(1863.8763762231858), np.float64(480.4345519448495), np.float64(129.0567752612279)), (np.float64(1066.8373639421884), np.float64(1588.418818825833), np.float64(70.86903460009843)), (np.float64(958.2860327785975), np.float64(1544.6294271065133), np.float64(130.46089378213588)), (np.float64(415.671458276142), np.float64(1921.920656061911), np.float64(109.18439503519737))]",-20.560000000000002,0.7440428211794331,6,0,0,1.3847714869402086,229.05943939104262
21,23.989232063501547,1115568.449809795,1,79.0,16441.64591311119,10.0,687.5176187496751,0.0,0.0,96.90402476780186,"[(np.float64(1494.7132173136924), np.float64(1537.056133842974), np.float64(64.52955913128974)), (np.float64(1205.6317229470053), np.float64(1720.7387533817678), np.float64(84.45385386986128)), (np.float64(1865.920633876954), np.float64(477.65500854384595), np.float64(128.1387082563373)), (np.float64(1065.9538220725972), np.float64(1591.3640138897006), np.float64(70.68436895308791)), (np.float64(957.7329544614479), np.float64(1541.9724785550463), np.float64(130.17168319211004)), (np.float64(419.61101427011295), np.float64(1920.7648350210518), np.float64(108.37517303996103))]",-20.560000000000002,0.7435803488091549,6,0,0,1.3874171108346316,223.35036992642392
22,23.978419158113162,1109045.3392110725,1,80.0,17203.470205521957,10.0,687.5176187496751,0.0,0.0,96.90402476780186,"[(np.float64(1490.2989669267959), np.float64(1534.915339527568), np.float64(62.765757250090914)), (np.float64(1207.166346162098), np.float64(1720.4508143582657), np.float64(86.08959512573986)), (np.float64(1865.3296614204921), np.float64(478.9606206483589), np.float64(126.67078126671215)), (np.float64(1066.9552733508306), np.float64(1591.3327288718872), np.float64(67.8665486199864)), (np.float64(959.0437578140073), np.float64(1542.9442478417775), np.float64(129.20790084406804)), (np.float64(419.8231266053109), np.float64(1919.9541172037168), np.float64(112.28572457876702))]",-20.560000000000002,0.7431185974492934,6,0,0,1.3852540795844606,222.3910792403266
23,24.34841042110463,1252245.419208565,0,79.33333333333333,17821.944417935218,10.0,761.17869417721,0.0,0,100.0,"[(np.float64(1488.4997514596685), np.float64(1531.995899422019), np.float64(60.90415207657957)), (np.float64(1208.7886510583114), np.float64(1719.5480763591997), np.float64(85.65095008489052)), (np.float64(1864.8327829397003), np.float64(477.98514634276216), np.float64(124.92092567975865)), (np.float64(1068.2930798326122), np.float64(1592.0170274669354), np.float64(68.19149124167373)), (np.float64(960.7690210252106), np.float64(1542.6549065579773), np.float64(128.01347299905274)), (np.float64(420.2361035230024), np.float64(1920.2239507603497), np.float64(110.8862831205646))]",-20.560000000000002,0.742659780555455,6,0,0,1.3764506815151747,252.7122507558744
24,24.231841835577196,1199559.6795426297,1,80.0,18493.25437001442,10.0,687.5176187496751,0.0,200.0,96.90402476780186,"[(np.float64(1489.629554529707), np.float64(1528.3449914174712), np.float64(57.96617468645695)), (np.float64(1207.7689089679566), np.float64(1717.4642622856586), np.float64(86.53625983111122)), (np.float64(1863.4048767309832), np.float64(482.0911705977005), np.float64(126.16344641156265)), (np.float64(1066.2509976877864), np.float64(1590.7311287067607), np.float64(67.28943349685646)), (np.float64(962.0846372767015), np.float64(1543.6833138705404), np.float64(128.89755838810152)), (np.float64(422.18055334627473), np.float64(1923.3847094371101), np.float64(108.28692801694379))]",-20.560000000000002,0.7421975485743953,6,0,0,1.3866959431786143,240.2913369252249
25,23.498707546899393,977268.1625723953,206,78.0,19407.655839063875,10.0,687.5176187496751,0.0,100.0,-537.7708978328175,"[(np.float64(1491.2906929791673), np.float64(1531.810218036144), np.float64(58.76578758606659)), (np.float64(1210.5751107832018), np.float64(1719.9074046109984), np.float64(87.64055524845628)), (np.float64(1864.0404753994542), np.float64(485.763611543285), np.float64(125.51106962354213)), (np.float64(1070.1219824434118), np.float64(1593.6842453630943), np.float64(68.52610224772906)), (np.float64(964.5592524096623), np.float64(1542.310878543454), np.float64(123.66009931655557)), (np.float64(421.81142646045936), np.float64(1923.4530742004997), np.float64(110.76418156982189))]",-20.560000000000002,0.7417340641447411,6,0,0,1.3904532889633148,195.23372748086197
26,23.497180863800896,998010.7415682815,0,78.66666666666666,20280.664729117438,10.0,687.5176187496751,0.0,0,100.0,"[(np.float64(1490.6340948874604), np.float64(1532.068540278514), np.float64(62.25418376726378)), (np.float64(1212.6202956115585), np.float64(1720.5194602188058), np.float64(89.94201218752022)), (np.float64(1860.8314377991467), np.float64(485.28030373207235), np.float64(122.69069026945914)), (np.float64(1072.5254627402826), np.float64(1594.5799264904235), np.float64(66.07133999506462)), (np.float64(963.2275252342129), np.float64(1544.6695347872164), np.float64(121.55124725381152)), (np.float64(422.0192067947647), np.float64(1927.5070925280618), np.float64(109.65700282778499))]",-20.560000000000002,0.7412703918497586,6,0,0,1.3910168849470177,199.2967943029308
27,23.940570072305,1118825.0827778785,0,79.33333333333333,21032.7592779614,10.0,687.5176187496751,0.0,0,100.0,"[(np.float64(1490.2516526821964), np.float64(1530.54239065284), np.float64(64.78950889313583)), (np.float64(1214.3358866390608), np.float64(1721.1567634522548), np.float64(88.07707185442236)), (np.float64(1858.8144909956309), np.float64(487.3486792800876), np.float64(124.34074755211415)), (np.float64(1070.629628726332), np.float64(1593.6226980164513), np.float64(67.20931464451286)), (np.float64(965.078076907087), np.float64(1545.1612507505004), np.float64(119.92443109722534)), (np.float64(424.5259042948326), np.float64(1923.6105567250097), np.float64(110.00880458248142))]",-20.560000000000002,0.7408092134029852,6,0,0,1.3835353403201973,224.63086858637894
28,23.99330718658193,1058354.9919307306,2,79.66666666666666,21845.573917652513,10.0,687.5176187496751,0.0,50.0,93.80804953560371,"[(np.float64(1491.0935505306304), np.float64(1528.6426149697359), np.float64(66.80703734542222)), (np.float64(1213.2049368366816), np.float64(1720.1604227495661), np.float64(86.39982579791989)), (np.float64(1861.5825598302247), np.float64(489.5604402420318), np.float64(126.44856396662605)), (np.float64(1065.8093011415478), np.float64(1592.0160348861525), np.float64(71.3165480181514)), (np.float64(960.7321984454612), np.float64(1546.5830659889962), np.float64(115.57981229496662)), (np.float64(425.95702347233134), np.float64(1920.882363313473), np.float64(113.01687448891354))]",-20.560000000000002,0.7403429262970104,6,0,0,1.3988613179247726,210.16200390376807
29,24.65428971847408,1367853.4431238677,1,81.0,22348.44010615047,10.0,687.5176187496751,0.0,0.0,96.90402476780186,"[(np.float64(1488.7858855914367), np.float64(1531.509171513436), np.float64(66.86924534254358)), (np.float64(1216.0931588971407), np.float64(1717.356405569238), np.float64(85.26913953046392)), (np.float64(1860.1453466165901), np.float64(490.6320358238361), np.float64(130.18694886042417)), (np.float64(1063.9303101847208), np.float64(1590.898152485335), np.float64(73.63222220966603)), (np.float64(960.8067297441149), np.float64(1546.6656290202914), np.float64(114.14891114502046)), (np.float64(427.56226408655687), np.float64(1919.7373768259818), np.float64(110.40695551604718))]",-20.560000000000002,0.7398810983750238,6,0,0,1.38548376595944,274.2430471522055
30,23.85471892453533,1078614.9911588866,205,79.0,23161.144746613434,10.0,687.5176187496751,0.0,100.0,-534.6749226006192,"[(np.float64(1488.7445994516102), np.float64(1532.5009655164379), np.float64(66.7088176726205)), (np.float64(1216.1035368192863), np.float64(1719.1251405583862), np.float64(87.48337800443838)), (np.float64(1857.5576439332485), np.float64(490.0479440976896), np.float64(132.26972973111182)), (np.float64(1061.8405481626098), np.float64(1589.2551526540321), np.float64(75.41792800111283)), (np.float64(962.5883376045465), np.float64(1546.7498369705197), np.float64(113.22990644326485)), (np.float64(426.53588976651406), np.float64(1917.9153195629692), np.float64(110.60779583509736))]",-20.64,0.7394215930879113,6,0,0,1.3785158613375412,217.34626617295743
31,24.9474251854601,1564234.1925274539,0,81.0,23467.4801857078,10.0,687.5176187496751,0.0,0,100.0,"[(np.float64(1490.388933148052), np.float64(1531.0140692859757), np.float64(66.81558674080118)), (np.float64(1218.859389586762), np.float64(1717.202035119822), np.float64(89.20870076657376)), (np.float64(1853.5246642216116), np.float64(491.62100369640496), np.float64(130.6743952256361)), (np.float64(1061.3992846988324), np.float64(1586.4876022824446), np.float64(77.19205121912938)), (np.float64(964.6907795886917), np.float64(1547.5141542975282), np.float64(112.87564311820137)), (np.float64(426.53113189844385), np.float64(1915.7609697517278), np.float64(109.5657493387068))]",-20.64,0.7389610106741787,6,0,0,1.381747241197631,314.46380710532924
32,24.613917084731195,1379992.8020344886,0,83.0,23958.25701529513,10.0,687.5176187496751,0.0,0,100.0,"[(np.float64(1492.412289486378), np.float64(1529.8971498795886), np.float64(70.56983338350351)), (np.float64(1218.0335053607782), np.float64(1716.3894201139824), np.float64(87.6284119137537)), (np.float64(1856.965895851962), np.float64(494.94829508382617), np.float64(129.55523269340654)), (np.float64(1061.0766601190228), np.float64(1587.324306223391), np.float64(79.89799163367259)), (np.float64(963.051559418618), np.float64(1546.787141790551), np.float64(112.06836873918768)), (np.float64(427.3817303971723), np.float64(1915.275063950612), np.float64(115.38885157920164))]",-20.64,0.7384976098980874,6,0,0,1.3902023282736664,275.7378016871001
33,24.19297275231581,1189784.4056779474,2,79.33333333333333,24639.442241239012,10.0,701.9093529112762,0.0,150.0,93.80804953560371,"[(np.float64(1489.8709527468275), np.float64(1531.4296720183659), np.float64(69.15550295736739)), (np.float64(1219.604178518955), np.float64(1715.9985183202778), np.float64(90.95988237146638)), (np.float64(1856.3550000972416), np.float64(496.7146550761653), np.float64(127.94673796843745)), (np.float64(1064.356571828359), np.float64(1589.1607218326924), np.float64(80.94433489148956)), (np.float64(963.7556089154417), np.float64(1546.8839383760785), np.float64(112.2899130801343)), (np.float64(430.0443869783516), np.float64(1916.453322376053), np.float64(115.24054419614028))]",-20.64,0.7380373911533552,6,0,0,1.3806562341969593,239.37578381783266
34,24.051894132907975,1195127.3081900955,1,79.0,25315.184564670744,10.0,687.5176187496751,0.0,0.0,96.90402476780186,"[(np.float64(1491.993622879627), np.float64(1530.6782044784716), np.float64(69.09247733678207)), (np.float64(1221.3926125345495), np.float64(1716.6835596359695), np.float64(90.74688528906522)), (np.float64(1855.9169298910163), np.float64(496.45101878079385), np.float64(130.41258561550117)), (np.float64(1061.5506460445324), np.float64(1588.6966594453665), np.float64(75.2496334964519)), (np.float64(962.9951530070833), np.float64(1546.4436622611138), np.float64(111.03439055070773)), (np.float64(430.36909403612367), np.float64(1912.9246947165132), np.float64(114.57756026957802))]",-20.64,0.7375765014469887,6,0,0,1.3826691190996028,240.10068876548576
35,23.92680152667246,1201628.731146965,203,78.33333333333333,26004.775465145634,10.0,687.5176187496751,0.0,100.49261083743843,-528.482972136223,"[(np.float64(1494.11792394938), np.float64(1530.0531714606075), np.float64(68.56501172069333)), (np.float64(1220.5876701657967), np.float64(1717.908566336814), np.float64(91.74553605855235)), (np.float64(1853.956312827398), np.float64(495.2925186389872), np.float64(133.42677219362386)), (np.float64(1057.1663740058805), np.float64(1588.028077623171), np.float64(75.15815751094678)), (np.float64(964.4187730007043), np.float64(1547.7754171547406), np.float64(106.75368994004909)), (np.float64(430.4576227694704), np.float64(1916.8662059832993), np.float64(113.53062719260748))]",-20.64,0.7371145894008228,6,0,0,1.3857361384980587,240.87252210490163
36,24.079936284376604,1263725.1327717672,0,80.0,26611.919963995693,10.0,687.5176187496751,0.0,0,100.0,"[(np.float64(1492.610456580628), np.float64(1530.5641957915484), np.float64(70.00091277109424)), (np.float64(1218.0765244601955), np.float64(1717.915758069771), np.float64(92.1215065148656)), (np.float64(1855.9035483589114), np.float64(495.8057143504834), np.float64(133.8162477895331)), (np.float64(1056.4213335913855), np.float64(1583.691343841811), np.float64(78.93609104821496)), (np.float64(964.5982992530462), np.float64(1544.4651226276098), np.float64(106.840039514805)), (np.float64(432.448224040142), np.float64(1919.2367098921163), np.float64(113.60345693447613))]",-20.64,0.7366542676646487,6,0,0,1.3809652085218453,254.19522297669505
37,24.153832148326504,1307047.0516446996,0,80.0,27175.642543972812,10.0,687.5176187496751,0.0,0,100.0,"[(np.float64(1488.0289254612), np.float64(1528.7091632551724), np.float64(69.0276021230335)), (np.float64(1219.805362937165), np.float64(1715.9742171120504), np.float64(93.61921237115426)), (np.float64(1854.9969275446845), np.float64(495.3404218110831), np.float64(136.527773885507)), (np.float64(1055.5422756087305), np.float64(1589.0180960968553), np.float64(79.01680855153475)), (np.float64(960.6046779475431), np.float64(1546.4791577427306), np.float64(105.897226776404)), (np.float64(430.3951505623704), np.float64(1918.6456574989913), np.float64(112.9085438501317))]",-20.64,0.7361925812153899,6,0,0,1.3850593477768975,262.13217941859875
38,23.739719154254512,1158392.3123991026,2,80.66666666666666,27888.46986319554,10.0,687.5176187496751,0.0,100.0,93.80804953560371,"[(np.float64(1484.6911103327882), np.float64(1526.2646326907177), np.float64(69.06294082669463)), (np.float64(1220.96567796478), np.float64(1713.007395461536), np.float64(94.17991948023453)), (np.float64(1854.312320598142), np.float64(500.15311256151864), np.float64(138.1017270027035)), (np.float64(1055.1799648133122), np.float64(1586.5707258862412), np.float64(77.27597147252308)), (np.float64(959.5206262500949), np.float64(1548.0296133276552), np.float64(106.49723984734821)), (np.float64(433.4891906254311), np.float64(1919.1002308640002), np.float64(110.38988568482232))]",-20.64,0.7357310831553425,6,0,0,1.3844941801415895,232.4138641739734
39,23.548759771361222,1063710.3232828004,1,80.0,28695.979171534585,10.0,687.5176187496751,0.0,0.0,96.90402476780186,"[(np.float64(1484.2691516747216), np.float64(1527.7923358646774), np.float64(69.27638159795951)), (np.float64(1218.8040703596566), np.float64(1712.7066478300092), np.float64(93.99227420290092)), (np.float64(1853.712616268815), np.float64(501.174078230427), np.float64(139.7818597023069)), (np.float64(1054.881992529331), np.float64(1586.7022890473163), np.float64(73.15508237859072)), (np.float64(957.8702347800325), np.float64(1547.0205321632054), np.float64(106.36263401998033)), (np.float64(435.3825146292896), np.float64(1921.996916427087), np.float64(108.66613050448935))]",-20.64,0.7352716092014031,6,0,0,1.3784218618185478,214.35751854004877
40,24.31491824103772,1475252.8726637748,203,81.0,29111.59593049266,10.0,687.5176187496751,0.0,101.47783251231527,-528.482972136223,"[(np.float64(1486.7995831865837), np.float64(1524.9408277203495), np.float64(71.98453851187325)), (np.float64(1218.4074163860298), np.float64(1713.825722240972), np.float64(91.94560730086009)), (np.float64(1852.067533126993), np.float64(501.96058575456703), np.float64(138.7835098891457)), (np.float64(1058.0521166566339), np.float64(1587.1161005805334), np.float64(72.03022530924852)), (np.float64(956.2944076101792), np.float64(1546.7906952320172), np.float64(105.21295515126769)), (np.float64(435.9175321965849), np.float64(1921.6242679205118), np.float64(106.05796998638799))]",-20.72,0.7348105005717732,6,0,0,1.3833258888894653,296.2371108067731
41,23.623367096161328,1212694.6800933273,0,77.33333333333333,29769.97088202116,10.0,687.5176187496751,0.0,0,100.0,"[(np.float64(1487.1983094292768), np.float64(1523.2698912534022), np.float64(75.21632337924551)), (np.float64(1217.3919847123593), np.float64(1715.1092584563237), np.float64(90.9948268203311)), (np.float64(1854.6924210175314), np.float64(503.32714827673027), np.float64(138.96236626696555)), (np.float64(1055.9521122210626), np.float64(1589.192122286953), np.float64(73.81083143180066)), (np.float64(958.3759271448226), np.float64(1544.046018867556), np.float64(107.37057556839558)), (np.float64(436.19193282174604), np.float64(1922.2609491280805), np.float64(103.41388711044812))]",-20.72,0.7343489327133361,6,0,0,1.3847035753111685,243.27201818884524
42,23.87538639089839,1320231.2680031732,0,80.33333333333333,30320.70924563981,10.0,687.5176187496751,0.0,0,100.0,"[(np.float64(1487.3994698910794), np.float64(1526.0779445918463), np.float64(79.83541001745853)), (np.float64(1218.1695993346123), np.float64(1714.4686852679254), np.float64(93.14849565243432)), (np.float64(1857.5136788837362), np.float64(500.0939521973609), np.float64(136.92191471159978)), (np.float64(1059.563993610664), np.float64(1583.46811799197), np.float64(74.75963965457265)), (np.float64(960.4494186916438), np.float64(1545.8572592782239), np.float64(107.05037158396054)), (np.float64(440.60818049924825), np.float64(1919.4763017837518), np.float64(102.18727953049076))]",-20.72,0.7338845704452175,6,0,0,1.3930868043560787,263.2505789530982
43,23.326331872957265,1083509.3643871334,0,78.66666666666666,31108.369512874517,10.0,687.5176187496751,0.0,0,100.0,"[(np.float64(1490.4613900092118), np.float64(1525.8153554441035), np.float64(82.76052207948679)), (np.float64(1218.9972904451206), np.float64(1716.0376603237405), np.float64(91.42210347577313)), (np.float64(1855.3916272945537), np.float64(499.3818462043325), np.float64(136.27307020450488)), (np.float64(1060.9729035887824), np.float64(1582.5754724259968), np.float64(71.94173493367161)), (np.float64(962.7577486474303), np.float64(1548.7850279634706), np.float64(106.34356771083644)), (np.float64(441.47291328184315), np.float64(1919.2364151668278), np.float64(101.29943808876514))]",-20.72,0.7334235795686204,6,0,0,1.38297262979165,217.62890816300057
44,23.824853814814706,1273816.776958972,1,81.33333333333333,31705.772367537364,10.0,687.5176187496751,0.0,200.0,96.90402476780186,"[(np.float64(1489.6954545217388), np.float64(1528.4000002163937), np.float64(81.41675369433058)), (np.float64(1221.5697729376336), np.float64(1715.8799440825298), np.float64(92.43287147861432)), (np.float64(1854.6272441134756), np.float64(501.02596450729516), np.float64(134.77780142152517)), (np.float64(1061.5708529160456), np.float64(1583.203038403233), np.float64(73.1922578262066)), (np.float64(962.2210735450442), np.float64(1546.8856163843102), np.float64(105.99687684913104)), (np.float64(445.6786974215686), np.float64(1923.4163871743806), np.float64(102.30254857943834))]",-20.72,0.7329634110560033,6,0,0,1.3805055378510032,256.31044852635995
45,23.396785587937483,1157794.5079504845,201,78.33333333333333,32439.29749120873,10.0,687.5176187496751,0.0,100.0,-522.2910216718267,"[(np.float64(1487.1734905866304), np.float64(1527.2202461298168), np.float64(85.23894231570736)), (np.float64(1222.4843279129248), np.float64(1715.296004016061), np.float64(92.22504516628283)), (np.float64(1854.1454404273968), np.float64(499.7082382302429), np.float64(137.6094964031425)), (np.float64(1064.493335072676), np.float64(1586.4646234667282), np.float64(71.51940061270531)), (np.float64(962.4855656373791), np.float64(1542.4232478711267), np.float64(104.29851061205703)), (np.float64(444.50889634675656), np.float64(1920.7509050480721), np.float64(103.86240887319038))]",-20.72,0.7325004423085854,6,0,0,1.3889062422537037,231.5560084314565
46,23.55744969567647,1287228.9220650697,0,79.0,33023.13820076548,10.0,687.5176187496751,0.0,0,100.0,"[(np.float64(1485.6051567459579), np.float64(1529.8590769146838), np.float64(85.87928984685065)), (np.float64(1224.4550484552612), np.float64(1714.8378726597994), np.float64(93.74325291933518)), (np.float64(1851.950213393338), np.float64(497.3240805459995), np.float64(138.70239632794022)), (np.float64(1062.1240170395974), np.float64(1585.3713140767456), np.float64(72.56557574763528)), (np.float64(963.981183497518), np.float64(1544.818857337249), np.float64(103.71048023595993)), (np.float64(443.1310821992784), np.float64(1921.9367543947992), np.float64(100.94009213110955))]",-20.72,0.7320397204879777,6,0,0,1.3821654618226713,258.6981076715647
47,23.678086172191804,1261071.842839923,0,80.33333333333333,33633.18598954738,10.0,687.5176187496751,0.0,0,100.0,"[(np.float64(1487.480718406033), np.float64(1528.4090599359142), np.float64(85.86080414711137)), (np.float64(1224.7392957320712), np.float64(1710.5938849126712), np.float64(95.76938389903522)), (np.float64(1854.270987451728), np.float64(496.3551014649619), np.float64(138.53214925430228)), (np.float64(1062.1250948343404), np.float64(1587.1171484134757), np.float64(71.29229336565076)), (np.float64(969.7000887024071), np.float64(1543.2095828868999), np.float64(103.31817933669471)), (np.float64(443.627159659484), np.float64(1921.1583521071823), np.float64(100.11041688872163))]",-20.72,0.7315798318104557,6,0,0,1.3796660325659333,253.90038303016667
48,24.19104366557817,1538680.888216653,0,79.0,33965.324732952555,10.0,687.5176187496751,0.0,0,100.0,"[(np.float64(1487.7309213042572), np.float64(1528.4162400599218), np.float64(85.14361026342337)), (np.float64(1224.8045056832896), np.float64(1712.8230929226972), np.float64(96.50048182486618)), (np.float64(1851.3846880757396), np.float64(497.1334469175153), np.float64(136.99187503711065)), (np.float64(1059.9518888656744), np.float64(1583.6783988781804), np.float64(70.245782573321)), (np.float64(967.9518294723866), np.float64(1540.887363530415), np.float64(101.56298051667837)), (np.float64(446.788059468549), np.float64(1923.7250697483819), np.float64(98.87744268488639))]",-20.72,0.7311192146719131,6,0,0,1.3818514156286892,309.3034120774146
49,23.954699375806964,1368752.027769291,1,80.66666666666666,34467.692336805085,10.0,744.2849162138319,0.0,0.0,96.90402476780186,"[(np.float64(1487.6630502403611), np.float64(1524.9767330088396), np.float64(87.8364094377934)), (np.float64(1224.5295869000747), np.float64(1712.570512215981), np.float64(97.33045057044514)), (np.float64(1847.8912717731782), np.float64(500.11508695839734), np.float64(141.1311714185604)), (np.float64(1059.9873302863684), np.float64(1586.5736833422018), np.float64(68.23689605838919)), (np.float64(967.8631110730373), np.float64(1539.5381724494812), np.float64(103.31796021442753)), (np.float64(448.14434684764984), np.float64(1919.8920979126058), np.float64(96.42031559405581))]",-20.72,0.7306553651617594,6,0,0,1.3915485304604136,273.22719134831993
50,23.53166835865698,1254136.5971441958,199,80.33333333333333,35104.52537128274,10.0,761.2565421854708,0.0,100.50251256281406,-516.0990712074305,"[(np.float64(1484.0126315059445), np.float64(1520.9353154766914), np.float64(89.75052570599435)), (np.float64(1224.997518011764), np.float64(1712.7420954863337), np.float64(93.44046806248575)), (np.float64(1849.6709797155565), np.float64(500.5461459862831), np.float64(141.14856344728585)), (np.float64(1061.1238013502743), np.float64(1583.8107368928722), np.float64(65.84845781292745)), (np.float64(963.2512825448761), np.float64(1538.133624277528), np.float64(101.15277404121926)), (np.float64(447.28747392122335), np.float64(1917.7728029511184), np.float64(93.79451155938821))]",-20.560213258129696,0.7301916045462328,6,0,0,1.3912818465800942,250.3959049281274
51,23.826948854503883,1435974.7717968852,0,79.66666666666666,35539.52023110768,10.0,687.5176187496751,0.0,0,100.0,"[(np.float64(1485.2230821435978), np.float64(1522.5005378046255), np.float64(89.10742042528449)), (np.float64(1228.836101598598), np.float64(1716.8678352159927), np.float64(88.6163008274497)), (np.float64(1850.1426535567957), np.float64(502.56629820793796), np.float64(144.69045202263823)), (np.float64(1062.4045591054044), np.float64(1582.2133154386047), np.float64(69.0887076767012)), (np.float64(963.6721018921018), np.float64(1537.7561868561072), np.float64(96.95276403619894)), (np.float64(446.1810615580068), np.float64(1920.4969121588015), np.float64(92.59717033066036))]",-20.560213258129696,0.7297264232469493,6,0,0,1.3955438978503503,285.82539156891784
52,23.63123470026399,1299511.3233560766,0,79.0,36111.12853937342,10.0,687.5176187496751,0.0,0,100.0,"[(np.float64(1486.931491092525), np.float64(1523.0446792583887), np.float64(93.36008571779765)), (np.float64(1229.6886339936727), np.float64(1716.249565513922), np.float64(89.41808621139)), (np.float64(1849.2436338001444), np.float64(499.5332333901311), np.float64(147.33218442329232)), (np.float64(1062.0961848390475), np.float64(1583.3675680221997), np.float64(67.63146024823602)), (np.float64(961.1524759134547), np.float64(1540.5309812533044), np.float64(98.59813021406352)), (np.float64(445.8310850391373), np.float64(1920.1267740874332), np.float64(93.19826151984755))]",-20.560213258129696,0.7292651839118407,6,0,0,1.383718005325792,260.87350616928603
53,23.110885487480246,1167115.3819502392,1,77.33333333333333,36815.33278904502,10.0,687.5176187496751,0.0,0.0,96.90402476780186,"[(np.float64(1488.2495779846804), np.float64(1520.062124917223), np.float64(92.40961424739041)), (np.float64(1229.1473286199614), np.float64(1718.9244584010034), np.float64(93.01600823167223)), (np.float64(1853.3668956581682), np.float64(500.5913098645745), np.float64(147.3555390788279)), (np.float64(1061.3988957013937), np.float64(1584.0481296719784), np.float64(66.27878598109781)), (np.float64(959.7614511202407), np.float64(1538.83606608017), np.float64(99.33256264599154)), (np.float64(445.93879511569196), np.float64(1920.4156574196113), np.float64(91.39112382206787))]",-20.560213258129696,0.7288046749964251,6,0,0,1.381526746246589,234.66698570201515
54,23.7989554688985,1427110.268992255,1,79.0,37259.19215167458,10.0,687.5176187496751,0.0,0.0,96.90402476780186,"[(np.float64(1488.7751166078122), np.float64(1521.1211755868785), np.float64(94.68499039032552)), (np.float64(1228.2007328935445), np.float64(1716.3559877947228), np.float64(92.31660728717902)), (np.float64(1851.8436232465012), np.float64(502.8977346298279), np.float64(150.0)), (np.float64(1060.764724457465), np.float64(1580.7065186413408), np.float64(65.25575325214075)), (np.float64(960.2567786877432), np.float64(1540.7359387195897), np.float64(97.7151285051031)), (np.float64(449.02790031833274), np.float64(1918.7991617727414), np.float64(91.98544849944723))]",-20.560213258129696,0.7283434829079688,6,0,0,1.3835762653691683,286.5180106705155
55,22.874304512953557,1062193.7303261368,198,78.0,38088.1180529703,10.0,687.5176187496751,0.0,100.50505050505049,-513.0030959752322,"[(np.float64(1486.166149525786), np.float64(1519.6454556760311), np.float64(97.71883514584547)), (np.float64(1226.0502989015076), np.float64(1718.1026441991767), np.float64(94.10660222563588)), (np.float64(1851.3129401779465), np.float64(502.86198495097494), np.float64(150.0)), (np.float64(1060.1701131182406), np.float64(1580.3340523519632), np.float64(68.87606400141456)), (np.float64(957.887011734793), np.float64(1540.7418405705187), np.float64(95.4827090836944)), (np.float64(452.97245703255857), np.float64(1920.3942692849462), np.float64(90.3808694041094))]",-20.560213258129696,0.7278812344177509,6,0,0,1.3867454706535454,212.76710126223054
56,23.529491373974626,1373087.6372870891,2,78.66666666666666,38586.300047305034,10.0,687.5176187496751,0.0,100.0,93.80804953560371,"[(np.float64(1486.378765383875), np.float64(1521.0434612753488), np.float64(98.79056031559577)), (np.float64(1224.012078171268), np.float64(1720.2380017895061), np.float64(98.48881457501291)), (np.float64(1852.9107212784102), np.float64(504.05658649659057), np.float64(150.0)), (np.float64(1061.129015071279), np.float64(1578.9603415861354), np.float64(71.76168515788183)), (np.float64(956.2497317214816), np.float64(1539.843836308784), np.float64(97.17894522892281)), (np.float64(450.8209773655856), np.float64(1917.8020467171032), np.float64(90.31149464979413))]",-20.560213258129696,0.7274200915303921,6,0,0,1.3834286620763347,275.70140986330193
57,24.20938631755834,1640399.340172251,1,80.0,38816.82033875461,10.0,687.5176187496751,0.0,0.0,96.90402476780186,"[(np.float64(1489.3205983157732), np.float64(1519.841160406239), np.float64(100.36995867720555)), (np.float64(1220.5343795996093), np.float64(1721.8489677376979), np.float64(98.04769910093496)), (np.float64(1853.1431403617933), np.float64(507.27595685486904), np.float64(147.76181897727258)), (np.float64(1059.940715434774), np.float64(1579.5746105421729), np.float64(68.6938244559746)), (np.float64(955.6608161616088), np.float64(1543.371631037504), np.float64(95.46694444558389)), (np.float64(454.3696783327733), np.float64(1919.022040745595), np.float64(89.20499686145527))]",-20.560213258129696,0.7269573654876162,6,0,0,1.388178128327719,328.24784808423937
58,22.834799744960936,1089317.2381348622,1,76.33333333333333,39598.82273224159,10.0,687.5176187496751,0.0,0.0,96.90402476780186,"[(np.float64(1488.1075812340566), np.float64(1517.0445457056035), np.float64(99.63405428316732)), (np.float64(1219.743846444063), np.float64(1723.4203856608224), np.float64(99.145859095014)), (np.float64(1851.1334107920297), np.float64(508.5999471323952), np.float64(150.0)), (np.float64(1058.5019576829266), np.float64(1580.8750577706824), np.float64(70.06445882128018)), (np.float64(953.6503820853711), np.float64(1542.4027368550805), np.float64(97.81557751720881)), (np.float64(452.9136609137377), np.float64(1917.3840160628718), np.float64(89.28331982086283))]",-20.560213258129696,0.7264971729424045,6,0,0,1.380577635635268,219.17501333772765
59,23.57674746708352,1338952.8798935413,1,79.33333333333333,40131.089483969874,10.0,687.5176187496751,0.0,0.0,96.90402476780186,"[(np.float64(1486.822515613219), np.float64(1515.4042669214489), np.float64(98.6189091554272)), (np.float64(1218.918494518809), np.float64(1725.2760516561882), np.float64(96.24936642594807)), (np.float64(1853.7590527361783), np.float64(508.39287849837297), np.float64(148.30871182380872)), (np.float64(1060.6120046061772), np.float64(1581.5733347023397), np.float64(71.17997776920778)), (np.float64(953.4585571672358), np.float64(1541.9560826308473), np.float64(99.00839027121381)), (np.float64(455.8640450829914), np.float64(1921.037885253839), np.float64(88.7981720689547))]",-20.560213258129696,0.7260365764187274,6,0,0,1.381789571031185,269.1664225316329
60,23.512303685562262,1523618.5759468104,198,78.0,40498.14053964491,10.0,687.5176187496751,0.0,101.01010101010101,-513.0030959752322,"[(np.float64(1485.1395924499402), np.float64(1517.2971217070851), np.float64(95.31223714468707)), (np.float64(1216.4381914311214), np.float64(1721.424048944753), np.float64(99.61744829214109)), (np.float64(1856.0113802477372), np.float64(508.68149472943674), np.float64(149.3822269272431)), (np.float64(1062.1068039166464), np.float64(1580.987599917665), np.float64(68.35245532800225)), (np.float64(950.4675586528385), np.float64(1541.816895171805), np.float64(97.78589405386995)), (np.float64(456.4637422856198), np.float64(1920.1466673835957), np.float64(88.11855110110346))]",-20.573190958290176,0.7255738387984817,6,0,0,1.3882128607370003,304.87210872168157
61,23.416223867186783,1427141.137592724,1,77.33333333333333,40942.21903367402,10.0,778.0000429025775,0.0,0.0,96.90402476780186,"[(np.float64(1483.107617918641), np.float64(1518.7515677169372), np.float64(97.9009727424118)), (np.float64(1213.8198615694757), np.float64(1721.9810172749874), np.float64(103.26423222296613)), (np.float64(1855.6238487720586), np.float64(507.2479784157204), np.float64(149.24808697173094)), (np.float64(1061.8725643136581), np.float64(1579.5770137310044), np.float64(65.75266211947765)), (np.float64(947.278429791524), np.float64(1540.6264380282682), np.float64(96.14209782395685)), (np.float64(460.09727582488176), np.float64(1919.0265978840139), np.float64(86.57312938678855))]",-20.573190958290176,0.725111182844037,6,0,0,1.387967863334087,285.6176315375794
62,22.89485209567234,1273750.7395653569,0,77.33333333333333,41539.88792573048,10.0,687.5176187496751,0.0,0,100.0,"[(np.float64(1488.0195957201186), np.float64(1519.1904148442957), np.float64(100.32581994652945)), (np.float64(1214.9383260909192), np.float64(1719.7105881083314), np.float64(101.23089101749747)), (np.float64(1852.7893108551045), np.float64(508.39637456707027), np.float64(143.75573776651774)), (np.float64(1062.2856006549443), np.float64(1579.030405523354), np.float64(65.03568106342469)), (np.float64(950.6623677457844), np.float64(1543.8418263372373), np.float64(90.86162414950452)), (np.float64(459.708774835217), np.float64(1918.5287450233684), np.float64(86.81449053433452))]",-20.573190958290176,0.724646325158929,6,0,0,1.3945730553241327,253.71180701396062
63,23.12107609511763,1367691.175000563,1,77.33333333333333,42043.56638235174,10.0,687.5176187496751,0.0,0.0,96.90402476780186,"[(np.float64(1488.8677771335642), np.float64(1517.8290344320312), np.float64(98.71769750976391)), (np.float64(1212.1308728474864), np.float64(1718.739623226871), np.float64(101.29110853631636)), (np.float64(1852.8886876114143), np.float64(509.05178816903725), np.float64(146.4604462731638)), (np.float64(1063.702593032347), np.float64(1579.801482769287), np.float64(64.78429047376406)), (np.float64(950.2287163214282), np.float64(1542.5005455277555), np.float64(90.02703751354817)), (np.float64(462.59467220898426), np.float64(1917.1237059874948), np.float64(86.5528189659554))]",-20.573190958290176,0.7241877127688193,6,0,0,1.3758371703284284,276.1331235056283
64,23.18173016530115,1388229.7055000106,0,79.0,42526.55630847355,10.0,687.5176187496751,0.0,0,100.0,"[(np.float64(1489.0753214056517), np.float64(1518.290453017017), np.float64(101.38868155285455)), (np.float64(1212.2231463349574), np.float64(1718.4694275398342), np.float64(98.87247357625724)), (np.float64(1853.6262123569163), np.float64(513.9076326652357), np.float64(148.84325681374833)), (np.float64(1061.3461487043594), np.float64(1577.3451701880942), np.float64(61.469095937201395)), (np.float64(952.3897286917233), np.float64(1546.680472408068), np.float64(90.28671842674515)), (np.float64(463.14135483364674), np.float64(1913.6711228871866), np.float64(83.61999809842412))]",-20.573190958290176,0.7237236549430226,6,0,0,1.3921734773903656,276.99088432695675
65,23.99547937784747,1825445.844679577,194,81.33333333333333,42591.280095415816,10.0,687.5176187496751,0.0,101.03092783505154,-500.6191950464397,"[(np.float64(1489.1659646207534), np.float64(1521.382150115756), np.float64(102.36627528974246)), (np.float64(1211.8565793381729), np.float64(1719.3671940990305), np.float64(99.26589019385328)), (np.float64(1853.2413569037096), np.float64(512.1751344653459), np.float64(150.0)), (np.float64(1058.849710645488), np.float64(1573.8404800041596), np.float64(59.23282168152819)), (np.float64(950.1512285375678), np.float64(1546.6732840562513), np.float64(89.6148671427443)), (np.float64(465.37836195859245), np.float64(1909.00525685933), np.float64(83.99558739859633))]",-20.573190958290176,0.7232633107518897,6,0,0,1.3810325733991546,367.1660610732137
66,22.983159104976462,1357461.834634497,0,78.33333333333333,43105.237892403136,10.0,687.5176187496751,0.0,0,100.0,"[(np.float64(1490.1507330479374), np.float64(1520.4030715687877), np.float64(101.66599629714226)), (np.float64(1208.6769698370292), np.float64(1718.927115006985), np.float64(98.4607967176226)), (np.float64(1852.9880480789072), np.float64(512.6605379283404), np.float64(150.0)), (np.float64(1061.8415830188424), np.float64(1572.147841711175), np.float64(58.97974815131918)), (np.float64(952.5716535328453), np.float64(1548.5302803924997), np.float64(93.548428958968)), (np.float64(469.75381671894047), np.float64(1910.0648476328147), np.float64(82.85313808084378))]",-20.573190958290176,0.7228028865867054,6,0,0,1.381272495552483,272.98938700150825
67,22.575434510916537,1265259.1951280222,0,76.0,43711.39832889693,10.0,687.5176187496751,0.0,0,100.0,"[(np.float64(1488.4560877325061), np.float64(1520.19546911483), np.float64(102.5455232356589)), (np.float64(1205.8777353882856), np.float64(1716.4426106312123), np.float64(93.70986547382074)), (np.float64(1850.1803395742122), np.float64(513.8051452435751), np.float64(145.49599400129276)), (np.float64(1065.484931099098), np.float64(1570.2656851380052), np.float64(61.63101130293253)), (np.float64(954.0850482447552), np.float64(1547.0026385869478), np.float64(91.49795077269226)), (np.float64(469.99396691302286), np.float64(1912.1560472942474), np.float64(83.02842700136779))]",-20.573190958290176,0.7223384817497923,6,0,0,1.3932145107393759,252.26616922690687
68,22.758565015153913,1310200.787316245,0,77.0,44272.66717320251,10.0,687.5176187496751,0.0,0,100.0,"[(np.float64(1488.6194567620764), np.float64(1518.3609707725723), np.float64(102.88959691983416)), (np.float64(1208.398899008919), np.float64(1715.4336805787154), np.float64(93.19125492505549)), (np.float64(1852.9393000000507), np.float64(514.1017208834251), np.float64(143.19186471617743)), (np.float64(1066.0964602462288), np.float64(1570.3463358824986), np.float64(58.606516652401325)), (np.float64(952.3594982763116), np.float64(1549.294697299709), np.float64(92.83503377290786)), (np.float64(470.62066496511665), np.float64(1911.2962520633716), np.float64(81.25608913633968))]",-20.573190958290176,0.7218780975449609,6,0,0,1.381152614493954,263.5079275991151
69,22.626670951854475,1227669.4916158384,2,79.0,44916.61731320851,10.0,687.5176187496751,0.0,0.0,93.80804953560371,"[(np.float64(1486.6170376420148), np.float64(1515.5148589028888), np.float64(100.94832541229013)), (np.float64(1205.8303528256365), np.float64(1716.186227875949), np.float64(91.48837701032491)), (np.float64(1850.5204991187793), np.float64(516.3028779428945), np.float64(142.00422292879423)), (np.float64(1063.8721817883002), np.float64(1569.818392133516), np.float64(57.55346536025884)), (np.float64(954.0636096867232), np.float64(1551.2645011236284), np.float64(92.01001033055901)), (np.float64(469.38640152568144), np.float64(1912.8475377818118), np.float64(82.63889100189667))]",-20.573190958290176,0.7214170453840499,6,0,0,1.383156482733426,246.5514983183186
70,22.659225283672374,1399093.8928783594,193,76.0,45408.14305195201,10.0,687.5176187496751,0.0,100.51813471502591,-497.52321981424154,"[(np.float64(1483.0045330587513), np.float64(1518.213417052188), np.float64(104.72882589121052)), (np.float64(1206.1425643147065), np.float64(1716.915570595901), np.float64(87.77330677406252)), (np.float64(1849.5615348723918), np.float64(518.2836967366576), np.float64(144.53481429643992)), (np.float64(1063.8999107266068), np.float64(1566.976594940506), np.float64(58.17533584431187)), (np.float64(954.1698590938519), np.float64(1547.94237509874), np.float64(88.63330480987037)), (np.float64(468.42773859730005), np.float64(1914.7249257561089), np.float64(81.43986024137071))]",-20.70066401598447,0.7209528370675553,6,0,0,1.392624949483649,279.0680955488468
71,23.266058255131856,1608059.5216492072,1,79.0,45671.40316192464,10.0,694.179782877789,0.0,0.0,96.90402476780186,"[(np.float64(1482.7272028497966), np.float64(1522.102131256969), np.float64(105.05693777425122)), (np.float64(1205.6638716250827), np.float64(1717.2939854404285), np.float64(85.77188937644313)), (np.float64(1848.5016205745792), np.float64(518.7398012867401), np.float64(147.4203366170211)), (np.float64(1061.808963951058), np.float64(1567.6856325288497), np.float64(58.953823016255235)), (np.float64(949.5449065508393), np.float64(1550.4561559389845), np.float64(88.54690130240967)), (np.float64(470.960011555074), np.float64(1912.5775816610906), np.float64(80.49087220522489))]",-20.70066401598447,0.7204922344069976,6,0,0,1.3818079816732227,323.2599654817649
72,22.340433480555348,1261296.665996858,0,75.66666666666667,46281.67612754961,10.0,687.5176187496751,0.0,0,100.0,"[(np.float64(1482.2593441215542), np.float64(1524.127847197523), np.float64(107.4813991301232)), (np.float64(1201.2050804526386), np.float64(1718.18289714633), np.float64(85.06679699041226)), (np.float64(1847.92138784579), np.float64(518.7078564004963), np.float64(143.8027029867793)), (np.float64(1060.2706860154876), np.float64(1569.2266227708749), np.float64(59.32859881618271)), (np.float64(951.8267332969906), np.float64(1550.7329432887648), np.float64(85.98673989039224)), (np.float64(468.9570882398221), np.float64(1910.403330663997), np.float64(80.0987262812952))]",-20.70066401598447,0.7200307262802061,6,0,0,1.3845243803743428,253.05454347029848
73,22.5040475844101,1293602.1680046804,2,77.66666666666666,46859.893591166765,10.0,687.5176187496751,0.0,0.0,93.80804953560371,"[(np.float64(1482.3913870231454), np.float64(1524.768385443988), np.float64(109.70277357607183)), (np.float64(1200.5420045553092), np.float64(1717.1586088907889), np.float64(86.03348607673725)), (np.float64(1851.6289574332359), np.float64(520.6361893339714), np.float64(145.21716532879415)), (np.float64(1061.2417647949244), np.float64(1567.6623342627715), np.float64(60.57217125552642)), (np.float64(951.0737854532863), np.float64(1549.495231275229), np.float64(84.89442109059334)), (np.float64(465.53825013927735), np.float64(1909.4337386034156), np.float64(81.92188044438102))]",-20.70066401598447,0.7195703097605625,6,0,0,1.3812495589313476,260.1513486345414
74,22.785699064580864,1394927.9003155823,0,76.66666666666667,47336.435322473015,10.0,708.5425565331863,0.0,0,100.0,"[(np.float64(1482.4634425975476), np.float64(1527.6789860953152), np.float64(109.43647764009108)), (np.float64(1201.0905310894534), np.float64(1717.90968985192), np.float64(83.32303617601502)), (np.float64(1848.9101973450465), np.float64(524.407712594811), np.float64(144.3008036424856)), (np.float64(1062.134054913706), np.float64(1566.5114053549546), np.float64(59.613270907186966)), (np.float64(949.7100217321592), np.float64(1552.9199376921902), np.float64(85.83245975210815)), (np.float64(468.47240896552535), np.float64(1910.9958033751536), np.float64(82.23529526842898))]",-20.70066401598447,0.7191099958993457,6,0,0,1.380941583650672,280.591139333742
75,22.792983700516608,1631971.6096273318,191,79.33333333333333,47594.88334446754,10.0,687.5176187496751,0.0,101.57068062827226,-491.3312693498453,"[(np.float64(1480.6900778333804), np.float64(1526.9465012833084), np.float64(108.35750055224663)), (np.float64(1200.2211925405259), np.float64(1715.579052169334), np.float64(84.47447254794152)), (np.float64(1848.5715266849093), np.float64(523.0543255964491), np.float64(145.32933035939436)), (np.float64(1061.1493134023774), np.float64(1565.8500022034555), np.float64(61.20261105518481)), (np.float64(945.30832355123), np.float64(1551.7886116565933), np.float64(88.85487000820287)), (np.float64(466.4380627736834), np.float64(1913.4240795002243), np.float64(79.12001733025123))]",-20.70066401598447,0.7186480486582933,6,0,0,1.385841723156476,327.1119923321274
76,22.601818835741852,1479575.148066062,2,77.33333333333333,47986.977828023315,10.0,687.5176187496751,0.0,150.0,93.80804953560371,"[(np.float64(1480.172045344449), np.float64(1527.7053011862968), np.float64(109.03921745388487)), (np.float64(1199.3289309550541), np.float64(1714.1671399032925), np.float64(83.85737054525391)), (np.float64(1848.4626977543905), np.float64(523.8406115395032), np.float64(143.86603041571755)), (np.float64(1062.0386053753393), np.float64(1562.436392869388), np.float64(58.15132466961192)), (np.float64(942.354157301318), np.float64(1552.5871872987373), np.float64(89.86377211577971)), (np.float64(468.2827813768835), np.float64(1912.7296578252844), np.float64(81.50831135868823))]",-20.70066401598447,0.7181876896008575,6,0,0,1.3810771723072952,297.5887987478585
77,22.60409007436545,1506678.6655093937,0,79.33333333333333,48351.81879413576,10.0,687.5176187496751,0.0,0,100.0,"[(np.float64(1476.9193657959047), np.float64(1525.677423221159), np.float64(110.07643156698866)), (np.float64(1202.1409949120339), np.float64(1709.869098780226), np.float64(79.83410231113811)), (np.float64(1850.7455638123085), np.float64(525.4651369912626), np.float64(144.94867358217073)), (np.float64(1060.7242823438678), np.float64(1557.229230574442), np.float64(58.99172532772343)), (np.float64(942.4533088526833), np.float64(1553.5520207545298), np.float64(90.12978278040508)), (np.float64(467.5988215120058), np.float64(1912.9186585729108), np.float64(84.48335058733845))]",-20.70066401598447,0.7177249501289026,6,0,0,1.3882184158653121,301.481270344272
78,22.693280314335478,1527602.4051988255,0,77.33333333333333,48695.68602055877,10.0,687.5176187496751,0.0,0,100.0,"[(np.float64(1478.541372093571), np.float64(1523.5020979792055), np.float64(110.85472833932384)), (np.float64(1198.2988596237187), np.float64(1711.3050241307906), np.float64(78.89774845465536)), (np.float64(1849.1585644952095), np.float64(524.2153759869182), np.float64(142.90814207285842)), (np.float64(1059.7271005442406), np.float64(1558.2801079322094), np.float64(62.965432835425496)), (np.float64(943.7412469260524), np.float64(1553.5192148648337), np.float64(91.41269980976466)), (np.float64(470.60599056805876), np.float64(1913.1709213448828), np.float64(83.38982347137262))]",-20.70066401598447,0.7172634411875145,6,0,0,1.3845268241638684,306.4830482431269
79,22.45554414445134,1514726.1928957785,1,77.0,49052.42945928483,10.0,687.5176187496751,0.0,0.0,96.90402476780186,"[(np.float64(1478.7126361596415), np.float64(1526.5161873637524), np.float64(112.7787093879465)), (np.float64(1201.0777406704433), np.float64(1711.327838364761), np.float64(80.39295964505368)), (np.float64(1847.928415272653), np.float64(524.9867841507842), np.float64(139.57816188340774)), (np.float64(1058.7326251369316), np.float64(1559.2265118687708), np.float64(61.77494148297816)), (np.float64(943.2235666077663), np.float64(1552.046385845532), np.float64(89.47770029856751)), (np.float64(474.7647184344027), np.float64(1915.460772640659), np.float64(82.16931514361094))]",-20.70066401598447,0.7168013791470783,6,0,0,1.3861861213087876,303.5359172454554
80,21.87086362377519,1377763.2428202387,188,77.0,49565.03584808645,10.0,687.5176187496751,0.0,102.65957446808511,-482.0433436532508,"[(np.float64(1479.8698450930456), np.float64(1524.0400781163457), np.float64(112.98162692304076)), (np.float64(1200.02990234848), np.float64(1713.19154543723), np.float64(82.56460025166122)), (np.float64(1847.8383073484808), np.float64(526.338730445481), np.float64(141.9146255517037)), (np.float64(1060.3634194115955), np.float64(1560.5111753709614), np.float64(64.737312069154)), (np.float64(941.4191042986668), np.float64(1553.357466825158), np.float64(86.60173954092943)), (np.float64(474.55051918067466), np.float64(1914.9352549745274), np.float64(81.96050882913589))]",-20.667188420544804,0.7163405373552357,6,0,0,1.3825253755277203,276.82096738978606
81,21.965065124608014,1428571.6691741722,2,73.33333333333333,50008.38381053411,10.0,687.5176187496751,0.0,150.0,93.80804953560371,"[(np.float64(1481.2513755118687), np.float64(1523.4017135399051), np.float64(116.40973524471325)), (np.float64(1204.1919827787788), np.float64(1709.4798245201569), np.float64(85.1711831362886)), (np.float64(1846.7058356785933), np.float64(525.0744044724343), np.float64(143.75280612884882)), (np.float64(1058.8162018213427), np.float64(1561.3639390017838), np.float64(60.370638238399394)), (np.float64(939.3013910710382), np.float64(1549.3534249812753), np.float64(81.55622625544093)), (np.float64(473.2179639520588), np.float64(1912.202740956284), np.float64(81.70712841163845))]",-20.667188420544804,0.7158746031752788,6,0,0,1.3978025398705607,283.8923612889121
82,22.78330489724199,1739126.3427150024,1,78.0,50140.72709944095,10.0,755.4863416667774,0.0,0.0,96.90402476780186,"[(np.float64(1478.8064321742536), np.float64(1522.9305001308153), np.float64(115.79921082435315)), (np.float64(1199.645633789801), np.float64(1710.851427943547), np.float64(85.33959495008492)), (np.float64(1843.5474388209198), np.float64(523.3288393392777), np.float64(143.8625164696373)), (np.float64(1056.8685450760995), np.float64(1559.8314770649313), np.float64(60.7996970820704)), (np.float64(938.2920557187039), np.float64(1548.8234112298114), np.float64(80.70533502746555)), (np.float64(472.0635957588022), np.float64(1907.9069449578756), np.float64(83.32018127448792))]",-20.667188420544804,0.7154148207889465,6,0,0,1.3793471589968727,350.231374025879
83,21.928658860414735,1380252.429099602,2,75.0,50632.34430196318,10.0,721.0339569278304,0.0,100.0,93.80804953560371,"[(np.float64(1480.77809678712), np.float64(1523.188687233557), np.float64(117.8097538820282)), (np.float64(1199.0735921497378), np.float64(1711.056807801362), np.float64(84.41475383369513)), (np.float64(1843.8944090738648), np.float64(523.9610843903719), np.float64(146.01625340342807)), (np.float64(1056.7296747945431), np.float64(1560.6782740041326), np.float64(61.9645635092226)), (np.float64(938.0782471420222), np.float64(1545.8879809237924), np.float64(78.23261592498129)), (np.float64(468.6290457975289), np.float64(1907.8165469504709), np.float64(84.04107574696658))]",-20.667188420544804,0.7149547373051198,6,0,0,1.380250451480153,277.77817577709396
84,22.216836150864182,1515157.097084171,0,77.0,50988.856836500854,10.0,687.5176187496751,0.0,0,100.0,"[(np.float64(1479.9955217706347), np.float64(1520.4246379998517), np.float64(118.99972157337544)), (np.float64(1196.728478315236), np.float64(1711.9133445267735), np.float64(83.85292455009407)), (np.float64(1842.3449520193585), np.float64(527.5934838596077), np.float64(150.0)), (np.float64(1052.86119498832), np.float64(1558.2335524472928), np.float64(63.08748446992722)), (np.float64(933.2955564836444), np.float64(1545.7604457294894), np.float64(79.58904358702792)), (np.float64(464.94004613124963), np.float64(1908.3794858244883), np.float64(81.0239397153535))]",-20.667188420544804,0.7144905343133711,6,0,0,1.3926089752459594,302.22192940982256
85,21.710837779559846,1426635.5209613966,183,75.33333333333333,51452.19094716132,10.0,687.5176187496751,0.0,101.63934426229508,-466.56346749226014,"[(np.float64(1477.7751318529972), np.float64(1518.7483630490053), np.float64(121.09158418088892)), (np.float64(1196.822985294008), np.float64(1712.34550726776), np.float64(83.90087665119574)), (np.float64(1843.3832249308339), np.float64(526.6770273022505), np.float64(148.18190207821254)), (np.float64(1051.4108294920002), np.float64(1556.880175723039), np.float64(63.11444882057333)), (np.float64(932.0018260517434), np.float64(1545.1023466034742), np.float64(82.29868608131802)), (np.float64(466.4770677814704), np.float64(1904.6078540764327), np.float64(80.61469714074987))]",-20.667188420544804,0.7140311018214703,6,0,0,1.3782974757023536,287.5196767733748
86,21.572536190163564,1513420.2839545559,2,76.0,51810.590294828595,10.0,687.5176187496751,0.0,100.0,93.80804953560371,"[(np.float64(1476.4544904460759), np.float64(1518.2954213692005), np.float64(120.09101159226175)), (np.float64(1196.1221276051797), np.float64(1713.0000811754583), np.float64(81.55132555581449)), (np.float64(1843.1436700516442), np.float64(525.2656567218683), np.float64(146.22055373338654)), (np.float64(1053.5715955856963), np.float64(1560.9196727649494), np.float64(60.367620702497234)), (np.float64(927.9860499669721), np.float64(1543.9549445319683), np.float64(78.31386957980027)), (np.float64(465.12827337167084), np.float64(1902.5074874804343), np.float64(81.61303852454411))]",-20.667188420544804,0.7135681084325918,6,0,0,1.388980166635764,302.66416570867506
87,21.8657953062919,1570304.3109234574,2,76.66666666666667,52112.105615526976,10.0,687.5176187496751,0.0,100.0,93.80804953560371,"[(np.float64(1474.7194154492827), np.float64(1513.9706143688666), np.float64(120.24906549923193)), (np.float64(1193.1379201241812), np.float64(1713.574873044552), np.float64(80.46341254746086)), (np.float64(1843.2280460961867), np.float64(524.5543292185343), np.float64(148.01886295961245)), (np.float64(1057.1416161442125), np.float64(1559.2103743701457), np.float64(61.19374038853325)), (np.float64(928.0761358253221), np.float64(1544.1655972389165), np.float64(74.14460012661219)), (np.float64(462.8772631909893), np.float64(1903.103496002619), np.float64(78.08844163940093))]",-20.667188420544804,0.7131058293137066,6,0,0,1.386837356655995,314.52544873391446
88,21.50593675590544,1455107.4826407414,2,75.33333333333333,52529.01776450807,10.0,687.5176187496751,0.0,0.0,93.80804953560371,"[(np.float64(1473.4654650777343), np.float64(1515.2077371290684), np.float64(120.3163880597018)), (np.float64(1199.5327717392481), np.float64(1715.7586135256574), np.float64(79.15680851166049)), (np.float64(1845.175007543206), np.float64(526.0898246743398), np.float64(148.4653242975121)), (np.float64(1055.5133492782538), np.float64(1557.3202959846979), np.float64(62.92395818387535)), (np.float64(928.0525303962451), np.float64(1545.3825877057038), np.float64(72.90928200708535)), (np.float64(463.27875457926524), np.float64(1906.811105507944), np.float64(82.67424951620296))]",-20.667188420544804,0.7126435906184189,6,0,0,1.3867160858633039,291.4774892108704
89,21.25912602404873,1345278.6493689436,0,75.33333333333333,53055.75874676097,10.0,687.5176187496751,0.0,0,100.0,"[(np.float64(1469.6788433441116), np.float64(1516.0802187503164), np.float64(120.65810803243409)), (np.float64(1201.1533172841891), np.float64(1714.062054073787), np.float64(79.5216017363937)), (np.float64(1846.1799839382613), np.float64(523.100235416429), np.float64(149.18757346724806)), (np.float64(1058.3264111070455), np.float64(1559.2700576794984), np.float64(62.76593775248086)), (np.float64(928.6837350013242), np.float64(1545.9953509950826), np.float64(76.4357293911618)), (np.float64(465.27197325987976), np.float64(1908.2326359186886), np.float64(83.33134548409912))]",-20.667188420544804,0.7121836590047739,6,0,0,1.3797948409346437,270.8290411206834
90,21.47577992663495,1491746.5969786881,181,75.33333333333333,53453.83178140415,10.0,687.5176187496751,0.0,100.0,-460.37151702786383,"[(np.float64(1467.465068166055), np.float64(1514.0488323117352), np.float64(120.60474143524868)), (np.float64(1197.7855051228362), np.float64(1713.2992556468148), np.float64(76.70984904019271)), (np.float64(1846.511769007693), np.float64(522.6279423637015), np.float64(150.0)), (np.float64(1061.120773409937), np.float64(1557.0974331346695), np.float64(62.41281541367529)), (np.float64(928.2846950610927), np.float64(1544.5005927768407), np.float64(77.48807961774895)), (np.float64(466.66667210377545), np.float64(1907.8503070762456), np.float64(85.07739833934374))]",-20.550711427654388,0.7117239508112233,6,0,0,1.379124580651712,300.4616555528927
91,21.4139865146307,1454233.3137902603,2,75.33333333333333,53871.768099235735,10.0,687.5176187496751,0.0,100.0,93.80804953560371,"[(np.float64(1470.0944329581237), np.float64(1512.6350240771649), np.float64(120.7611445625505)), (np.float64(1197.4209081355812), np.float64(1715.4315640203963), np.float64(78.22194376617203)), (np.float64(1848.0525880547652), np.float64(525.7134348502575), np.float64(150.0)), (np.float64(1059.5177689075947), np.float64(1557.920434734454), np.float64(59.016374009555406)), (np.float64(927.3801477522279), np.float64(1546.1022323193213), np.float64(79.86568504239287)), (np.float64(466.5568018283175), np.float64(1906.7315096390046), np.float64(87.67291443548034))]",-20.550711427654388,0.7112628138463375,6,0,0,1.3834108946577162,291.99834975639584
92,21.963608933616765,1629702.2523144875,0,77.0,54113.88547854309,10.0,687.5176187496751,0.0,0,100.0,"[(np.float64(1472.9195991538047), np.float64(1513.9913803955665), np.float64(118.90962213940334)), (np.float64(1196.8721984344097), np.float64(1716.9269908655679), np.float64(80.09436286943912)), (np.float64(1847.250800805935), np.float64(526.1300789757288), np.float64(147.0846527292149)), (np.float64(1063.5534657789444), np.float64(1555.4376268558701), np.float64(59.298489084444675)), (np.float64(923.9692557160272), np.float64(1546.7167354746068), np.float64(79.57364325954688)), (np.float64(467.517287034863), np.float64(1906.0406015231833), np.float64(85.9624693161516))]",-20.550711427654388,0.7108017330749319,6,0,0,1.3832423142162864,327.27098168902126
93,21.321788904946935,1387409.576886904,0,76.66666666666667,54598.545533278026,10.0,687.5176187496751,0.0,0,100.0,"[(np.float64(1467.6418439760635), np.float64(1516.1651476473346), np.float64(119.90470319605026)), (np.float64(1195.068820769393), np.float64(1715.0395813090938), np.float64(79.05870296519362)), (np.float64(1846.08697731847), np.float64(524.003415696833), np.float64(147.984092653281)), (np.float64(1063.7204119440032), np.float64(1558.4324679340248), np.float64(58.286108404307264)), (np.float64(926.2621156093471), np.float64(1545.4876874266859), np.float64(79.5270307602871)), (np.float64(465.3187155524531), np.float64(1902.5768958919432), np.float64(88.19827195370435))]",-20.550711427654388,0.7103403938708306,6,0,0,1.384017612304199,278.45855840925833
94,21.72462767844492,1566185.2186682073,0,76.0,54904.27994623166,10.0,687.5176187496751,0.0,0,100.0,"[(np.float64(1468.826531554932), np.float64(1515.8750526677593), np.float64(120.56026052743204)), (np.float64(1197.7109746183912), np.float64(1711.6236403865842), np.float64(77.44959956513468)), (np.float64(1845.2780975769256), np.float64(520.9407751964504), np.float64(147.0814413041717)), (np.float64(1058.9248750243878), np.float64(1556.2753828821753), np.float64(55.89444960281636)), (np.float64(925.3033321977397), np.float64(1545.4022570386821), np.float64(80.3447132288901)), (np.float64(466.444704763599), np.float64(1902.9444260716173), np.float64(86.48706278231916))]",-20.550711427654388,0.7098793963656718,6,0,0,1.3829925154764087,314.57252643207005
95,21.36381091529921,1575717.4111768648,179,76.33333333333333,55218.33216667666,10.0,687.5176187496751,0.0,101.1173184357542,-454.1795665634676,"[(np.float64(1468.062281680759), np.float64(1515.962755773468), np.float64(119.522562120879)), (np.float64(1199.599302835435), np.float64(1709.0222419140125), np.float64(75.02436085120371)), (np.float64(1846.5501466591782), np.float64(522.3999256522599), np.float64(149.33459053806519)), (np.float64(1059.2759740902218), np.float64(1557.6138422792862), np.float64(56.50982022834397)), (np.float64(924.2842227527191), np.float64(1545.1028796781936), np.float64(78.46160500563748)), (np.float64(467.55370331628205), np.float64(1901.4490823647761), np.float64(84.2178778359756))]",-20.550711427654388,0.7094189241205333,6,0,0,1.381416735415261,316.84810938017756
96,21.411877602706006,1586555.0622302194,0,74.66666666666667,55503.696736068276,10.0,687.5176187496751,0.0,0,100.0,"[(np.float64(1469.5900803116817), np.float64(1516.8815973706844), np.float64(118.77647706404046)), (np.float64(1202.3383969917684), np.float64(1709.0699662379782), np.float64(76.20059585926165)), (np.float64(1845.4320030084184), np.float64(521.9545177531845), np.float64(147.81274344845332)), (np.float64(1060.479841795491), np.float64(1559.4800171507925), np.float64(55.133252286536084)), (np.float64(921.7729036109068), np.float64(1544.4749948035867), np.float64(80.64564405984333)), (np.float64(467.7707413721789), np.float64(1905.0252715207314), np.float64(84.41611519019757))]",-20.550711427654388,0.7089588899208037,6,0,0,1.3801025991887832,319.33114231321724
97,21.490610545574956,1531676.0084203063,4,75.0,55843.99035926981,10.0,687.5176187496751,0.0,25.0,87.61609907120743,"[(np.float64(1470.9803611850264), np.float64(1518.8226857674458), np.float64(120.02545111258311)), (np.float64(1201.3634498664687), np.float64(1708.7796482998588), np.float64(75.33010455937283)), (np.float64(1846.0139982102946), np.float64(522.766947412374), np.float64(148.43496774094308)), (np.float64(1059.1820512874062), np.float64(1562.4080048608162), np.float64(56.8170971153241)), (np.float64(922.3526791359558), np.float64(1544.4235120413903), np.float64(81.54285572367169)), (np.float64(464.27555427237866), np.float64(1903.9656754525145), np.float64(83.26531746493882))]",-20.550711427654388,0.7084998258849198,6,0,0,1.3771921076519162,308.936970761428
98,21.626939624158446,1640749.7075505308,0,73.33333333333333,56075.060283341125,10.0,687.5176187496751,0.0,0,100.0,"[(np.float64(1469.8243564675374), np.float64(1515.8249742719875), np.float64(119.70346831560722)), (np.float64(1197.556437819554), np.float64(1707.0884219721124), np.float64(75.41168020292582)), (np.float64(1846.2209560740491), np.float64(523.6014052217155), np.float64(150.0)), (np.float64(1059.0335905739678), np.float64(1563.0058192590984), np.float64(56.95882317004166)), (np.float64(923.6789920611113), np.float64(1546.149136234305), np.float64(79.50463794506906)), (np.float64(462.3815738576553), np.float64(1900.626798293777), np.float64(83.37457385092102))]",-20.550711427654388,0.7080409465043985,6,0,0,1.3766381415635234,331.0701584479486
99,20.641276771440545,1186863.6204124938,1,72.33333333333334,56760.46629455048,10.0,687.5176187496751,0.0,0.0,96.90402476780186,"[(np.float64(1469.345316529808), np.float64(1512.025949260588), np.float64(120.35462070191328)), (np.float64(1197.2187107299592), np.float64(1705.2961793011855), np.float64(77.57464903603538)), (np.float64(1843.478864244178), np.float64(520.1410612556676), np.float64(148.00138208203856)), (np.float64(1054.6699910787647), np.float64(1559.516607888947), np.float64(54.22156566652568)), (np.float64(923.4693631556814), np.float64(1544.0548422007253), np.float64(79.26561211367847)), (np.float64(460.4979076870062), np.float64(1899.8461209692837), np.float64(84.20287173735035))]",-20.550711427654388,0.7075786795400226,6,0,0,1.3868008931281524,237.7301173060355
100,21.421247319613542,1625149.417995705,178,74.0,57024.936508176645,10.0,687.5176187496751,0.0,101.12359550561798,-451.0835913312694,"[(np.float64(1471.4496991357053), np.float64(1512.937799955606), np.float64(121.15238075080599)), (np.float64(1195.9523283477074), np.float64(1705.814804958009), np.float64(80.00545052037529)), (np.float64(1843.2875060239667), np.float64(521.0317746279677), np.float64(146.05922589010777)), (np.float64(1056.7125964912186), np.float64(1562.364286642568), np.float64(55.652403090089955)), (np.float64(924.2373552574915), np.float64(1545.3505693775005), np.float64(76.85368958974443)), (np.float64(464.8005926040913), np.float64(1899.0791206127012), np.float64(81.80038198497017))]",-20.89338243448984,0.7071167404287496,6,0,0,1.3858173338184654,325.7502867595324
101,21.697332095115023,1740810.8800499886,1,76.66666666666667,57156.09525974849,10.0,687.5176187496751,0.0,0.0,96.90402476780186,"[(np.float64(1468.1601537198646), np.float64(1514.5802186043602), np.float64(120.9901805193972)), (np.float64(1193.3589261236489), np.float64(1705.763701335097), np.float64(78.41360931578414)), (np.float64(1846.5327940396135), np.float64(522.2654969537319), np.float64(145.8140071722977)), (np.float64(1059.5334340630466), np.float64(1566.5082630615127), np.float64(59.60493274183204)), (np.float64(926.4071960897538), np.float64(1544.9628814014845), np.float64(77.7035487790989)), (np.float64(464.1022051745299), np.float64(1901.6248262003126), np.float64(83.08679299713025))]",-20.89338243448984,0.7066547738794418,6,0,0,1.3858996479237915,348.91312550376927
102,21.392636033131463,1583377.4316161997,1,75.66666666666667,57444.88745975413,10.0,687.5176187496751,0.0,0.0,96.90402476780186,"[(np.float64(1466.1739922701797), np.float64(1513.7024894082022), np.float64(122.0765768330296)), (np.float64(1193.2313482463992), np.float64(1704.0928101983086), np.float64(78.52417838979915)), (np.float64(1845.497177276708), np.float64(525.3136914332086), np.float64(145.1203436360066)), (np.float64(1059.1312338029406), np.float64(1565.6199725495317), np.float64(60.475968218043974)), (np.float64(926.2906238989289), np.float64(1544.486642581053), np.float64(76.52114590850411)), (np.float64(464.15641386669483), np.float64(1904.7010955006306), np.float64(82.60680143097646))]",-20.89338243448984,0.7061967232930851,6,0,0,1.3741517590699601,320.07168162817226
103,20.814787040881654,1368014.7719453864,3,74.0,57949.192319430585,10.0,687.5176187496751,0.0,0.0,90.71207430340557,"[(np.float64(1465.6497976771855), np.float64(1511.0262000850096), np.float64(124.913555391761)), (np.float64(1194.3268497325805), np.float64(1702.8371063547456), np.float64(77.68956008786412)), (np.float64(1839.696811312768), np.float64(522.2989505102647), np.float64(144.45904708587753)), (np.float64(1056.8895764013766), np.float64(1564.6108591310935), np.float64(61.17068183799962)), (np.float64(924.7132585358557), np.float64(1540.7581383970796), np.float64(79.13368158769042)), (np.float64(463.8797886000722), np.float64(1906.906185804776), np.float64(81.70017057469053))]",-20.89338243448984,0.7057345276423296,6,0,0,1.3865869522662366,274.05717520786163
104,20.926220458145853,1427414.6543287202,0,74.33333333333333,58393.99729672371,10.0,687.5176187496751,0.0,0,100.0,"[(np.float64(1463.725823994058), np.float64(1510.1633023469128), np.float64(128.32311756272247)), (np.float64(1190.9495091300657), np.float64(1701.294852642614), np.float64(77.35422135168476)), (np.float64(1840.9756901868982), np.float64(525.2039715137664), np.float64(144.81425863281135)), (np.float64(1057.4881247735427), np.float64(1566.6078577011153), np.float64(65.42629931857145)), (np.float64(924.8841353242127), np.float64(1542.2915442451324), np.float64(77.3985260081023)), (np.float64(458.1117022066826), np.float64(1905.2924461702605), np.float64(80.91943724693213))]",-20.89338243448984,0.7052715465042807,6,0,0,1.3889434141469494,285.47172376377085
105,21.11669859381416,1710153.5345302636,177,76.33333333333333,58573.4633938153,10.0,687.5176187496751,0.0,101.69491525423729,-447.9876160990712,"[(np.float64(1464.3675396921533), np.float64(1512.642930270668), np.float64(125.28847101392753)), (np.float64(1191.027474113447), np.float64(1702.3645813715546), np.float64(76.87655907781895)), (np.float64(1837.945633725651), np.float64(524.931961163358), np.float64(145.9679245120436)), (np.float64(1056.2382256455815), np.float64(1570.53099721481), np.float64(64.62207686607222)), (np.float64(926.5435180602088), np.float64(1546.0864400889875), np.float64(76.74424744340394)), (np.float64(461.5104483140489), np.float64(1906.7392420952615), np.float64(81.33907668198526))]",-20.89338243448984,0.7048105642471181,6,0,0,1.3829467714880497,343.50031271954396
106,20.6967336794145,1572345.205164044,0,73.0,58873.3378202731,10.0,687.5176187496751,0.0,0,100.0,"[(np.float64(1461.5861425334888), np.float64(1512.7181545598362), np.float64(120.43669355579995)), (np.float64(1192.3912861571198), np.float64(1699.6509563583857), np.float64(73.58134774738184)), (np.float64(1834.8409430003815), np.float64(523.6809487864483), np.float64(149.3822230702907)), (np.float64(1056.230950906212), np.float64(1571.515714675319), np.float64(65.08696969014854)), (np.float64(928.7534494689063), np.float64(1544.7577875438515), np.float64(75.74329863754501)), (np.float64(461.0700755964141), np.float64(1904.2917789153898), np.float64(84.28102703595796))]",-20.89338243448984,0.7043461664793315,6,0,0,1.3931933033595492,313.4974564813096
107,20.35975379999179,1381650.4709668143,1,74.33333333333333,59364.15698092812,10.0,687.5176187496751,0.0,0.0,96.90402476780186,"[(np.float64(1461.536888226979), np.float64(1509.7365252651214), np.float64(123.74661098569824)), (np.float64(1190.2669289037065), np.float64(1695.6939311331375), np.float64(71.66673441127114)), (np.float64(1837.0509303768556), np.float64(523.1825198618652), np.float64(150.0)), (np.float64(1055.3914414855487), np.float64(1571.4929328625306), np.float64(66.57785756037076)), (np.float64(929.5913369368162), np.float64(1544.4838376247274), np.float64(73.84521890604547)), (np.float64(459.88345026107487), np.float64(1906.1522751869763), np.float64(83.98885509173884))]",-20.89338243448984,0.7038851833665799,6,0,0,1.3829493382542473,277.51688863400994
108,20.70832266412864,1468613.1143379642,0,74.66666666666667,59767.96349821199,10.0,835.5192256677684,0.0,0,100.0,"[(np.float64(1461.4330360393576), np.float64(1510.3909171402763), np.float64(124.24147772634441)), (np.float64(1194.470883246045), np.float64(1695.1985985628914), np.float64(71.34420603383728)), (np.float64(1833.600880483472), np.float64(522.7477842769772), np.float64(149.4537906508613)), (np.float64(1057.406210850794), np.float64(1574.0716219914164), np.float64(66.36215664561648)), (np.float64(928.0570275053022), np.float64(1543.9092910416448), np.float64(71.59584780508895)), (np.float64(460.19426795022076), np.float64(1906.1365122178838), np.float64(85.12018931771031))]",-20.89338243448984,0.7034263329064125,6,0,0,1.3765513805023857,296.35514743170467
109,20.874427777828085,1677899.2238921402,1,74.0,59962.183905941696,10.0,687.5176187496751,0.0,0.0,96.90402476780186,"[(np.float64(1462.0590475710321), np.float64(1509.4881380022828), np.float64(129.38774814508145)), (np.float64(1196.140683241791), np.float64(1695.5515474379872), np.float64(70.7571934881448)), (np.float64(1838.4967656714828), np.float64(522.8199974984884), np.float64(150.0)), (np.float64(1059.604184030065), np.float64(1577.1689986890513), np.float64(65.41422297393062)), (np.float64(930.0933522985171), np.float64(1543.4360381603362), np.float64(71.33056032600842)), (np.float64(458.78784615847013), np.float64(1909.1252285030594), np.float64(88.67303594959084))]",-20.89338243448984,0.7029637488331586,6,0,0,1.3877522197621608,335.85470886704553
110,19.787339792172496,1380677.4902303305,175,72.66666666666667,60471.176047333225,10.0,687.5176187496751,0.0,102.85714285714285,-441.79566563467495,"[(np.float64(1461.3143050760466), np.float64(1509.938525434648), np.float64(133.9926746123463)), (np.float64(1191.9803288790752), np.float64(1695.1329393054698), np.float64(69.1557747524808)), (np.float64(1837.2958697601575), np.float64(523.2576840220719), np.float64(146.8883623535439)), (np.float64(1055.9933285988343), np.float64(1577.2386048674641), np.float64(66.2064671640039)), (np.float64(931.3510623586477), np.float64(1543.5250288927161), np.float64(74.01762101532424)), (np.float64(456.35651320628125), np.float64(1909.0185901959492), np.float64(92.24986569632973))]",-20.8000801754765,0.7024996026892752,6,0,0,1.3924384316501754,275.43158558864985
111,20.27019560328479,1522869.211254591,0,74.0,60820.92646770048,10.0,687.5176187496751,0.0,0,100.0,"[(np.float64(1461.170807238316), np.float64(1512.889384260698), np.float64(136.19960154442464)), (np.float64(1192.3110996371797), np.float64(1691.0873238164982), np.float64(69.03130538612156)), (np.float64(1835.7932374531067), np.float64(519.0741160865558), np.float64(148.9076110959154)), (np.float64(1059.2647022071314), np.float64(1577.7819081492853), np.float64(66.08640846870175)), (np.float64(931.899750083399), np.float64(1543.6823335218392), np.float64(70.52400684594716)), (np.float64(459.7770609037526), np.float64(1910.868711652109), np.float64(90.47325210619337))]",-20.8000801754765,0.7020369723000691,6,0,0,1.387891167618487,304.7927929928148
112,19.92682512408914,1421960.0450331345,0,72.66666666666667,61271.58605428919,10.0,687.5176187496751,0.0,0,100.0,"[(np.float64(1461.3339551463478), np.float64(1512.1711969819728), np.float64(137.84613230561772)), (np.float64(1194.5791952964198), np.float64(1691.4468067210287), np.float64(66.24024426083427)), (np.float64(1832.9379761041855), np.float64(516.2399488787757), np.float64(148.20101823044163)), (np.float64(1058.7793726174523), np.float64(1580.7506333608028), np.float64(66.13180172575866)), (np.float64(936.8233802990663), np.float64(1542.611389350017), np.float64(69.73644979347176)), (np.float64(459.8785780268433), np.float64(1911.153886455462), np.float64(90.62952388216512))]",-20.8000801754765,0.7015770756630445,6,0,0,1.3796899110735585,286.28817115198433
113,20.53231722863916,1609323.179209887,3,74.33333333333333,61534.73250670114,10.0,687.5176187496751,0.0,33.33333333333333,90.71207430340557,"[(np.float64(1459.0916071371464), np.float64(1510.601910710521), np.float64(136.1610740241152)), (np.float64(1198.2179831717951), np.float64(1690.776613647752), np.float64(65.048973800918)), (np.float64(1829.1511968055436), np.float64(517.06685873386), np.float64(150.0)), (np.float64(1058.4846679644556), np.float64(1578.2861175755659), np.float64(65.0582086242636)), (np.float64(941.3141995666441), np.float64(1546.6245711520783), np.float64(70.37131457654421)), (np.float64(458.90537914496457), np.float64(1906.7610360130554), np.float64(94.08893624857201))]",-20.8000801754765,0.701113263889653,6,0,0,1.3914353201746839,321.27559935094155
114,20.861735839740117,1786623.032574367,0,74.33333333333333,61620.2791057486,10.0,687.5176187496751,0.0,0,100.0,"[(np.float64(1459.2703819125488), np.float64(1512.4942950207098), np.float64(137.0712013311113)), (np.float64(1201.1835424944636), np.float64(1691.9144646716056), np.float64(65.84034390387716)), (np.float64(1827.5915004740539), np.float64(516.5042580872924), np.float64(150.0)), (np.float64(1056.080563199287), np.float64(1582.2534926475382), np.float64(66.800408225687)), (np.float64(940.2146120126295), np.float64(1547.7861955741528), np.float64(71.2275025335158)), (np.float64(458.95076687000545), np.float64(1908.3337023809215), np.float64(96.46628777438686))]",-20.8000801754765,0.7006533539615586,6,0,0,1.3797297842833158,359.69664594353225
115,20.02188523333785,1499371.7495533952,172,72.66666666666667,62010.52698781708,10.0,687.5176187496751,0.0,101.16279069767442,-432.50773993808053,"[(np.float64(1455.9820982080203), np.float64(1511.376180832903), np.float64(138.08632931407652)), (np.float64(1205.1848126757168), np.float64(1691.9447434484202), np.float64(67.64045443155409)), (np.float64(1826.7743293346323), np.float64(517.9361489663178), np.float64(149.31130696299218)), (np.float64(1053.8397026829816), np.float64(1585.0963738747728), np.float64(67.00825228905086)), (np.float64(942.3278932394303), np.float64(1551.7317074009104), np.float64(71.30924111030724)), (np.float64(458.5717202096907), np.float64(1905.442320665208), np.float64(96.16013898827741))]",-20.8000801754765,0.700193085124992,6,0,0,1.3808065096995235,301.6296271259277
116,20.2654110185836,1621283.700848884,0,73.33333333333333,62261.66291859004,10.0,687.5176187496751,0.0,0,100.0,"[(np.float64(1455.0609155500076), np.float64(1510.761436483216), np.float64(135.2774567990764)), (np.float64(1204.5153187027875), np.float64(1691.279434637093), np.float64(67.6754244767053)), (np.float64(1827.5540028953708), np.float64(518.738786814437), np.float64(148.19726390219242)), (np.float64(1052.5251465697845), np.float64(1586.001294686937), np.float64(65.91188575243677)), (np.float64(942.252505127899), np.float64(1548.9989978699612), np.float64(72.73015093435869)), (np.float64(460.66937114909877), np.float64(1907.493796018913), np.float64(94.32212896217219))]",-20.8000801754765,0.6997335603168816,6,0,0,1.3785744243311138,326.6828222115379
117,20.76906300561731,1756424.9879128204,0,74.33333333333333,62377.60756229906,10.0,687.5176187496751,0.0,0,100.0,"[(np.float64(1454.8439873488521), np.float64(1509.6218784796447), np.float64(136.26429949709706)), (np.float64(1206.4902659085585), np.float64(1689.8611702025717), np.float64(65.0868249754152)), (np.float64(1829.2719050524327), np.float64(516.4385981618844), np.float64(146.33431470700157)), (np.float64(1050.1758659050265), np.float64(1586.632662723744), np.float64(62.539748856619084)), (np.float64(943.4960257278464), np.float64(1548.9529843928215), np.float64(73.63843177705364)), (np.float64(461.6055619080507), np.float64(1908.1617176920577), np.float64(90.98732856996331))]",-20.8000801754765,0.6992716032562405,6,0,0,1.3858711819233,352.04991368583467
118,20.545701438506125,1681514.271018619,2,73.66666666666667,62568.46292290228,10.0,687.5176187496751,0.0,100.0,93.80804953560371,"[(np.float64(1453.8890570872352), np.float64(1513.9110925901596), np.float64(135.6078721520878)), (np.float64(1209.7564802526895), np.float64(1688.9053976584469), np.float64(61.39308134614329)), (np.float64(1828.7463460320696), np.float64(520.677332313458), np.float64(146.85645066118497)), (np.float64(1048.0295168315135), np.float64(1590.0447520006976), np.float64(63.24025329009963)), (np.float64(943.4438575116413), np.float64(1549.2569753996484), np.float64(71.33338924756421)), (np.float64(464.55259781986547), np.float64(1904.9112881984722), np.float64(91.84148901476537))]",-20.8000801754765,0.698809006328507,6,0,0,1.3877907832010012,336.56895777028745
119,20.08871968567874,1403845.398274017,2,74.33333333333333,63037.287156250095,10.0,687.5176187496751,0.0,50.0,93.80804953560371,"[(np.float64(1454.627700283133), np.float64(1517.0100318137834), np.float64(136.82575445361002)), (np.float64(1210.7350516906465), np.float64(1692.011392771538), np.float64(66.01776735872002)), (np.float64(1825.430790049882), np.float64(521.7185057952013), np.float64(147.87125686466447)), (np.float64(1046.7460118349102), np.float64(1590.0062989941732), np.float64(62.56668855658982)), (np.float64(944.9534343107638), np.float64(1550.0577190356137), np.float64(70.46505938293618)), (np.float64(467.2718411848972), np.float64(1903.3268597109802), np.float64(88.35034398842652))]",-20.8000801754765,0.6983462633115279,6,0,0,1.3882290509367847,280.9025317637393
120,20.754210649871748,1640605.3917943912,170,75.66666666666667,63286.05139607756,10.0,687.5176187496751,0.0,101.17647058823529,-426.3157894736843,"[(np.float64(1455.098596766213), np.float64(1513.2196699617787), np.float64(136.15960338980386)), (np.float64(1209.6487794639256), np.float64(1689.0186271895036), np.float64(66.78691458345551)), (np.float64(1823.9681731398762), np.float64(520.0811905899117), np.float64(147.48265514176688)), (np.float64(1041.103862408827), np.float64(1589.13662946483), np.float64(63.272471602231334)), (np.float64(945.3185905166022), np.float64(1546.7455523502063), np.float64(73.74908346366703)), (np.float64(467.26673569403084), np.float64(1904.2885607103049), np.float64(89.11365859083065))]",-20.89381475234007,0.6978851068664146,6,0,0,1.383469335340186,329.40644819628545
121,20.86239593122434,1678835.2844483675,0,74.33333333333333,63479.48574325102,10.0,687.5176187496751,0.0,0,100.0,"[(np.float64(1452.8949623477122), np.float64(1512.1641681140854), np.float64(136.7494346934044)), (np.float64(1209.0793588642864), np.float64(1686.1499974872488), np.float64(71.01962590633026)), (np.float64(1821.8819098054923), np.float64(518.584410300999), np.float64(148.03930399778295)), (np.float64(1038.3823496972495), np.float64(1590.90051279858), np.float64(65.79843104084141)), (np.float64(944.3741365479513), np.float64(1548.3685100772161), np.float64(72.20811857127873)), (np.float64(467.7743174249576), np.float64(1909.5321350193915), np.float64(90.53588441082302))]",-20.89381475234007,0.6974222072803169,6,0,0,1.3886987582929977,335.8130276880384
122,20.490061001657978,1507569.0963447427,0,75.0,63844.38627852811,10.0,745.0961632061419,0.0,0,100.0,"[(np.float64(1453.6998626349032), np.float64(1510.7998297006352), np.float64(137.33637352924163)), (np.float64(1205.9157202895872), np.float64(1687.2010023935522), np.float64(71.03513749765646)), (np.float64(1822.2057276758417), np.float64(522.7901246756561), np.float64(149.59802571391137)), (np.float64(1036.6549498756685), np.float64(1594.0241046915912), np.float64(66.42295432953534)), (np.float64(945.6477527627343), np.float64(1548.7563541288218), np.float64(71.85744395141496)), (np.float64(467.7262216688365), np.float64(1908.5423470660342), np.float64(91.51506737875948))]",-20.89381475234007,0.6969633498158642,6,0,0,1.3765723933581087,304.21152962941517
123,19.841732419776378,1376168.2386508116,0,71.0,64340.73767149914,10.0,687.5176187496751,0.0,0,100.0,"[(np.float64(1451.962253915552), np.float64(1510.7710554840778), np.float64(135.24941228973597)), (np.float64(1206.1057264143053), np.float64(1684.6914293430043), np.float64(74.50095354691257)), (np.float64(1820.679316466613), np.float64(523.7318241781529), np.float64(149.26557777879756)), (np.float64(1036.4997180154685), np.float64(1594.278110525114), np.float64(68.44279062316542)), (np.float64(944.0006386972158), np.float64(1547.8743835386383), np.float64(73.34027033912366)), (np.float64(466.58211637525), np.float64(1907.776511101651), np.float64(89.3132687760238))]",-20.89381475234007,0.696502542287066,6,0,0,1.3824225863946,276.5210572678431
124,20.765885240821373,1683557.483156842,1,74.0,64529.54981996413,10.0,687.5176187496751,0.0,100.0,96.90402476780186,"[(np.float64(1451.6110594454963), np.float64(1507.3671304178847), np.float64(136.29241883523682)), (np.float64(1207.6801617037074), np.float64(1686.1123632737172), np.float64(74.60976554377638)), (np.float64(1823.728772273438), np.float64(526.5356348368633), np.float64(146.26778612001544)), (np.float64(1036.1773807493764), np.float64(1593.9434216580376), np.float64(66.13428293358433)), (np.float64(940.7620905070637), np.float64(1549.1699828083947), np.float64(70.45836431190037)), (np.float64(461.778189989615), np.float64(1906.811579249002), np.float64(90.1417955702816))]",-20.89381475234007,0.6960399074068072,6,0,0,1.3879046407762172,336.95027935846474
125,20.89494100449662,1703478.1383112727,169,74.0,64715.24131327472,10.0,687.5176187496751,0.0,100.0,-423.21981424148606,"[(np.float64(1449.9013514843093), np.float64(1506.396526833553), np.float64(140.84278958312575)), (np.float64(1209.570242579197), np.float64(1687.3326529158944), np.float64(73.79326650268564)), (np.float64(1822.1677139636301), np.float64(528.8506435722625), np.float64(146.29023507103435)), (np.float64(1036.6692550194364), np.float64(1594.3551636884772), np.float64(66.90572641349024)), (np.float64(938.8161865156726), np.float64(1553.0075231679355), np.float64(69.1712425175802)), (np.float64(461.80105318191164), np.float64(1905.3318725799134), np.float64(92.69264397835755))]",-20.89381475234007,0.6955787694767054,6,0,0,1.3834137903054704,342.0439893465621
126,21.269425786423902,1836719.1137312618,1,76.33333333333333,64750.691831165284,10.0,687.5176187496751,0.0,0.0,96.90402476780186,"[(np.float64(1449.5416324218083), np.float64(1505.8258542288445), np.float64(143.46420522219816)), (np.float64(1207.8343708600894), np.float64(1685.9062655330572), np.float64(74.08049608301067)), (np.float64(1823.087347888642), np.float64(528.1823354124482), np.float64(144.41246033389507)), (np.float64(1034.7884438737974), np.float64(1595.9814656094356), np.float64(68.35679612394608)), (np.float64(941.1102656858453), np.float64(1549.1194738397387), np.float64(69.77516217897072)), (np.float64(460.85739370523345), np.float64(1903.9732134972778), np.float64(91.0915369627901))]",-20.89381475234007,0.6951185516872881,6,0,0,1.380653368252287,369.53500824039594
127,21.072351155213948,1758465.6288382432,0,74.33333333333333,64864.495833948866,10.0,701.5206154701928,0.0,0,100.0,"[(np.float64(1447.579019633453), np.float64(1504.6044231247797), np.float64(142.26111188332973)), (np.float64(1207.7965526752475), np.float64(1686.9190396777306), np.float64(77.26658391280563)), (np.float64(1821.001714441331), np.float64(529.1867211516987), np.float64(144.52157249704996)), (np.float64(1035.2465287306566), np.float64(1593.6490591537763), np.float64(66.54383147788984)), (np.float64(937.9921123960721), np.float64(1546.8529179867194), np.float64(71.8015096132114)), (np.float64(459.24944926408244), np.float64(1903.1872190513923), np.float64(89.27805812082782))]",-20.89381475234007,0.6946572794356861,6,0,0,1.383816754805534,352.98219434113787
128,21.035828295336852,1802287.0841252706,0,75.33333333333333,64934.37838144542,10.0,687.5176187496751,0.0,0,100.0,"[(np.float64(1447.0525249484751), np.float64(1499.7763856063639), np.float64(141.84235881579724)), (np.float64(1207.3362547312665), np.float64(1682.9653731520916), np.float64(79.1093275218258)), (np.float64(1819.574051008883), np.float64(530.3604208734895), np.float64(143.43616290594795)), (np.float64(1036.2022489836052), np.float64(1595.2699163060688), np.float64(67.13827993912153)), (np.float64(936.3427549822272), np.float64(1546.942883685646), np.float64(70.44747045766707)), (np.float64(463.47205326040205), np.float64(1904.0793706925233), np.float64(87.85005419189638))]",-20.89381475234007,0.6941962405039801,6,0,0,1.3831167951180894,361.9616961582515
129,20.31463562985788,1591992.5645266261,1,74.66666666666667,65214.80544854063,10.0,687.5176187496751,0.0,200.0,96.90402476780186,"[(np.float64(1447.725936981837), np.float64(1500.339496204144), np.float64(144.85722120520788)), (np.float64(1210.0175903129596), np.float64(1680.8138568806273), np.float64(78.0277948817119)), (np.float64(1819.2392961072421), np.float64(531.2880223106348), np.float64(146.52347922206894)), (np.float64(1034.530333070948), np.float64(1593.8341214250302), np.float64(67.42224476987134)), (np.float64(933.4014508846607), np.float64(1546.6571569150187), np.float64(73.34572006983034)), (np.float64(464.15483424060386), np.float64(1902.972675978578), np.float64(90.0115954573276))]",-20.89381475234007,0.6937343959907608,6,0,0,1.3855335396581865,319.1695791947759
130,20.361595060310496,1470597.1942313006,171,74.66666666666667,65633.7278859312,10.0,687.5176187496751,0.0,99.41520467836257,-429.41176470588243,"[(np.float64(1447.4214956748885), np.float64(1499.377232066218), np.float64(146.35434631105355)), (np.float64(1210.4532864300754), np.float64(1681.7503387304946), np.float64(80.86859648598954)), (np.float64(1814.757869194367), np.float64(533.0793929426354), np.float64(149.0959127566436)), (np.float64(1033.4291983193386), np.float64(1593.7653218625142), np.float64(67.88040709028733)), (np.float64(934.0325173168363), np.float64(1544.95608173148), np.float64(72.11496316999538)), (np.float64(461.5339361248512), np.float64(1905.152404101231), np.float64(88.420022377126))]",-20.630044371688175,0.6932732349896648,6,0,0,1.3834830032880647,295.2686947717776
131,20.75395771290743,1689840.136288941,1,73.33333333333333,65816.2073812641,10.0,687.5176187496751,0.0,0.0,96.90402476780186,"[(np.float64(1450.8128796809249), np.float64(1494.8731499003702), np.float64(146.28711365474078)), (np.float64(1212.5857905673272), np.float64(1683.3693670836583), np.float64(80.13920608610906)), (np.float64(1813.390705428842), np.float64(530.5160091394557), np.float64(148.93343050762724)), (np.float64(1037.952930050753), np.float64(1596.1082395871986), np.float64(67.22673516629665)), (np.float64(936.8170280074752), np.float64(1546.1358035437313), np.float64(73.04715710042605)), (np.float64(460.9008114986791), np.float64(1907.2337732127535), np.float64(91.14531300414738))]",-20.630044371688175,0.6928120409298527,6,0,0,1.3835821794359877,339.2642987418271
132,21.030267103778826,1773951.628682312,0,74.33333333333333,65914.47538420363,10.0,687.5176187496751,0.0,0,100.0,"[(np.float64(1447.2784015403952), np.float64(1492.989814144848), np.float64(144.53835180105705)), (np.float64(1209.7989043180162), np.float64(1683.5847362452193), np.float64(79.4166600620205)), (np.float64(1818.3909211981047), np.float64(531.3354516313635), np.float64(150.0)), (np.float64(1036.6892516181993), np.float64(1593.4802200489273), np.float64(66.9030228007385)), (np.float64(937.6958689529744), np.float64(1543.6705464312286), np.float64(73.87425963900644)), (np.float64(459.28017490852864), np.float64(1906.4431951203417), np.float64(87.5124729703633))]",-20.630044371688175,0.6923500762833408,6,0,0,1.3858939395359473,355.5570359631123
133,20.09291074866694,1378778.5974962262,1,73.33333333333333,66408.36641832924,10.0,687.5176187496751,0.0,0.0,96.90402476780186,"[(np.float64(1445.6072680011812), np.float64(1489.7082241554197), np.float64(144.33304065117778)), (np.float64(1206.760928210256), np.float64(1682.3172515566428), np.float64(79.97659645929583)), (np.float64(1816.4129307672456), np.float64(531.2780350953228), np.float64(148.76909767142064)), (np.float64(1036.6964471626982), np.float64(1595.6092895243194), np.float64(67.58816365632914)), (np.float64(937.8541669094769), np.float64(1542.8149241187245), np.float64(74.06657922052227)), (np.float64(458.4864802098115), np.float64(1903.2056009388057), np.float64(87.951320157446))]",-20.630044371688175,0.6918915188808618,6,0,0,1.3756722074373995,278.4050246777201
134,20.32006579189919,1485930.5287961636,0,73.33333333333333,66794.85552115491,10.0,687.5176187496751,0.0,0,100.0,"[(np.float64(1448.1769921759694), np.float64(1494.533445767088), np.float64(143.8938997418961)), (np.float64(1209.1491637863096), np.float64(1680.2979517280824), np.float64(81.79668803645968)), (np.float64(1819.7381829192489), np.float64(528.6552137854012), np.float64(150.0)), (np.float64(1037.8211411049058), np.float64(1598.18106675632), np.float64(66.8551630286885)), (np.float64(940.945371962129), np.float64(1543.321075953291), np.float64(75.33308835430535)), (np.float64(460.39533370705135), np.float64(1901.035591507285), np.float64(88.97899642327405))]",-20.630044371688175,0.6914297074647341,6,0,0,1.3854342483829774,297.92715222892133
135,20.84624954311872,1651972.4035725885,170,76.33333333333333,67032.20274920418,10.0,687.5176187496751,0.0,100.0,-426.3157894736843,"[(np.float64(1447.5414801303352), np.float64(1493.5027268548852), np.float64(144.616901462682)), (np.float64(1207.8430004109453), np.float64(1679.8784656966413), np.float64(79.86935505908014)), (np.float64(1823.3801809227054), np.float64(530.1119370981123), np.float64(150.0)), (np.float64(1035.5744087996516), np.float64(1599.7119447199843), np.float64(64.94253649261636)), (np.float64(942.499361878978), np.float64(1544.9491867264005), np.float64(73.89262033187002)), (np.float64(461.7462682847857), np.float64(1897.6755911117093), np.float64(90.15874665780571))]",-20.630044371688175,0.6909694107782635,6,0,0,1.3808900594115818,332.30829644044525
136,20.526419762179255,1595098.42558257,0,75.0,67309.47395524345,10.0,687.5176187496751,0.0,0,100.0,"[(np.float64(1444.5767389567116), np.float64(1493.0694338982382), np.float64(146.46629303153355)), (np.float64(1208.3378153848153), np.float64(1681.3493932463298), np.float64(80.03054259074742)), (np.float64(1822.810073998096), np.float64(527.3383120028232), np.float64(149.5190837177716)), (np.float64(1038.0622342986499), np.float64(1600.4383701689908), np.float64(65.3043603674224)), (np.float64(941.5947606488515), np.float64(1546.2579244731157), np.float64(74.24660648656888)), (np.float64(461.5326590674411), np.float64(1897.6534327352117), np.float64(91.2448170256943))]",-20.630044371688175,0.6905113738873201,6,0,0,1.374110672830021,322.45066191256353
137,20.406920475322266,1514888.2523420812,2,75.66666666666667,67667.15533452321,10.0,687.5176187496751,0.0,0.0,93.80804953560371,"[(np.float64(1444.8582374328346), np.float64(1488.3643784148198), np.float64(146.0052981763315)), (np.float64(1203.9527493517003), np.float64(1678.9351623913958), np.float64(81.2263778161139)), (np.float64(1820.1013435117934), np.float64(528.7109055562196), np.float64(148.50649946964688)), (np.float64(1039.090962524551), np.float64(1601.6553822424098), np.float64(61.32591594516123)), (np.float64(940.6491523912819), np.float64(1548.3716138820844), np.float64(77.19771795401866)), (np.float64(462.4955240954198), np.float64(1897.0348373342158), np.float64(91.0245868491097))]",-20.630044371688175,0.6900491031236631,6,0,0,1.3868122909713116,303.43132596735086
138,21.553686906742463,1998006.841105413,0,76.0,67667.15533452321,10.0,687.5176187496751,0.0,0,100.0,"[(np.float64(1440.3341148427608), np.float64(1488.8817798559332), np.float64(146.99578758299052)), (np.float64(1203.9608866835301), np.float64(1678.7190852487981), np.float64(81.80859981656371)), (np.float64(1820.308185971031), np.float64(531.671962067212), np.float64(145.8467426873185)), (np.float64(1039.237942581778), np.float64(1598.5998949226616), np.float64(62.13030389515239)), (np.float64(939.9768629564127), np.float64(1549.7863435703753), np.float64(75.37842187953879)), (np.float64(460.73172022834683), np.float64(1897.7037568279895), np.float64(89.73291271755136))]",-20.630044371688175,0.68958859490769,6,0,0,1.3815246479192413,401.7314502082647
139,20.265332430971608,1474991.4091163238,0,74.0,68190.5707665123,10.0,687.5176187496751,0.0,0,100.0,"[(np.float64(1439.9387255827417), np.float64(1490.6514876172557), np.float64(147.29485958661925)), (np.float64(1206.1360344941377), np.float64(1679.9155162138745), np.float64(82.00396956968805)), (np.float64(1818.6843372753751), np.float64(528.4450580927007), np.float64(145.46719400626)), (np.float64(1038.4363857264561), np.float64(1597.267506420408), np.float64(63.20411421221098)), (np.float64(939.5761159832904), np.float64(1543.5857492199036), np.float64(76.69926011870689)), (np.float64(462.4969640592984), np.float64(1897.6079899065194), np.float64(90.43519714687042))]",-20.630044371688175,0.689129133030114,6,0,0,1.3783856327277588,297.2461596649334
140,20.593811464724336,1826955.0632983588,171,74.33333333333333,68378.67254431942,10.0,687.5176187496751,0.0,101.16959064327486,-429.41176470588243,"[(np.float64(1441.1032366022291), np.float64(1487.7579342104186), np.float64(149.88049176924227)), (np.float64(1205.143618289819), np.float64(1680.552915487781), np.float64(82.40862841953445)), (np.float64(1820.9618727903285), np.float64(529.3449135022313), np.float64(145.36318964755512)), (np.float64(1039.6292813843488), np.float64(1595.6807052223853), np.float64(64.79598798488556)), (np.float64(939.2880862426831), np.float64(1542.7197869772015), np.float64(77.2908134133899)), (np.float64(463.0269734956317), np.float64(1894.5936063034924), np.float64(89.0881412798896))]",-20.782974342787664,0.6886697588255606,6,0,0,1.3781226136604905,368.2455483659165
141,20.102634778829646,1520069.4884050644,0,76.66666666666667,68857.35989701978,10.0,687.5176187496751,0.0,0,100.0,"[(np.float64(1440.8875826557196), np.float64(1487.7967318751596), np.float64(150.0)), (np.float64(1205.2961228203912), np.float64(1676.9112187392375), np.float64(86.19463600215784)), (np.float64(1819.4993731114523), np.float64(528.6174999549132), np.float64(146.6758440415851)), (np.float64(1039.5063170063354), np.float64(1595.028512841675), np.float64(67.64024309634574)), (np.float64(941.4649440651373), np.float64(1542.219901283281), np.float64(73.82213368819954)), (np.float64(462.92433814479926), np.float64(1892.6414267949722), np.float64(86.99576758890835))]",-20.782974342787664,0.6882077990227696,6,0,0,1.3858794083728643,304.67407337605835
142,19.870589239928936,1538854.7362917094,0,73.33333333333333,69317.16200183352,10.0,687.5176187496751,0.0,0,100.0,"[(np.float64(1439.2887595909583), np.float64(1489.3505162235306), np.float64(150.0)), (np.float64(1206.5411017620474), np.float64(1674.4370458653152), np.float64(87.74712339665665)), (np.float64(1819.4198342607285), np.float64(530.5563108383518), np.float64(145.297732744679)), (np.float64(1041.3215202309284), np.float64(1593.7417937727669), np.float64(67.81914062138671)), (np.float64(941.5341798527207), np.float64(1544.1329327282974), np.float64(72.67016243196964)), (np.float64(461.9219600892504), np.float64(1893.249069808095), np.float64(89.68228544230453))]",-20.782974342787664,0.6877484015013713,6,0,0,1.3781925641947792,310.1595960355991
143,20.19204907559723,1637960.3807061336,0,74.0,69677.75846223283,10.0,687.5176187496751,0.0,0,100.0,"[(np.float64(1435.7255127209046), np.float64(1489.5164954077977), np.float64(150.0)), (np.float64(1206.7770469937764), np.float64(1672.220097939127), np.float64(87.43911750087184)), (np.float64(1822.3969312196364), np.float64(533.4110354803399), np.float64(148.7399069716)), (np.float64(1044.1781823321762), np.float64(1596.5475440583411), np.float64(68.39989170096645)), (np.float64(938.2658968354277), np.float64(1544.0933682029565), np.float64(69.48164130199238)), (np.float64(462.1966251143935), np.float64(1891.4239162559563), np.float64(90.39868629443615))]",-20.782974342787664,0.6872865220712732,6,0,0,1.3856382902944187,328.3605814212288
144,20.520228406606826,1731940.0340400958,2,74.66666666666667,69944.27526929817,10.0,687.5176187496751,0.0,50.0,93.80804953560371,"[(np.float64(1434.8020468595691), np.float64(1486.632936723339), np.float64(149.7513671601836)), (np.float64(1206.3912463365384), np.float64(1670.1820938462527), np.float64(89.0082583565761)), (np.float64(1820.8468383811714), np.float64(535.7845114463619), np.float64(150.0)), (np.float64(1042.4066816558222), np.float64(1596.618325808399), np.float64(66.50855096299537)), (np.float64(937.5888631684284), np.float64(1544.929094327656), np.float64(69.22075243768458)), (np.float64(460.2043151110844), np.float64(1892.5349577225948), np.float64(84.91988643089697))]",-20.782974342787664,0.6868251568971743,6,0,0,1.3840955222967608,347.5876094893372
145,20.971081567602194,1887361.3022451724,165,75.66666666666667,70071.72080815845,10.0,687.5176187496751,0.0,100.0,-410.83591331269355,"[(np.float64(1436.1804831534857), np.float64(1483.829167014978), np.float64(150.0)), (np.float64(1205.3378707463796), np.float64(1668.802740948683), np.float64(90.17095669932256)), (np.float64(1819.9675388226888), np.float64(535.2185551628947), np.float64(150.0)), (np.float64(1042.3846693650432), np.float64(1595.1688896780317), np.float64(66.89624465845809)), (np.float64(935.4380878918806), np.float64(1544.2209533232365), np.float64(66.31545759162606)), (np.float64(462.3931237766678), np.float64(1889.9190088003943), np.float64(83.48043321076676))]",-20.782974342787664,0.6863659152265272,6,0,0,1.3777250119413704,380.53096507457997
146,20.67790587038461,1759564.6237716852,0,75.66666666666667,70310.6130254922,10.0,687.5176187496751,0.0,0,100.0,"[(np.float64(1436.9327096292332), np.float64(1484.3199241167922), np.float64(150.0)), (np.float64(1205.4909961941064), np.float64(1668.4398585021847), np.float64(93.07910493479484)), (np.float64(1818.8196581134443), np.float64(537.3644443042753), np.float64(150.0)), (np.float64(1042.965355887703), np.float64(1593.6141256368908), np.float64(65.65280513266336)), (np.float64(933.6524757347878), np.float64(1546.009011497355), np.float64(65.94094012107351)), (np.float64(460.9217874853736), np.float64(1892.2025458985565), np.float64(85.57727250124641))]",-20.782974342787664,0.6859071188348277,6,0,0,1.3763891750980548,355.10883105635446
147,20.112552709655276,1497219.1915326414,2,72.0,70812.050675065,10.0,687.5176187496751,0.0,50.0,93.80804953560371,"[(np.float64(1436.6271946591576), np.float64(1484.369801767702), np.float64(150.0)), (np.float64(1205.5468959433172), np.float64(1667.2465227964274), np.float64(95.90984852159107)), (np.float64(1813.4180460223615), np.float64(536.321839733035), np.float64(149.39532649095293)), (np.float64(1046.7173063528537), np.float64(1593.4020230468475), np.float64(68.88403782721647)), (np.float64(931.2507429756689), np.float64(1544.5059053548296), np.float64(63.99520949601383)), (np.float64(459.26417356207), np.float64(1892.7854742117572), np.float64(87.0155359066441))]",-20.782974342787664,0.6854454230109472,6,0,0,1.3850874716417192,300.26567158045714
148,20.633241474873405,1668990.1346868372,0,76.66666666666667,71141.46738148361,10.0,704.0791875227485,0.0,0,100.0,"[(np.float64(1437.4455728503392), np.float64(1484.0340454073983), np.float64(150.0)), (np.float64(1208.4296450487207), np.float64(1667.932973435237), np.float64(90.48431051119462)), (np.float64(1812.7577117546862), np.float64(538.9449950391987), np.float64(147.25464755369634)), (np.float64(1042.6684680360233), np.float64(1589.3049804413627), np.float64(66.70003702954398)), (np.float64(929.5401080065461), np.float64(1544.3683086666924), np.float64(64.87612342341558)), (np.float64(457.2587173029783), np.float64(1896.3982688313822), np.float64(84.55488483681629))]",-20.782974342787664,0.6849815394236883,6,0,0,1.39165076177683,333.13557070483574
149,20.518818718861944,1690061.9452069022,2,75.0,71450.01227738216,10.0,687.5176187496751,0.0,100.0,93.80804953560371,"[(np.float64(1439.223953481128), np.float64(1484.4969153937861), np.float64(147.49590265904078)), (np.float64(1210.51735600247), np.float64(1666.6438894095836), np.float64(90.10036597636143)), (np.float64(1811.8193617102222), np.float64(538.3705237329252), np.float64(147.0141867312089)), (np.float64(1042.3077128246805), np.float64(1589.7506984567397), np.float64(64.3588846220006)), (np.float64(931.1205568688204), np.float64(1544.9016526621333), np.float64(65.89462080940585)), (np.float64(454.81065483801115), np.float64(1895.1679085313085), np.float64(86.68090969160332))]",-20.782974342787664,0.6845218922736426,6,0,0,1.3789414501374748,340.4507503923088
150,20.876858227990592,1875104.1608624954,165,74.66666666666667,71589.66495762512,10.0,687.5176187496751,0.0,100.0,-410.83591331269355,"[(np.float64(1439.141125263835), np.float64(1482.8334115192813), np.float64(147.2651272829824)), (np.float64(1209.9602412755883), np.float64(1662.8620350534934), np.float64(88.64502951895757)), (np.float64(1812.3972067435063), np.float64(539.3595523108347), np.float64(150.0)), (np.float64(1041.5971432911654), np.float64(1589.4354447315563), np.float64(64.40875132007466)), (np.float64(929.3670989764527), np.float64(1540.4375899823663), np.float64(66.23931321171378)), (np.float64(455.10413509527484), np.float64(1892.3633734918524), np.float64(86.75348172279455))]",-21.095066240740096,0.6840625611373851,6,0,0,1.3779934087720234,377.98603650100677
151,20.65413895235416,1784073.9832090545,1,74.33333333333333,71803.99781552152,10.0,687.5176187496751,0.0,0.0,96.90402476780186,"[(np.float64(1440.3136945086412), np.float64(1482.3890276908412), np.float64(146.4264202374721)), (np.float64(1210.7761685692687), np.float64(1660.480234273165), np.float64(90.58211891896615)), (np.float64(1811.7548046683983), np.float64(540.6731440017531), np.float64(149.71486422268427)), (np.float64(1041.0757335041412), np.float64(1586.4539489396902), np.float64(62.0627318013013)), (np.float64(928.9659651352412), np.float64(1540.8487521113166), np.float64(64.97796909567637)), (np.float64(453.7115774114253), np.float64(1891.623337569937), np.float64(86.97270844978549))]",-21.095066240740096,0.6836037024579197,6,0,0,1.3765760383964782,360.0063437281951
152,20.327336169673085,1687259.2782712178,1,75.0,72115.24537835576,10.0,687.5176187496751,0.0,200.0,96.90402476780186,"[(np.float64(1442.5928000264541), np.float64(1478.8681458739745), np.float64(145.66730522709733)), (np.float64(1209.1087710207905), np.float64(1659.6214116200363), np.float64(89.41235582240405)), (np.float64(1807.7057888997608), np.float64(539.0924889130965), np.float64(148.95918540618908)), (np.float64(1038.3995292917482), np.float64(1589.01214789368), np.float64(60.354526298305025)), (np.float64(931.100414097669), np.float64(1540.46335897875), np.float64(61.364729156980694)), (np.float64(452.6140968015018), np.float64(1891.89483438283), np.float64(87.51587493296157))]",-21.095066240740096,0.6831421283736399,6,0,0,1.3847222528395022,338.4672499427503
153,20.125185840931003,1549595.8186511796,0,73.66666666666667,72564.35640081001,10.0,687.5176187496751,0.0,0,100.0,"[(np.float64(1444.971944385636), np.float64(1478.8897760381528), np.float64(148.25731752295545)), (np.float64(1208.0861180340235), np.float64(1660.7063677650879), np.float64(91.30290769319059)), (np.float64(1805.6268206088732), np.float64(540.7660161668581), np.float64(148.4274062940052)), (np.float64(1038.4088524264116), np.float64(1592.9599151434902), np.float64(60.305055593879935)), (np.float64(932.1499764675583), np.float64(1537.963367996153), np.float64(59.69465766112554)), (np.float64(451.8792701702626), np.float64(1890.7266734876746), np.float64(86.81500390475463))]",-21.095066240740096,0.6826818599860457,6,0,0,1.3808051627820344,311.73354109670873
154,20.85409951768891,1907429.086532258,0,77.0,72655.2341553832,10.0,687.5176187496751,0.0,0,100.0,"[(np.float64(1446.8407901855885), np.float64(1478.7874631264276), np.float64(147.66903438464243)), (np.float64(1206.9503864268647), np.float64(1657.4862390259161), np.float64(92.64400534663592)), (np.float64(1806.8485645633752), np.float64(543.6640401318165), np.float64(148.8312926733477)), (np.float64(1039.7058215654963), np.float64(1591.1603482824105), np.float64(63.353786014608026)), (np.float64(933.1448591373685), np.float64(1536.8309706300188), np.float64(60.89253804872563)), (np.float64(452.37788864391246), np.float64(1889.5976165157203), np.float64(90.63921798421921))]",-21.095066240740096,0.6822205457591463,6,0,0,1.383942680698898,382.84924680410506
155,20.189680853251357,1713005.4522127078,165,73.33333333333333,72957.13554427595,10.0,687.5176187496751,0.0,100.0,-410.83591331269355,"[(np.float64(1448.526018293308), np.float64(1473.1931125949384), np.float64(149.14055806676487)), (np.float64(1205.4965459664065), np.float64(1655.3379959079473), np.float64(92.49405420787716)), (np.float64(1805.0814580870156), np.float64(547.1646744308061), np.float64(147.51198792878782)), (np.float64(1039.6918341412236), np.float64(1588.4529277105041), np.float64(63.09832589587813)), (np.float64(935.0463516145902), np.float64(1534.251954577804), np.float64(61.269799830469175)), (np.float64(452.21012892974693), np.float64(1888.1895833036003), np.float64(91.82916881915565))]",-21.095066240740096,0.6817600938875672,6,0,0,1.3813556147364905,344.4694782144381
156,20.24881815354931,1696113.513907139,0,74.33333333333333,73259.52887147426,10.0,687.5176187496751,0.0,0,100.0,"[(np.float64(1447.3550212290877), np.float64(1470.9589303531948), np.float64(147.16081732713604)), (np.float64(1203.3049248792224), np.float64(1660.0100375356908), np.float64(94.41105728579893)), (np.float64(1801.9996988599426), np.float64(547.8326469579904), np.float64(146.21880418525478)), (np.float64(1039.881319067501), np.float64(1585.953545485599), np.float64(60.98213563448367)), (np.float64(931.4932389061738), np.float64(1534.0996614829908), np.float64(60.36683342908946)), (np.float64(451.48277027940975), np.float64(1887.307431048224), np.float64(92.87894623117595))]",-21.095066240740096,0.6812980177671939,6,0,0,1.3862283611201967,339.87375815284696
157,20.624365577159374,1827372.487223033,1,76.66666666666667,73430.61322535668,10.0,793.699022699534,0.0,0.0,96.90402476780186,"[(np.float64(1449.0522829506824), np.float64(1468.8953529689456), np.float64(147.97653922361485)), (np.float64(1207.4606830041982), np.float64(1660.1722255529962), np.float64(97.38100859003467)), (np.float64(1803.7690463331821), np.float64(545.6260620799088), np.float64(149.59894333341623)), (np.float64(1039.3971086828597), np.float64(1584.9036644800394), np.float64(57.175306646342996)), (np.float64(936.1799119679615), np.float64(1536.3805864991161), np.float64(61.135828884978885)), (np.float64(451.527573084846), np.float64(1883.7624383194761), np.float64(95.3530679113234))]",-21.095066240740096,0.680833221712994,6,0,0,1.3943881625995849,364.03311666582835
158,20.531179522092984,1773851.5922151026,2,76.0,73655.36847424702,10.0,687.5176187496751,0.0,50.0,93.80804953560371,"[(np.float64(1447.5652876649383), np.float64(1468.9325290008276), np.float64(144.81726024972235)), (np.float64(1209.6555347107776), np.float64(1657.0312851959231), np.float64(96.68990717694112)), (np.float64(1799.0032396506451), np.float64(546.7645614578211), np.float64(147.01845975890447)), (np.float64(1035.552790249549), np.float64(1583.1416639685247), np.float64(56.48283851722871)), (np.float64(933.2626584239601), np.float64(1538.6807928395933), np.float64(60.9241691817698)), (np.float64(453.46317926052046), np.float64(1883.2640641746873), np.float64(93.01699248634593))]",-21.095066240740096,0.6803703660832547,6,0,0,1.388566889217733,354.85258738286177
159,20.73018840724845,1829168.2950662307,0,75.66666666666667,73824.60702028623,10.0,687.5176187496751,0.0,0,100.0,"[(np.float64(1446.2850787263612), np.float64(1466.2290919912102), np.float64(147.693701282122)), (np.float64(1208.7826021994272), np.float64(1656.6817022385962), np.float64(98.14869728118586)), (np.float64(1796.8600671572372), np.float64(547.3019027798435), np.float64(145.29057135768707)), (np.float64(1036.2996213458623), np.float64(1583.8780673660704), np.float64(56.09221242943562)), (np.float64(931.306681838317), np.float64(1536.980539224486), np.float64(61.50478325958856)), (np.float64(453.8757580864021), np.float64(1883.3146818120356), np.float64(90.60581976658551))]",-21.095066240740096,0.6799103828072096,6,0,0,1.3799498281356146,368.2034620574121
160,20.18588726589305,1779428.7065718963,167,73.0,74060.13515481979,10.0,687.5176187496751,0.0,100.0,-417.0278637770898,"[(np.float64(1447.3099807925644), np.float64(1464.4775759001507), np.float64(149.0451795766676)), (np.float64(1207.4410009793328), np.float64(1657.4102532085624), np.float64(99.30434134800802)), (np.float64(1796.464274149287), np.float64(546.7973212254511), np.float64(145.0661519573007)), (np.float64(1033.4566711802927), np.float64(1581.3986740811235), np.float64(59.3055563999042)), (np.float64(929.9416586852809), np.float64(1540.5304823625436), np.float64(61.00705973473903)), (np.float64(449.01563093856885), np.float64(1884.3980702030776), np.float64(90.05086748514141))]",-20.714906130601502,0.679449712006838,6,0,0,1.382012401114539,357.6565242301043
161,20.027408681946543,1626973.0828718268,1,74.0,74431.86891305339,10.0,753.5445834115308,0.0,0.0,96.90402476780186,"[(np.float64(1448.1311018777265), np.float64(1465.9367043846728), np.float64(147.50401801810082)), (np.float64(1207.6534017867425), np.float64(1658.2921537341272), np.float64(101.31683319868188)), (np.float64(1794.1988768932088), np.float64(551.6477313491495), np.float64(146.4147810482008)), (np.float64(1034.11435733392), np.float64(1580.1713323056003), np.float64(59.86548235679857)), (np.float64(930.7504196381329), np.float64(1539.295660090253), np.float64(58.68763148544254)), (np.float64(449.33481007716017), np.float64(1886.6300756901487), np.float64(92.4627472925441))]",-20.714906130601502,0.6789885877719829,6,0,0,1.3833727045657322,326.6921242357953
162,20.21135568807709,1751627.5624475903,0,72.33333333333334,74678.69819171124,10.0,687.5176187496751,0.0,0,100.0,"[(np.float64(1443.76063613514), np.float64(1465.1608835609645), np.float64(146.94559904367648)), (np.float64(1207.7935685177533), np.float64(1655.612672238294), np.float64(103.19799017575751)), (np.float64(1794.2668424032006), np.float64(552.9269872941376), np.float64(146.37516210716097)), (np.float64(1034.0247891982935), np.float64(1579.3409964479376), np.float64(58.58895226671682)), (np.float64(933.7374752086736), np.float64(1540.5337700776192), np.float64(56.58480753740651)), (np.float64(448.1909097587783), np.float64(1888.9554027596052), np.float64(97.20202050237926))]",-20.714906130601502,0.6785267194031167,6,0,0,1.3856051065986348,351.1557582126746
163,20.67866776438581,1888303.7812226124,2,77.0,74788.90125159407,10.0,687.5176187496751,0.0,150.0,93.80804953560371,"[(np.float64(1445.5761830248914), np.float64(1462.8062452091542), np.float64(145.8105093936545)), (np.float64(1207.2533341535764), np.float64(1653.9101531685012), np.float64(105.334901602649)), (np.float64(1793.2228167632156), np.float64(556.1963641076909), np.float64(144.52819620864972)), (np.float64(1033.8641396963842), np.float64(1581.3251905091415), np.float64(55.327687277242866)), (np.float64(935.6213885220967), np.float64(1540.9148600006224), np.float64(57.24363713623628)), (np.float64(447.46253144722874), np.float64(1888.978513059361), np.float64(94.30075613186007))]",-20.714906130601502,0.6780648489716258,6,0,0,1.3856112944726673,378.5540939293629
164,20.434114334546436,1854759.1907606465,1,74.66666666666667,74932.64890193887,10.0,687.5176187496751,0.0,0.0,96.90402476780186,"[(np.float64(1443.6763030167904), np.float64(1463.9827684933757), np.float64(146.6524780550822)), (np.float64(1205.9699290141157), np.float64(1653.7204198069444), np.float64(104.06175245472922)), (np.float64(1791.091658066094), np.float64(555.4276156673573), np.float64(142.45335245460396)), (np.float64(1029.9366788443626), np.float64(1578.6386241058822), np.float64(56.04087326789931)), (np.float64(932.5285907154739), np.float64(1541.9705156428217), np.float64(57.12334697647638)), (np.float64(449.712456425499), np.float64(1889.4534526782165), np.float64(95.60011568280267))]",-20.714906130601502,0.6776046652168057,6,0,0,1.3805512644600022,373.1921440265565
165,19.739050122108264,1649240.3215345654,165,74.0,75298.46542150975,10.0,687.5176187496751,0.0,101.21212121212122,-410.83591331269355,"[(np.float64(1443.7020608551989), np.float64(1463.6148155406536), np.float64(145.92559658953218)), (np.float64(1203.9562630288751), np.float64(1652.3693425478082), np.float64(100.36612994589284)), (np.float64(1786.9297223079043), np.float64(553.7492247797641), np.float64(141.7318437674094)), (np.float64(1028.5843370701475), np.float64(1576.469465888232), np.float64(51.099623490479864)), (np.float64(933.6136913688014), np.float64(1541.3697509450376), np.float64(56.811363872648286)), (np.float64(452.6962227488466), np.float64(1888.3770909733796), np.float64(96.24089286366885))]",-20.714906130601502,0.6771428189490091,6,0,0,1.385538803389819,330.64560185290406
166,19.70020765439899,1711139.717023096,0,72.66666666666667,75586.03254559211,10.0,687.5176187496751,0.0,0,100.0,"[(np.float64(1445.6180176382995), np.float64(1462.8399435991148), np.float64(144.2401839367911)), (np.float64(1205.1867060027632), np.float64(1652.615486607884), np.float64(95.76472206593775)), (np.float64(1786.4797675724926), np.float64(556.1925617545829), np.float64(144.99554081277287)), (np.float64(1029.212633567425), np.float64(1577.5832810059185), np.float64(51.96778182942986)), (np.float64(932.7786275455514), np.float64(1544.3875174008717), np.float64(55.3863263016101)), (np.float64(451.9050912790668), np.float64(1889.5307661418885), np.float64(93.75056295362766))]",-20.714906130601502,0.6766801787026898,6,0,0,1.3879207389579515,342.4666659414845
167,20.380369271549103,1952791.0862291912,0,74.33333333333333,75631.79830046836,10.0,687.5176187496751,0.0,0,100.0,"[(np.float64(1444.7996680115211), np.float64(1463.6551679960144), np.float64(145.4397755163504)), (np.float64(1207.0516414529047), np.float64(1650.0495701943382), np.float64(93.29676322460774)), (np.float64(1786.0174494093387), np.float64(558.031972313096), np.float64(141.70517102528572)), (np.float64(1027.2359708666654), np.float64(1578.193222723335), np.float64(52.01275917123664)), (np.float64(932.3728311456041), np.float64(1544.5511842750857), np.float64(56.34889419127356)), (np.float64(456.6067350375292), np.float64(1889.4496695259593), np.float64(95.78111680574935))]",-20.714906130601502,0.6762190419393638,6,0,0,1.3834102899782394,392.10491083272916
168,20.34888232326922,1964815.3821439566,0,75.0,75665.53975942984,10.0,687.5176187496751,0.0,0,100.0,"[(np.float64(1446.440109345205), np.float64(1462.196898399257), np.float64(145.1829608767003)), (np.float64(1206.4747493267616), np.float64(1649.0072358415036), np.float64(92.26673823301124)), (np.float64(1784.6503005782347), np.float64(555.2202320527397), np.float64(142.5765198173332)), (np.float64(1025.6033275422872), np.float64(1576.3403734010587), np.float64(51.59278253804622)), (np.float64(932.021248166364), np.float64(1545.0811867919192), np.float64(59.62637455285045)), (np.float64(461.18482574324025), np.float64(1889.382319642556), np.float64(95.56888294270779))]",-20.714906130601502,0.6757595113867597,6,0,0,1.378591657812185,395.8982687170004
169,19.51272469508127,1698133.4894429368,1,72.0,75966.11311109236,10.0,687.5176187496751,0.0,0.0,96.90402476780186,"[(np.float64(1446.252735642217), np.float64(1461.398835120003), np.float64(145.30392439490168)), (np.float64(1203.7012672162425), np.float64(1647.1038667863518), np.float64(92.87698465389286)), (np.float64(1785.592038055689), np.float64(556.4325815032283), np.float64(140.2715824727473)), (np.float64(1025.9152155398), np.float64(1577.1271967093894), np.float64(52.20857245691747)), (np.float64(930.6419905667237), np.float64(1542.781468538662), np.float64(58.65095242352427)), (np.float64(459.59428416875755), np.float64(1890.8041097893179), np.float64(93.4149160986744))]",-20.714906130601502,0.6753004329771432,6,0,0,1.3772352288491427,342.50049460443415
170,19.790640146226416,1741150.0778721692,161,74.33333333333333,76239.76987432566,10.0,687.5176187496751,0.0,100.0,-398.452012383901,"[(np.float64(1443.0640492872194), np.float64(1460.850711505144), np.float64(147.39905365680823)), (np.float64(1203.3452744213446), np.float64(1651.644352810391), np.float64(88.03058124651922)), (np.float64(1784.0296620993006), np.float64(560.2435664022372), np.float64(140.3747190035186)), (np.float64(1027.1014163310258), np.float64(1577.5024568943102), np.float64(49.74184443658716)), (np.float64(935.1555856281823), np.float64(1545.770197292969), np.float64(57.852142103922894)), (np.float64(461.38022057435546), np.float64(1893.6876192804718), np.float64(90.70261928984661))]",-20.711337497617766,0.6748355268101567,6,0,0,1.3947185009596281,346.77449182481007
171,19.871516013941314,1765461.7982205327,1,74.0,76473.01491721056,10.0,687.5176187496751,0.0,0.0,96.90402476780186,"[(np.float64(1444.3146234281758), np.float64(1458.0147595305004), np.float64(148.1021199871784)), (np.float64(1203.1737109567177), np.float64(1647.4780856188293), np.float64(89.69488123515222)), (np.float64(1781.5263717964685), np.float64(561.0961139234587), np.float64(139.14520134417836)), (np.float64(1023.8827458287068), np.float64(1579.6362089435015), np.float64(52.712318199858146)), (np.float64(936.6933415846603), np.float64(1544.2625433432422), np.float64(56.7305832157119)), (np.float64(460.02816769623007), np.float64(1891.9437474297968), np.float64(89.39343199620771))]",-20.711337497617766,0.6743735455834335,6,0,0,1.3859436801698632,353.8427008817229
172,19.876000643009167,1782586.4577763334,0,74.0,76689.08530053968,10.0,687.5176187496751,0.0,0,100.0,"[(np.float64(1444.4672911407094), np.float64(1455.212363793567), np.float64(148.30627382560766)), (np.float64(1202.1139119913262), np.float64(1646.394729253938), np.float64(87.7533069285041)), (np.float64(1781.4354821369307), np.float64(560.2786065532163), np.float64(139.22024160516318)), (np.float64(1022.858965122975), np.float64(1577.7562069399464), np.float64(51.535206782305615)), (np.float64(934.9250911021971), np.float64(1541.313849624127), np.float64(54.902184202199535)), (np.float64(457.53603371925954), np.float64(1896.2794504719886), np.float64(87.23537209629077))]",-20.711337497617766,0.6739129812250692,6,0,0,1.3816930750928615,358.3740223237286
173,20.175576345704858,1927024.6383866286,1,74.33333333333333,76760.7175032585,10.0,687.5176187496751,0.0,0.0,96.90402476780186,"[(np.float64(1444.254413449852), np.float64(1455.562841991708), np.float64(150.0)), (np.float64(1203.3515514218539), np.float64(1647.962067571066), np.float64(86.34962066405461)), (np.float64(1782.1356180818327), np.float64(560.0785142899191), np.float64(135.55731060501085)), (np.float64(1021.4443708012382), np.float64(1575.7836891054178), np.float64(52.70957484993996)), (np.float64(931.1295422179901), np.float64(1543.269144357136), np.float64(55.97379688684508)), (np.float64(456.4354659112426), np.float64(1897.8466264225278), np.float64(90.84530060655527))]",-20.711337497617766,0.6734510994697792,6,0,0,1.3856452658696867,386.307112620269
174,20.033853603893853,1863017.800624641,0,73.33333333333333,76896.30654373931,10.0,687.5176187496751,0.0,0,100.0,"[(np.float64(1444.8095270472807), np.float64(1454.0962574982711), np.float64(150.0)), (np.float64(1203.8933526802896), np.float64(1647.540635556352), np.float64(85.10109133471963)), (np.float64(1783.3303454939353), np.float64(560.9995749464636), np.float64(133.66751422959487)), (np.float64(1017.6011344577614), np.float64(1574.717794232606), np.float64(53.31821117826067)), (np.float64(933.9971487284816), np.float64(1537.8029536019094), np.float64(57.52572524250514)), (np.float64(459.08771356539), np.float64(1895.3032209530525), np.float64(87.20795057376851))]",-20.711337497617766,0.6729892959897671,6,0,0,1.3854104400368124,373.5390824716212
175,20.85907865931975,2235244.4724783213,161,76.66666666666667,76896.30654373931,10.0,687.5176187496751,0.0,101.24223602484473,-398.452012383901,"[(np.float64(1446.131729705211), np.float64(1451.9291233980157), np.float64(149.5861576079862)), (np.float64(1205.9120934055552), np.float64(1647.79323374841), np.float64(84.85428774674966)), (np.float64(1784.7405391723457), np.float64(560.8079676167335), np.float64(131.94047685858706)), (np.float64(1020.4053418391325), np.float64(1575.003269540083), np.float64(58.25688593503936)), (np.float64(935.5483874139007), np.float64(1538.638519028446), np.float64(58.94910030833112)), (np.float64(460.40481427907946), np.float64(1896.7232212170527), np.float64(90.73565898013796))]",-20.711337497617766,0.6725273581761045,6,0,0,1.3858134409869074,448.0410017620513
176,19.50147223194953,1646151.1007731124,2,73.33333333333333,77469.79991544451,10.0,687.5176187496751,0.0,50.0,93.80804953560371,"[(np.float64(1442.8615747755155), np.float64(1449.4707703701283), np.float64(150.0)), (np.float64(1208.4976004140196), np.float64(1646.8782211952569), np.float64(88.33610536261025)), (np.float64(1783.5211950417643), np.float64(561.5081273317032), np.float64(134.14902716966924)), (np.float64(1017.9001503326983), np.float64(1576.013057276279), np.float64(53.8909875909453)), (np.float64(933.8963933336336), np.float64(1538.8107846627786), np.float64(57.30634584952403)), (np.float64(463.3870385075825), np.float64(1896.4985988182636), np.float64(88.3396936755849))]",-20.711337497617766,0.6720635320928384,6,0,0,1.3914782497985239,328.6175653305443
177,19.736543357832918,1809491.06135445,0,71.66666666666667,77879.70332656836,10.0,687.5176187496751,0.0,0,100.0,"[(np.float64(1440.731365181968), np.float64(1448.5160044526192), np.float64(150.0)), (np.float64(1209.719916376172), np.float64(1643.8193141232232), np.float64(87.07921787178154)), (np.float64(1779.4340585742025), np.float64(559.8444675547237), np.float64(131.95686691045154)), (np.float64(1016.4998328553204), np.float64(1579.125907928596), np.float64(51.86363434677573)), (np.float64(934.8395081898741), np.float64(1537.8691380350663), np.float64(53.75389213298706)), (np.float64(462.1865084089078), np.float64(1895.1764556435148), np.float64(89.59395455964128))]",-20.711337497617766,0.6716013899621046,6,0,0,1.3864263922016442,362.54099659312266
178,20.06280598567163,1952249.042162398,0,73.0,78146.7987568843,10.0,687.5176187496751,0.0,0,100.0,"[(np.float64(1440.03061977926), np.float64(1445.2440055193479), np.float64(150.0)), (np.float64(1210.374989528998), np.float64(1646.398922711587), np.float64(88.08057906961211)), (np.float64(1776.0813798367012), np.float64(562.1420689117256), np.float64(136.52983600751583)), (np.float64(1016.4808035655221), np.float64(1579.5267048148844), np.float64(55.71669661222661)), (np.float64(933.7905719134347), np.float64(1537.010486340812), np.float64(53.4059829034368)), (np.float64(464.0160667301129), np.float64(1893.5377215378012), np.float64(89.48883431851795))]",-20.711337497617766,0.6711400698418518,6,0,0,1.3839603607583835,391.84026940157514
179,20.289080416206943,1981814.5660939668,0,75.66666666666667,78384.27866326866,10.0,687.5176187496751,0.0,0,100.0,"[(np.float64(1439.3367504499315), np.float64(1445.5750052432836), np.float64(147.53175417098598)), (np.float64(1212.3981951437893), np.float64(1648.6778906865372), np.float64(92.64393389549016)), (np.float64(1776.455501791475), np.float64(560.0606478548525), np.float64(136.2662854204766)), (np.float64(1016.721813237426), np.float64(1577.8251743489216), np.float64(56.22375973236819)), (np.float64(937.2815452512607), np.float64(1535.5172146887642), np.float64(48.50313985133132)), (np.float64(464.7403521114811), np.float64(1892.3959182683702), np.float64(87.18688630743952))]",-20.711337497617766,0.6706767892036721,6,0,0,1.389841914539278,396.09112401801536
180,19.919271908745433,1889729.0835149584,160,72.33333333333334,78730.04405223206,10.0,687.5176187496751,0.0,100.62500000000001,-395.3560371517028,"[(np.float64(1439.5250407803035), np.float64(1442.675020911671), np.float64(150.0)), (np.float64(1214.3925657624666), np.float64(1647.0673364463048), np.float64(92.55132358878282)), (np.float64(1781.4363021234271), np.float64(560.9771668562446), np.float64(136.42556991349642)), (np.float64(1013.1989835448254), np.float64(1577.8114652191582), np.float64(56.489026243449395)), (np.float64(936.5341684681339), np.float64(1537.3050660526883), np.float64(46.1721986343581)), (np.float64(465.61223548327825), np.float64(1891.9964810361712), np.float64(87.84287930709128))]",-20.5952276423408,0.6702165371063741,6,0,0,1.380756291893678,380.1719018067254
181,19.613778183737633,1815328.6522967226,0,73.66666666666667,79134.25987241365,10.0,687.5176187496751,0.0,0,100.0,"[(np.float64(1440.7646400570209), np.float64(1442.4760454922855), np.float64(147.76681744184106)), (np.float64(1213.1294477461665), np.float64(1645.366118538061), np.float64(93.83779628254476)), (np.float64(1783.8546027559219), np.float64(560.1372240300631), np.float64(138.50713863733003)), (np.float64(1011.5404181553815), np.float64(1577.8847019822028), np.float64(55.10071272899434)), (np.float64(935.5670285534904), np.float64(1537.8274703981438), np.float64(44.416884647921364)), (np.float64(465.5349127435757), np.float64(1889.236020159102), np.float64(91.98601189320122))]",-20.5952276423408,0.669754610644424,6,0,0,1.3857793858509542,363.88040125280565
182,19.82397547918213,1827232.308763114,0,74.66666666666667,79526.52203612885,10.0,687.5176187496751,0.0,0,100.0,"[(np.float64(1439.480405545712), np.float64(1443.3600596382082), np.float64(150.0)), (np.float64(1214.04814511928), np.float64(1649.16993610405), np.float64(94.16764957376401)), (np.float64(1783.6769123259974), np.float64(560.7568877577794), np.float64(139.76851238502994)), (np.float64(1008.5215019449302), np.float64(1575.3382969476002), np.float64(55.40701951934994)), (np.float64(935.7961340549684), np.float64(1536.3010131893304), np.float64(42.524885550116686)), (np.float64(465.0414329425161), np.float64(1889.0792231445757), np.float64(92.49180823139184))]",-20.5952276423408,0.6692954416054238,6,0,0,1.3775071170004956,368.46599480167595
183,20.028463258903503,1977440.066766367,0,74.0,79768.32644184079,10.0,687.5176187496751,0.0,0,100.0,"[(np.float64(1437.7209850164982), np.float64(1441.9871247473668), np.float64(150.0)), (np.float64(1213.5628476733505), np.float64(1649.261146726113), np.float64(95.85746968162437)), (np.float64(1785.9211804579102), np.float64(564.7364539691304), np.float64(140.39054179194005)), (np.float64(1009.1545710713411), np.float64(1578.1957020618352), np.float64(55.86122512956671)), (np.float64(936.1829359657045), np.float64(1539.8515561714673), np.float64(41.56235147509055)), (np.float64(465.48840279743314), np.float64(1884.3173298173474), np.float64(91.6460756017358))]",-20.5952276423408,0.6688353862686994,6,0,0,1.3801660101725644,397.98756337031045
184,20.305813349243273,2075577.4643893426,1,74.66666666666667,79911.94344992976,10.0,687.5176187496751,0.0,0.0,96.90402476780186,"[(np.float64(1436.8839871623102), np.float64(1442.524287913431), np.float64(145.97159733771355)), (np.float64(1209.8842640989797), np.float64(1649.3069159782688), np.float64(94.65539776284136)), (np.float64(1788.6702114142477), np.float64(567.7286411935848), np.float64(142.11469388081738)), (np.float64(1010.2453341675568), np.float64(1576.5809108881738), np.float64(56.800294768500066)), (np.float64(935.5065621759271), np.float64(1541.6876295480338), np.float64(43.12362408507086)), (np.float64(467.3112410835244), np.float64(1881.5107716203313), np.float64(89.72350995437176))]",-20.5952276423408,0.668372899827309,6,0,0,1.3874593241716429,415.54320592996453
185,19.945663889054632,2083215.3501019042,161,73.0,80064.02257230622,10.0,687.5176187496751,0.0,100.0,-398.452012383901,"[(np.float64(1437.967853585527), np.float64(1445.1231701023714), np.float64(147.55568255765178)), (np.float64(1210.4291640041797), np.float64(1646.0790492885037), np.float64(94.017744083445)), (np.float64(1789.8656486723075), np.float64(567.3219563324586), np.float64(140.77437107552578)), (np.float64(1005.9382906047987), np.float64(1580.4156294399465), np.float64(55.8975697816187)), (np.float64(938.9795971864133), np.float64(1544.9068460619137), np.float64(45.91502404555577)), (np.float64(469.11299930771025), np.float64(1879.0959018572753), np.float64(89.83863289086364))]",-20.5952276423408,0.6679109129144797,6,0,0,1.3859607384876746,417.52332119832874
186,19.400774109401013,1718540.9364109442,2,74.66666666666667,80565.2761083736,10.0,687.5176187496751,0.0,50.0,93.80804953560371,"[(np.float64(1434.0200482337225), np.float64(1442.9753435337607), np.float64(144.41533662253974)), (np.float64(1213.3360923334164), np.float64(1645.4740228532773), np.float64(95.9876462833782)), (np.float64(1790.4416174067412), np.float64(570.1709916372834), np.float64(138.08699812197852)), (np.float64(1007.8556832968088), np.float64(1580.4813324784366), np.float64(53.47677602961275)), (np.float64(938.7679306582801), np.float64(1543.261473250469), np.float64(45.14179963998565)), (np.float64(469.90734784268255), np.float64(1879.2712226163887), np.float64(88.73969737750248))]",-20.5952276423408,0.6674484373521978,6,0,0,1.3874266868456877,344.07041962100277
187,20.021182838976085,2056899.5061108565,1,72.66666666666667,80727.67107474105,10.0,687.5176187496751,0.0,0.0,96.90402476780186,"[(np.float64(1431.9756383281365), np.float64(1440.3657316618685), np.float64(146.78316294823773)), (np.float64(1213.9070198817726), np.float64(1641.4806137271596), np.float64(93.47353975062877)), (np.float64(1793.9183925240375), np.float64(571.2910961285842), np.float64(138.03426389788197)), (np.float64(1004.5907778603217), np.float64(1582.5947670440794), np.float64(50.92058557829434)), (np.float64(939.0611498096233), np.float64(1545.8031998827742), np.float64(44.14301549581909)), (np.float64(470.55932043087154), np.float64(1880.4807517059355), np.float64(87.42817483135603))]",-20.5952276423408,0.6669858931874567,6,0,0,1.3876324942232268,411.7523741324036
188,19.704288995249577,1867206.6721078798,0,73.33333333333333,81080.00887511147,10.0,687.5176187496751,0.0,0,100.0,"[(np.float64(1430.3391541288856), np.float64(1441.0983173944326), np.float64(147.47851620787748)), (np.float64(1213.649030435736), np.float64(1639.6039339520405), np.float64(91.87281485594401)), (np.float64(1793.6528887734166), np.float64(569.5691553919893), np.float64(139.73895391236212)), (np.float64(1002.6453327316887), np.float64(1584.7003856444053), np.float64(51.12452209239975)), (np.float64(937.65121630268), np.float64(1543.2320037421305), np.float64(46.586376561382416)), (np.float64(471.3718527002546), np.float64(1880.6854319109857), np.float64(86.7829038878544))]",-20.5952276423408,0.6665263870087431,6,0,0,1.3785185361406864,376.25066796855407
189,19.4873487540742,1746199.26417258,0,73.0,81553.4540834172,10.0,687.5176187496751,0.0,0,100.0,"[(np.float64(1431.5846771970878), np.float64(1439.4215650404687), np.float64(150.0)), (np.float64(1214.491726047726), np.float64(1640.1205621477989), np.float64(89.06052776863287)), (np.float64(1792.3075523492255), np.float64(572.4474091226649), np.float64(142.41005106377582)), (np.float64(1001.3658684776889), np.float64(1582.768040285587), np.float64(53.43836463756107)), (np.float64(937.6230776368313), np.float64(1542.87323066883), np.float64(45.850772203681096)), (np.float64(468.2032145600144), np.float64(1882.1236297806042), np.float64(85.98763770258341))]",-20.5952276423408,0.6660646756728676,6,0,0,1.3851340076264,350.1865873542827
190,19.73745219804354,2047624.926596505,159,73.0,81740.87362929905,10.0,687.5176187496751,0.0,101.88679245283019,-392.26006191950466,"[(np.float64(1431.0134389510115), np.float64(1437.7666403397707), np.float64(149.0173064036016)), (np.float64(1216.7964850405804), np.float64(1639.5500655122012), np.float64(89.40735215512586)), (np.float64(1792.6392009058552), np.float64(570.9836302876201), np.float64(144.3858933073354)), (np.float64(1000.831823079619), np.float64(1581.992679151139), np.float64(56.11109087892902)), (np.float64(937.151832268236), np.float64(1540.966611755438), np.float64(44.63891493116122)), (np.float64(470.87631078746716), np.float64(1883.9195830984572), np.float64(87.60382030779745))]",-20.567975154818946,0.6656045565963751,6,0,0,1.380357229477974,412.056161757103
191,20.629964398398307,2361907.0750151956,3,77.0,81740.87362929905,10.0,800.012126489497,0.0,100.0,90.71207430340557,"[(np.float64(1433.4206729995578), np.float64(1436.9512595684641), np.float64(150.0)), (np.float64(1218.5162559975333), np.float64(1638.1531364136956), np.float64(88.53100109695359)), (np.float64(1795.155809313341), np.float64(571.4553556489304), np.float64(143.40622279347215)), (np.float64(999.7653368093545), np.float64(1580.8599316298546), np.float64(58.74882496054443)), (np.float64(938.187183072694), np.float64(1539.340388297519), np.float64(46.193679927019375)), (np.float64(472.3880532695833), np.float64(1885.336651215423), np.float64(87.12269932378797))]",-20.567975154818946,0.6651447249558854,6,0,0,1.3794949214687158,475.598197865646
192,19.414661076190782,1791421.1924426924,0,75.0,82311.85951187153,10.0,780.545974786096,0.0,0,100.0,"[(np.float64(1431.586770489219), np.float64(1433.585465403198), np.float64(148.57761926562702)), (np.float64(1219.868605682872), np.float64(1639.7906437425509), np.float64(89.01957917328625)), (np.float64(1797.6936271606246), np.float64(570.9884691829232), np.float64(142.45750237820866)), (np.float64(1001.5087251443128), np.float64(1579.4565426091929), np.float64(58.40357060339697)), (np.float64(939.9941137344167), np.float64(1540.4378815952182), np.float64(46.48386852277153)), (np.float64(471.844685272118), np.float64(1885.2916441002608), np.float64(88.66964543730158))]",-20.567975154818946,0.6646858810713154,6,0,0,1.3765316537105003,361.5005848644307
193,19.32137765986281,1744189.490651665,2,75.33333333333333,82930.17709623504,10.0,687.5176187496751,0.0,150.0,93.80804953560371,"[(np.float64(1433.325699296354), np.float64(1430.8572898716156), np.float64(148.40226654962652)), (np.float64(1222.7248148718686), np.float64(1636.2637211126198), np.float64(87.81054837771177)), (np.float64(1795.3192654634706), np.float64(570.8015899015281), np.float64(143.40026577395702)), (np.float64(1002.0483899127469), np.float64(1581.0501988973242), np.float64(57.37593882336859)), (np.float64(939.1147856862867), np.float64(1541.5277572875848), np.float64(47.219035009996794)), (np.float64(469.32077060281176), np.float64(1886.365731193355), np.float64(84.4376201872887))]",-20.567975154818946,0.6642248112972423,6,0,0,1.3832093222194066,350.2702540778004
194,19.70365661173081,1971644.975303064,1,74.33333333333333,83320.63919594715,10.0,687.5176187496751,0.0,0.0,96.90402476780186,"[(np.float64(1433.7600815825724), np.float64(1431.4402247167209), np.float64(150.0)), (np.float64(1223.8708710932353), np.float64(1635.364425729987), np.float64(89.13002762725233)), (np.float64(1793.1420576203839), np.float64(567.4695085763802), np.float64(145.11490900613052)), (np.float64(1002.3558939233241), np.float64(1579.3409037928598), np.float64(56.103104926913836)), (np.float64(935.0621025119956), np.float64(1537.9995994675864), np.float64(44.681357152628394)), (np.float64(470.33538736730657), np.float64(1885.373931511642), np.float64(84.51981361538809))]",-20.567975154818946,0.6637640055927787,6,0,0,1.3824171133904852,396.175043336364
195,18.91462464663025,1712894.3549349918,155,72.0,83985.60191602737,10.0,687.5176187496751,0.0,101.29032258064517,-379.8761609907121,"[(np.float64(1433.3378503437486), np.float64(1432.2742804645447), np.float64(149.09075502749903)), (np.float64(1219.9270688058616), np.float64(1640.2365666496423), np.float64(89.20942630832616)), (np.float64(1790.404542386087), np.float64(566.4744738650561), np.float64(146.91695562816722)), (np.float64(1003.7575403774988), np.float64(1577.378545242165), np.float64(62.15038619626154)), (np.float64(933.7903482861384), np.float64(1541.3777617148157), np.float64(42.36753015731702)), (np.float64(471.3586354803523), np.float64(1883.456457208581), np.float64(81.84633642656556))]",-20.567975154818946,0.6632997409941586,6,0,0,1.392793795860584,341.61839957647913
196,19.03760437024316,1871162.058290949,1,72.0,84476.74693275162,10.0,687.5176187496751,0.0,0.0,96.90402476780186,"[(np.float64(1436.3196795866036), np.float64(1432.4107991590179), np.float64(148.95301186976982)), (np.float64(1218.4739387701727), np.float64(1639.0253360484026), np.float64(88.79593259170964)), (np.float64(1789.618831486975), np.float64(570.3049449219204), np.float64(144.27331527507175)), (np.float64(1004.754651420179), np.float64(1574.361284998055), np.float64(61.83699576173895)), (np.float64(931.8478225605392), np.float64(1542.2126344804717), np.float64(39.41732232481199)), (np.float64(470.17127191539356), np.float64(1881.9632827726514), np.float64(83.97733179452023))]",-20.567975154818946,0.6628385458538661,6,0,0,1.3835854208774392,375.6668945561219
197,19.50160031422547,1953713.9949665947,0,74.0,84885.34001280018,10.0,687.5176187496751,0.0,0,100.0,"[(np.float64(1436.4829998719056), np.float64(1429.9568970616165), np.float64(150.0)), (np.float64(1219.1415136080946), np.float64(1638.7806166993823), np.float64(89.39899198107643)), (np.float64(1788.1984602856087), np.float64(568.0962840086842), np.float64(141.8297508302833)), (np.float64(1004.8041665012672), np.float64(1577.6035601246092), np.float64(59.806548397560604)), (np.float64(931.9951571678024), np.float64(1541.80197450287), np.float64(39.535264692172575)), (np.float64(471.64481446767377), np.float64(1882.2875068919507), np.float64(88.15805711321403))]",-20.567975154818946,0.6623778916185453,6,0,0,1.3819627059620878,392.70114135052023
198,19.234816519730604,1867899.1721574797,2,73.33333333333333,85379.84791565791,10.0,687.5176187496751,0.0,150.0,93.80804953560371,"[(np.float64(1438.2422380480878), np.float64(1431.7836496762911), np.float64(149.04692613901383)), (np.float64(1218.5856832590057), np.float64(1637.0248454100272), np.float64(85.36948181730911)), (np.float64(1788.752216548784), np.float64(569.4892903517805), np.float64(144.5273717577714)), (np.float64(1005.9958902867052), np.float64(1579.5147464497288), np.float64(57.965012491580055)), (np.float64(929.9711566877239), np.float64(1541.8982818307857), np.float64(40.84417120471286)), (np.float64(474.8836389866605), np.float64(1884.156904760869), np.float64(84.60551754389067))]",-20.567975154818946,0.6619145952338766,6,0,0,1.3898891540062808,373.3109792671357
199,19.96959474682779,2168667.543054983,1,73.66666666666667,85573.28744761815,10.0,687.5176187496751,0.0,0.0,96.90402476780186,"[(np.float64(1434.9827798523493), np.float64(1431.1034991468591), np.float64(147.28777470337178)), (np.float64(1220.8628917569044), np.float64(1636.5733304076484), np.float64(85.7142906095592)), (np.float64(1790.2852104905617), np.float64(571.0067653652155), np.float64(148.43628580826328)), (np.float64(1007.9716605025541), np.float64(1580.508455758723), np.float64(54.16536728131972)), (np.float64(929.5397348538743), np.float64(1542.7595300185797), np.float64(41.7235168572656)), (np.float64(473.6282644851679), np.float64(1884.9116493770657), np.float64(82.48954069815872))]",-20.567975154818946,0.6614524301554585,6,0,0,1.3864952352543267,434.48230872434686
