step,avg_sinr,total_throughput,handover_count,coverage,regret,avg_load,cell_edge_rate,outage_prob,pingpong_rate,drone_handover_reduction,drone_positions,drone_rewards,avg_battery_pct,drones_active,drones_charging,drones_rtb,total_energy_consumed_wh,fleet_efficiency
0,24.618483868970007,512276.08833410754,0,80.33333333333333,0.0,10.0,6.918907427911034,0.0,0,0.0,"[(np.float64(633.2337991298247), np.float64(1750.2766380016276), np.float64(93.41240263123528)), (np.float64(1437.3243032560622), np.float64(1654.2199509790064), np.float64(36.232371569266775)), (np.float64(947.3349247280846), np.float64(1725.8804443295112), np.float64(111.17053334273129)), (np.float64(1418.131179693165), np.float64(2260.0666763052677), np.float64(37.75758266886018)), (np.float64(2314.775392428108), np.float64(748.7422666643954), np.float64(107.83460027338424)), (np.float64(2233.477390263529), np.float64(1082.377859378167), np.float64(55.30703611601724))]",0.0,0.8569412013937594,6,0,0,1.3855838742563638,102.69960272344547
1,21.57175239265208,180577.22355046956,0,71.66666666666667,332.7488647836386,10.0,6.918907427911034,0.0,0,0.0,"[(np.float64(632.7196909527912), np.float64(1752.9160863340903), np.float64(93.31575834419762)), (np.float64(1436.7528762846348), np.float64(1658.3203921766133), np.float64(36.71711030661366)), (np.float64(945.7185746059375), np.float64(1728.849614402374), np.float64(110.72128678999184)), (np.float64(1420.8139783643385), np.float64(2260.220946634853), np.float64(38.73433613350944)), (np.float64(2314.437184974593), np.float64(748.2170363622266), np.float64(107.13743830775368)), (np.float64(2235.4138548499304), np.float64(1082.865384388367), np.float64(56.719559594764945))]",0.0,0.8564822068560397,6,0,0,1.3769836131587632,36.427695577338035
2,22.034906644345725,189894.57041724693,0,73.0,656.0303827004999,10.0,6.918907427911034,0.0,0,0.0,"[(np.float64(631.1021837968492), np.float64(1754.232451119332), np.float64(92.95592604521899)), (np.float64(1434.6723764949463), np.float64(1659.5821122012226), np.float64(37.42403684924153)), (np.float64(949.7434342999966), np.float64(1728.4217005909677), np.float64(111.34383555181165)), (np.float64(1421.4488585548577), np.float64(2257.4264626471177), np.float64(39.95086138555771)), (np.float64(2315.657670633609), np.float64(751.9838287358538), np.float64(107.43909831536438)), (np.float64(2236.9212587644956), np.float64(1082.247500220507), np.float64(56.94168709986027))]",0.0,0.8560231133466933,6,0,0,1.3772805280388267,38.29901803496751
3,22.17741204813195,197843.3616813359,0,74.0,971.4131093532719,10.0,6.918907427911034,0.0,0,0.0,"[(np.float64(629.774607812359), np.float64(1755.8214681038787), np.float64(95.68111199289858)), (np.float64(1436.2956273677335), np.float64(1655.23895430163), np.float64(36.45801181302794)), (np.float64(950.3459382646612), np.float64(1731.5173990959813), np.float64(112.80726830874276)), (np.float64(1421.2703238620977), np.float64(2256.497995893005), np.float64(42.52999939266012)), (np.float64(2320.2617170569238), np.float64(749.9548937685906), np.float64(106.03040188849201)), (np.float64(2236.735303489389), np.float64(1085.0004056401506), np.float64(56.17584826772819))]",0.0,0.8555605825724423,6,0,0,1.3875923227534441,39.60564529996441
4,22.176050161054178,295858.4553669807,0,74.33333333333333,1188.6807423203995,10.0,6.918907427911034,0.0,0,0.0,"[(np.float64(629.5077057233457), np.float64(1758.614440874529), np.float64(91.51024686547287)), (np.float64(1435.057847202118), np.float64(1655.6391694703775), np.float64(34.15094206329959)), (np.float64(950.8813976977609), np.float64(1734.087681089847), np.float64(112.21848320248404)), (np.float64(1423.9659040887245), np.float64(2254.3063090505425), np.float64(40.75795319134314)), (np.float64(2322.0610797194136), np.float64(746.8835855921387), np.float64(103.9606725508408)), (np.float64(2233.4159621237095), np.float64(1083.738787023697), np.float64(54.167576776313844))]",0.0,0.8550970145949816,6,0,0,1.390703932382364,59.094464576526526
5,18.960882644052194,224139.57607829032,206,67.66666666666666,1496.2672545762173,10.0,7.800891775429064,0.0,120.3883495145631,0.0,"[(np.float64(629.1673580485528), np.float64(1757.6433945246044), np.float64(94.58447821443737)), (np.float64(1437.2175759146767), np.float64(1653.8206498446687), np.float64(34.079877293965104)), (np.float64(949.6593994956986), np.float64(1730.9460267242946), np.float64(112.73227066282656)), (np.float64(1421.696915329595), np.float64(2256.8815157613944), np.float64(42.87771205680979)), (np.float64(2322.658535106993), np.float64(748.5439409735068), np.float64(103.11935418481977)), (np.float64(2234.5146510508525), np.float64(1082.9648936941455), np.float64(55.63172825064717))]",0.0,0.8546366707614541,6,0,0,1.3810315005818996,45.08296395038556
6,19.432896039466364,228704.03479954993,5,68.66666666666667,1781.9893081107757,10.0,7.800891775429064,0.0,200.0,0.0,"[(np.float64(627.0538826162377), np.float64(1758.9697506291727), np.float64(96.55210592212985)), (np.float64(1436.3729825942137), np.float64(1650.6045817652273), np.float64(36.31193690956824)), (np.float64(948.9790624953864), np.float64(1730.2147784785952), np.float64(111.10587187791802)), (np.float64(1422.0296045139241), np.float64(2259.668949798846), np.float64(42.52561496519514)), (np.float64(2323.909291570353), np.float64(747.4224749338522), np.float64(102.06906905014282)), (np.float64(2232.464219029922), np.float64(1084.2127736282384), np.float64(52.92098012542571))]",0.0,0.8541754841234345,6,0,0,1.383559914058987,45.91698408567946
7,18.589923027805877,183916.8855740712,0,67.0,2112.598510870812,10.0,7.800891775429064,0.0,0,0.0,"[(np.float64(626.04463485323), np.float64(1758.4899642817666), np.float64(97.87412691054693)), (np.float64(1436.2569347511974), np.float64(1652.2549952875831), np.float64(38.00702958099133)), (np.float64(950.3027288622367), np.float64(1729.291188810785), np.float64(111.47686381896395)), (np.float64(1421.6544462371598), np.float64(2260.5578566345703), np.float64(39.22379386357283)), (np.float64(2326.7154302332156), np.float64(749.5069259898776), np.float64(100.99538217180103)), (np.float64(2228.587572773542), np.float64(1087.0369505480558), np.float64(52.54119162022667))]",0.0,0.8537151466003126,6,0,0,1.381012569366346,36.99316349743015
8,20.050966957879908,209010.6127213677,7,70.66666666666667,2417.863986483552,10.0,7.800891775429064,0.0,200.0,0.0,"[(np.float64(624.7832071358982), np.float64(1758.5385430893832), np.float64(100.0941172536846)), (np.float64(1434.3248826106028), np.float64(1657.5284405604955), np.float64(38.78122390469669)), (np.float64(950.0139297334268), np.float64(1731.2612544563854), np.float64(111.32029123413771)), (np.float64(1426.2762474641606), np.float64(2257.299998900092), np.float64(38.03506485372954)), (np.float64(2324.955970385954), np.float64(751.0360239977836), np.float64(101.89526070627333)), (np.float64(2231.9698076993304), np.float64(1090.0151268809375), np.float64(53.52437223176251))]",0.0,0.8532535541403353,6,0,0,1.3847773799311236,41.926236213217884
9,19.298379383812954,197981.4323754927,19,71.0,2735.258642442167,10.0,7.800891775429064,0.0,0.0,0.0,"[(np.float64(625.4258874441109), np.float64(1758.927529258129), np.float64(102.66521713271929)), (np.float64(1434.038941491342), np.float64(1657.8332369898133), np.float64(40.12030451688062)), (np.float64(947.3255603626841), np.float64(1731.348713172136), np.float64(109.29449842691903)), (np.float64(1423.0334853639772), np.float64(2254.2899031351963), np.float64(40.459043328709136)), (np.float64(2325.6148603721945), np.float64(752.0339653550436), np.float64(104.51130961654069)), (np.float64(2229.3805129029065), np.float64(1090.9969782782057), np.float64(52.74708037519215))]",0.0,0.8527919326662879,6,0,0,1.384864422142487,39.71135473423794
10,21.680350271586068,205018.21950115063,28,75.0,3044.716511275124,10.0,7.175085094490663,0.0,164.28571428571428,0.0,"[(np.float64(625.0581400015578), np.float64(1760.5514622684102), np.float64(102.67004367181848)), (np.float64(1433.9523196242196), np.float64(1658.2906690865395), np.float64(36.19582694413337)), (np.float64(948.297748175632), np.float64(1731.2345429558882), np.float64(110.47522292904637)), (np.float64(1423.5794973615125), np.float64(2255.391727608482), np.float64(39.020956595252)), (np.float64(2323.9162672710813), np.float64(751.1805970764525), np.float64(102.29660911322789)), (np.float64(2232.393935731286), np.float64(1093.5770722100954), np.float64(51.42569697650867))]",-12.760658461567521,0.852331650958535,6,0,0,1.3808451232590533,41.24250030486748
11,21.800316326154796,215156.32912131882,13,76.0,3343.686270487913,10.0,6.9603257501150715,0.0,76.92307692307693,0.0,"[(np.float64(623.9256079460905), np.float64(1761.064486710233), np.float64(102.61011214086642)), (np.float64(1429.7771447598427), np.float64(1657.8150105719883), np.float64(37.50822607229592)), (np.float64(950.3780407277419), np.float64(1731.00787973387), np.float64(113.83786434053604)), (np.float64(1423.0321693186818), np.float64(2255.831441578408), np.float64(40.73754460288092)), (np.float64(2323.295225061953), np.float64(748.6567541923615), np.float64(100.19140314382358)), (np.float64(2230.619204171451), np.float64(1093.33443697147), np.float64(51.03373823459921))]",-12.760658461567521,0.8518712217668171,6,0,0,1.3812875751531206,43.26806962809239
12,22.269379131158438,187048.88758900855,12,76.0,3670.3134712330125,10.0,6.758048846798511,0.0,108.33333333333333,0.0,"[(np.float64(623.3935481652874), np.float64(1764.2593516054635), np.float64(102.07484839251578)), (np.float64(1428.8914881315197), np.float64(1657.8212077082255), np.float64(37.69925616762805)), (np.float64(948.7148081424878), np.float64(1732.0688400888025), np.float64(112.45139424662949)), (np.float64(1424.0898904867095), np.float64(2254.410859723666), np.float64(40.556213110296696)), (np.float64(2324.6430637140966), np.float64(746.9321186814408), np.float64(99.05146172793889)), (np.float64(2234.1946378012317), np.float64(1093.5846695246787), np.float64(52.99599496618669))]",-12.760658461567521,0.8514121564033581,6,0,0,1.3771960903770113,37.727397495048436
13,22.35806260191837,237894.54052905436,169,75.66666666666667,3962.0450190380657,10.0,6.758048846798511,0.0,100.0,0.0,"[(np.float64(626.5119362962331), np.float64(1762.0401842296185), np.float64(99.11406983442413)), (np.float64(1429.2482781294598), np.float64(1660.048315204764), np.float64(36.535543010709915)), (np.float64(948.6060762359471), np.float64(1731.337379324904), np.float64(110.3040179481351)), (np.float64(1426.3455957396172), np.float64(2253.5496783907142), np.float64(42.51023389415285)), (np.float64(2327.401487564887), np.float64(744.6839396008073), np.float64(99.61842429401963)), (np.float64(2232.9457854922143), np.float64(1095.4748088661627), np.float64(54.93840406044506))]",-12.760658461567521,0.8509502250122708,6,0,0,1.3857941732619221,47.68515995278067
14,23.598616208735724,269361.2392900804,14,79.33333333333333,4206.159868082093,10.0,6.837532184014217,0.0,185.71428571428572,0.0,"[(np.float64(626.5176414133052), np.float64(1762.6804956882236), np.float64(94.09098099331364)), (np.float64(1426.1170289490885), np.float64(1658.869770211435), np.float64(35.41359973858292)), (np.float64(946.568506174395), np.float64(1731.5171397596828), np.float64(108.89644005599452)), (np.float64(1427.4699203405244), np.float64(2252.0957290415413), np.float64(44.256493318861445)), (np.float64(2328.7857168825713), np.float64(744.1755466053597), np.float64(102.53424376217)), (np.float64(2233.7658651254997), np.float64(1096.9958266351948), np.float64(52.43700141171742))]",-12.760658461567521,0.8504875586399264,6,0,0,1.387999117033338,53.906782469278504
15,20.3172287288063,225547.5447851829,20,69.66666666666667,4495.938411631018,10.0,7.40351909880724,0.0,190.0,0.0,"[(np.float64(623.537990240583), np.float64(1761.1604963264845), np.float64(93.82462778624473)), (np.float64(1422.519387969164), np.float64(1655.9331526731928), np.float64(37.852943587027085)), (np.float64(948.608363782936), np.float64(1727.585531066843), np.float64(108.38857417118535)), (np.float64(1424.7055864426368), np.float64(2253.67269807104), np.float64(43.49531008813682)), (np.float64(2329.2101188594993), np.float64(740.1255300308054), np.float64(102.95966540979292)), (np.float64(2230.947522079319), np.float64(1095.5607280739302), np.float64(52.0800849174913))]",-12.760658461567521,0.8500262352787654,6,0,0,1.38397008348334,45.26983387962527
16,20.002162036722954,204970.6064122882,12,71.0,4805.643893552839,10.0,7.597012688775401,0.0,166.66666666666669,0.0,"[(np.float64(624.9186006896392), np.float64(1762.4502440334709), np.float64(93.00636415627697)), (np.float64(1419.9846276980463), np.float64(1658.7887465967174), np.float64(41.03203325117611)), (np.float64(946.3076917531478), np.float64(1725.4768411733996), np.float64(106.31446907198185)), (np.float64(1425.4504641101835), np.float64(2252.2745648115306), np.float64(42.335758851386544)), (np.float64(2329.9536455710445), np.float64(739.2780513395788), np.float64(100.7805834015641)), (np.float64(2230.610235641081), np.float64(1096.8409839168548), np.float64(51.146398991821705))]",-12.760658461567521,0.8495650953835397,6,0,0,1.3834196856769636,41.15618719933691
17,20.500379426296632,273430.358642709,5,72.33333333333334,5046.439623244237,10.0,7.800891775429064,0.0,160.0,0.0,"[(np.float64(624.155847531205), np.float64(1761.5827582425118), np.float64(91.88102047692067)), (np.float64(1419.0169189080939), np.float64(1657.4092549027039), np.float64(47.76365366651336)), (np.float64(945.3523567477929), np.float64(1724.115863669943), np.float64(104.39681630445031)), (np.float64(1427.102332418133), np.float64(2253.1590553419337), np.float64(37.9762782233264)), (np.float64(2331.500602391761), np.float64(738.1014987251349), np.float64(101.95346821704048)), (np.float64(2231.494245104273), np.float64(1098.7475701849155), np.float64(52.23161816168802))]",-12.760658461567521,0.8491018336604227,6,0,0,1.3897851693508276,54.650804365850504
18,18.81257341804135,185496.07916310156,169,70.0,5391.319632415243,10.0,7.961129896411087,0.0,104.73372781065089,0.0,"[(np.float64(623.3133421728181), np.float64(1760.0102700098842), np.float64(89.8484404189178)), (np.float64(1416.8342292540656), np.float64(1655.083733248859), np.float64(48.18718836171397)), (np.float64(942.6216861246509), np.float64(1724.176725149749), np.float64(101.80400182112845)), (np.float64(1425.7944320512336), np.float64(2254.2138021711744), np.float64(37.3690460573393)), (np.float64(2332.0086446773785), np.float64(738.0036103363709), np.float64(102.87073793676096)), (np.float64(2229.7709569434937), np.float64(1100.9889827206007), np.float64(52.671429519414566))]",-12.760658461567521,0.8486422730113411,6,0,0,1.378681947244692,37.373876374745926
19,18.925562244443622,208054.23733858115,11,69.33333333333334,5698.39148341077,10.0,7.961129896411087,0.0,109.09090909090908,0.0,"[(np.float64(624.8458386556731), np.float64(1756.4145887884602), np.float64(90.36596778567753)), (np.float64(1416.6781852893098), np.float64(1653.9814457000684), np.float64(48.92427870370648)), (np.float64(943.0381372850633), np.float64(1725.93892955765), np.float64(101.48784527749946)), (np.float64(1424.8885497007248), np.float64(2254.1118714921586), np.float64(40.17653340686066)), (np.float64(2334.889481567789), np.float64(736.5484788262255), np.float64(98.29902588668067)), (np.float64(2230.7024329301953), np.float64(1100.740291774252), np.float64(52.683827326838376))]",-12.760658461567521,0.8481820304750114,6,0,0,1.3807276089891027,41.85680312967332
20,19.8230311723524,225469.38862594674,21,71.66666666666667,5988.098183118931,10.0,7.961129896411087,0.0,171.42857142857142,39.13043478260869,"[(np.float64(621.875107933046), np.float64(1755.010288346093), np.float64(90.17790014593932)), (np.float64(1414.9555107162205), np.float64(1653.6251761115498), np.float64(52.60504303890788)), (np.float64(939.2599447269827), np.float64(1726.814665875129), np.float64(102.62445226460925)), (np.float64(1426.082704464951), np.float64(2255.1150331939584), np.float64(41.35679154108638)), (np.float64(2336.739249469321), np.float64(734.3210021302664), np.float64(99.96601953170732)), (np.float64(2231.42051300913), np.float64(1100.6798498883657), np.float64(54.646295157011295))]",-21.686873787986134,0.8477207922485004,6,0,0,1.3837146795331543,45.26250003401008
21,19.673923638008496,220148.99209192008,8,70.0,6282.675279361119,10.0,7.961129896411087,0.0,175.0,76.81159420289855,"[(np.float64(617.1661584328963), np.float64(1757.7223497287218), np.float64(91.55672951866656)), (np.float64(1412.2870761878414), np.float64(1655.7166656926893), np.float64(53.2503875402903)), (np.float64(938.8829085407721), np.float64(1723.4239177379932), np.float64(105.56201985773265)), (np.float64(1427.575069670993), np.float64(2256.3769976187787), np.float64(43.10353538780186)), (np.float64(2337.670551808084), np.float64(734.8331908190261), np.float64(99.30612330443917)), (np.float64(2231.82485412654), np.float64(1100.6612666268165), np.float64(55.017482641489195))]",-21.686873787986134,0.8472600818399565,6,0,0,1.3821312256312528,44.24507360028806
22,19.27123405297437,209761.40703424028,11,70.66666666666667,6587.689960660986,10.0,7.961129896411087,0.0,127.27272727272727,68.11594202898551,"[(np.float64(616.1758151980031), np.float64(1757.7827064782603), np.float64(90.76511220903195)), (np.float64(1411.050017541846), np.float64(1651.8996358653353), np.float64(53.40132765136757)), (np.float64(941.3079288288608), np.float64(1721.4632248884707), np.float64(107.12616925414005)), (np.float64(1429.6377084959593), np.float64(2258.502047943517), np.float64(38.80848723986837)), (np.float64(2336.643639470288), np.float64(733.5339659616383), np.float64(96.33869373655381)), (np.float64(2232.6232737281775), np.float64(1099.709255326869), np.float64(54.116856892584515))]",-21.686873787986134,0.8467984801146279,6,0,0,1.3848051759863291,42.07599633501544
23,19.771576010259846,291860.25680500094,10,70.33333333333334,6810.2557921900925,10.0,7.961129896411087,0.0,160.0,71.01449275362319,"[(np.float64(618.7974297223103), np.float64(1759.9966683791502), np.float64(89.90302011234951)), (np.float64(1410.2899185147187), np.float64(1654.4131809316261), np.float64(54.01716179888733)), (np.float64(942.3131114708294), np.float64(1723.2948764368648), np.float64(108.08041833872856)), (np.float64(1432.5642393124515), np.float64(2259.937209030254), np.float64(38.234909478298846)), (np.float64(2334.09160526541), np.float64(732.3602283282846), np.float64(94.06552130671643)), (np.float64(2230.581019411879), np.float64(1101.0835888666359), np.float64(53.52102958682572))]",-21.686873787986134,0.8463383500938938,6,0,0,1.380390062201866,58.73143814700168
24,19.89475370257038,259431.8180198634,15,70.66666666666667,7065.400062504337,10.0,7.961129896411087,0.0,120.0,56.52173913043479,"[(np.float64(620.6718451297348), np.float64(1760.0131579229287), np.float64(91.98904467584788)), (np.float64(1406.029522366014), np.float64(1654.7095919466833), np.float64(54.45559660680662)), (np.float64(942.4073306944216), np.float64(1725.510135784392), np.float64(110.1898453965706)), (np.float64(1432.3257836121475), np.float64(2257.6506431270573), np.float64(37.23761200386017)), (np.float64(2336.1224101293665), np.float64(732.8608576347311), np.float64(97.57981955910799)), (np.float64(2229.789656059137), np.float64(1100.161083314625), np.float64(53.67892784032336))]",-21.686873787986134,0.8458773850722999,6,0,0,1.3828950647818148,52.11125249461816
25,18.451966203446762,236700.80161968243,15,69.66666666666667,7344.225349218763,10.0,8.483935565671231,0.0,200.0,56.52173913043479,"[(np.float64(620.4994489664306), np.float64(1759.1498642477823), np.float64(93.71370870492377)), (np.float64(1402.9363268101838), np.float64(1651.6931940886707), np.float64(56.47777033869952)), (np.float64(944.0328028797203), np.float64(1724.5897690519178), np.float64(112.11887837796664)), (np.float64(1429.1044505138534), np.float64(2258.132726978561), np.float64(35.4411646553931)), (np.float64(2336.004912673831), np.float64(735.3446833862018), np.float64(95.95751742733428)), (np.float64(2231.850374988808), np.float64(1097.833934777552), np.float64(52.92183732433135))]",-21.686873787986134,0.8454156238231633,6,0,0,1.3852837474102604,47.46336105873743
26,16.615427071854715,236296.72303960673,132,64.0,7634.654714513264,10.0,9.605321679734091,0.0,121.21212121212122,-282.60869565217394,"[(np.float64(619.8078534434534), np.float64(1761.2247935372245), np.float64(93.88070751003012)), (np.float64(1402.0420634975699), np.float64(1655.8156752718342), np.float64(55.121032773906926)), (np.float64(944.3460046992307), np.float64(1727.7243527182284), np.float64(109.16297060682327)), (np.float64(1425.8864890173063), np.float64(2259.376440233079), np.float64(37.55120833755737)), (np.float64(2337.399737484881), np.float64(734.4710356694129), np.float64(96.09279524214585)), (np.float64(2234.5885739938767), np.float64(1097.7049175084942), np.float64(53.32441405249317))]",-21.686873787986134,0.8449547149447353,6,0,0,1.3827266352843575,47.46996040082393
27,16.287729613349267,221611.10025386227,14,64.66666666666666,7929.169702593509,10.0,9.685333208554619,0.0,171.42857142857142,59.42028985507246,"[(np.float64(621.5395077911763), np.float64(1761.6505186536594), np.float64(94.84672960295995)), (np.float64(1401.0919877909862), np.float64(1652.4483749192564), np.float64(55.19772902125621)), (np.float64(941.3508078707963), np.float64(1726.9857251413378), np.float64(107.10471930774051)), (np.float64(1428.7520770079186), np.float64(2261.3479642606203), np.float64(35.46098702257132)), (np.float64(2338.238077599813), np.float64(734.2240301261326), np.float64(97.67557817259656)), (np.float64(2235.8738721993377), np.float64(1101.1992908555558), np.float64(53.7713646464087))]",-21.686873787986134,0.8444940268052438,6,0,0,1.3820644184741337,44.541077924117246
28,16.278801904875902,226011.1762924618,21,65.33333333333333,8220.484614635156,10.0,9.685333208554619,0.0,142.85714285714286,39.13043478260869,"[(np.float64(621.3544589121509), np.float64(1764.4580706803654), np.float64(94.61065268142094)), (np.float64(1394.8895049074554), np.float64(1652.1217451146208), np.float64(54.10521246719113)), (np.float64(943.9059592756568), np.float64(1728.8953230154575), np.float64(107.24048751063883)), (np.float64(1426.2380716062723), np.float64(2261.7562324239443), np.float64(34.745888294544635)), (np.float64(2339.097507378998), np.float64(738.0495435313834), np.float64(95.18501337644544)), (np.float64(2236.461765467749), np.float64(1101.074859554073), np.float64(54.32922394002746))]",-21.686873787986134,0.8440334722308155,6,0,0,1.3816637232842646,45.43861233776131
29,17.324382032958482,279457.872515821,7,68.33333333333333,8456.252830453443,10.0,9.685333208554619,0.0,114.28571428571428,79.71014492753623,"[(np.float64(619.7862024896473), np.float64(1767.2155980846183), np.float64(93.07524179179411)), (np.float64(1393.6819839930206), np.float64(1651.6880290503777), np.float64(56.9485447547352)), (np.float64(944.4190434663664), np.float64(1726.8691541327112), np.float64(109.42857847979184)), (np.float64(1426.0613927920917), np.float64(2264.190484509489), np.float64(30.0)), (np.float64(2340.032473189889), np.float64(739.3004152923871), np.float64(95.80960381272433)), (np.float64(2239.180739946399), np.float64(1100.8519003743402), np.float64(55.771049016266424))]",-21.686873787986134,0.8435708126599232,6,0,0,1.3879787126772034,55.9282257724393
30,16.944703289904567,278515.4038216381,5,67.66666666666666,8693.263514965913,10.0,9.685333208554619,0.0,120.0,85.5072463768116,"[(np.float64(617.6234559324029), np.float64(1771.059025120449), np.float64(91.62279527114308)), (np.float64(1395.7542579242677), np.float64(1649.6202782742996), np.float64(56.81432352577424)), (np.float64(947.1242010799949), np.float64(1727.1400219306088), np.float64(105.65859997105818)), (np.float64(1426.7262602060819), np.float64(2261.614685180887), np.float64(30.0)), (np.float64(2340.9237632216473), np.float64(735.9490282280179), np.float64(92.83182877356268)), (np.float64(2235.499081389584), np.float64(1102.3967925662635), np.float64(59.35246908098426))]",-11.107858987262757,0.8431069135572672,6,0,0,1.3916973079677644,55.59067299154898
31,19.772780399330518,297753.2973236361,40,71.66666666666667,8911.686305976385,10.0,8.673804558348012,0.0,162.5,-15.94202898550725,"[(np.float64(618.9639746770669), np.float64(1773.4122325709484), np.float64(91.8273043899359)), (np.float64(1396.275756541065), np.float64(1647.8551588375603), np.float64(55.394689879190544)), (np.float64(947.8746904515591), np.float64(1727.4741702534284), np.float64(104.7843652647275)), (np.float64(1423.2706310718252), np.float64(2264.722344349767), np.float64(30.0)), (np.float64(2338.5956725057185), np.float64(736.1920829693249), np.float64(90.32282154008588)), (np.float64(2231.620120532682), np.float64(1101.4121349646853), np.float64(57.85555112061609))]",-11.107858987262757,0.8426465799457089,6,0,0,1.3810008346750156,59.89080323476355
32,18.894224103431135,232029.38628077018,134,69.0,9206.783008029723,10.0,8.94058970454663,0.0,82.83582089552239,-288.40579710144925,"[(np.float64(622.6350339490009), np.float64(1772.687665740239), np.float64(88.45314288377733)), (np.float64(1394.470953548853), np.float64(1647.940854244774), np.float64(54.38392116991125)), (np.float64(949.0989066307546), np.float64(1731.1350528626463), np.float64(103.48157723327571)), (np.float64(1424.7148585982268), np.float64(2262.4700172872194), np.float64(30.47271295542828)), (np.float64(2338.5005228863192), np.float64(738.4213584959933), np.float64(90.72536523768545)), (np.float64(2232.9534742751976), np.float64(1102.298120904517), np.float64(56.949940594618226))]",-11.107858987262757,0.8421859232013639,6,0,0,1.3819702330354762,46.6382022995132
33,20.174437098356233,272929.9079743997,9,75.33333333333333,9448.22918838943,10.0,8.94058970454663,0.0,133.33333333333331,73.91304347826086,"[(np.float64(622.1842692247081), np.float64(1777.0879298542927), np.float64(86.42746843353913)), (np.float64(1394.1202412688451), np.float64(1646.6295029510152), np.float64(56.39174940393402)), (np.float64(947.364923477568), np.float64(1731.6879459262025), np.float64(105.20933993430654)), (np.float64(1424.8910256286536), np.float64(2264.45254944247), np.float64(31.446768330273724)), (np.float64(2338.9000994569524), np.float64(737.2637662802625), np.float64(91.50221656849511)), (np.float64(2233.0256219248377), np.float64(1100.244535040251), np.float64(61.11566007755623))]",-11.107858987262757,0.8417241638424332,6,0,0,1.3852780767915025,54.72826329701083
34,21.622096229801834,368899.2514732348,13,76.33333333333333,9592.706025250303,10.0,8.872366592438741,0.0,153.84615384615387,62.31884057971014,"[(np.float64(622.1764737261706), np.float64(1781.6812496711875), np.float64(84.8933702078805)), (np.float64(1389.5559312783414), np.float64(1650.1328072106548), np.float64(59.21581169926151)), (np.float64(946.4085150086197), np.float64(1734.3572658608462), np.float64(104.26771675254076)), (np.float64(1422.1834219750738), np.float64(2264.862256558136), np.float64(30.288920286282227)), (np.float64(2337.3719089846154), np.float64(734.8055168996351), np.float64(88.70418254485753)), (np.float64(2233.1731720417233), np.float64(1101.3318083918398), np.float64(62.54612548492571))]",-11.107858987262757,0.8412609074469702,6,0,0,1.3897691863889403,73.7331171979539
35,21.066052460315806,329235.0456836771,4,74.33333333333333,9777.197067900734,10.0,8.872366592438741,0.0,100.0,88.40579710144928,"[(np.float64(621.9513139336397), np.float64(1780.430368625381), np.float64(85.66555195808041)), (np.float64(1388.380584904574), np.float64(1649.2163912159633), np.float64(56.489206444045074)), (np.float64(943.7414768419084), np.float64(1733.7343169283424), np.float64(101.3400773392934)), (np.float64(1422.5662823504329), np.float64(2265.275376723691), np.float64(30.908093244517794)), (np.float64(2335.224566699009), np.float64(735.5520709292069), np.float64(90.19710674277475)), (np.float64(2231.539719956121), np.float64(1098.6594555620427), np.float64(61.96800520107989))]",-11.107858987262757,0.8408007231961858,6,0,0,1.3805527523536305,66.24461050159918
36,21.832552708155866,297307.2719536148,8,76.0,9993.565884281226,10.0,8.872366592438741,0.0,150.0,76.81159420289855,"[(np.float64(623.0202201234131), np.float64(1781.5112691130173), np.float64(85.4992064414155)), (np.float64(1388.52440703835), np.float64(1649.9036693420364), np.float64(58.093199914831395)), (np.float64(945.1160324734022), np.float64(1731.7584097909184), np.float64(100.15412223366847)), (np.float64(1418.2834211666634), np.float64(2267.0789680388066), np.float64(30.0)), (np.float64(2334.4796033984685), np.float64(732.6852789928189), np.float64(89.18446152851642)), (np.float64(2229.2571435245686), np.float64(1100.480028889684), np.float64(58.34420602564425))]",-11.107858987262757,0.840339799248289,6,0,0,1.3827718436902408,59.72449735456774
37,22.824133819054282,350809.8784955777,6,80.0,10155.732094119756,10.0,8.872366592438741,0.0,133.33333333333331,82.6086956521739,"[(np.float64(622.9838774792789), np.float64(1779.0618221638892), np.float64(85.77408505091235)), (np.float64(1383.869127320252), np.float64(1651.1147252972462), np.float64(59.00046403097426)), (np.float64(947.1890172475421), np.float64(1732.084343258902), np.float64(98.18494507037126)), (np.float64(1417.2264591960168), np.float64(2266.777433890542), np.float64(31.078915295827265)), (np.float64(2338.1815933049056), np.float64(728.5319715682579), np.float64(89.22566060181587)), (np.float64(2228.5788648843436), np.float64(1096.7758189274648), np.float64(61.570245178779565))]",-11.107858987262757,0.8398780540237679,6,0,0,1.38523567356346,70.34701049844831
38,23.733460505717115,320188.2086049288,27,83.0,10349.069973848935,10.0,8.546294834508304,0.0,155.55555555555557,21.739130434782606,"[(np.float64(624.3363453028929), np.float64(1778.5306447743185), np.float64(86.18849853623358)), (np.float64(1387.7284775379917), np.float64(1646.3448825097223), np.float64(57.40845734285875)), (np.float64(946.3797242194008), np.float64(1731.1235891875485), np.float64(97.53956971093793)), (np.float64(1416.5422813001503), np.float64(2264.9523702663314), np.float64(30.0)), (np.float64(2336.020253057037), np.float64(729.0228417027998), np.float64(88.34182904461558)), (np.float64(2224.9922270494285), np.float64(1098.569277932185), np.float64(63.212304809777606))]",-11.107858987262757,0.8394176517892643,6,0,0,1.3812067035108515,64.39381508274435
39,23.187592440700985,271904.23444524984,82,81.0,10597.291827737792,10.0,8.609577609397446,0.0,106.09756097560977,-137.68115942028984,"[(np.float64(624.5133071347062), np.float64(1780.5715501196025), np.float64(88.76765635658215)), (np.float64(1385.8830325329898), np.float64(1646.9816616345693), np.float64(57.242033205829415)), (np.float64(945.6608501691206), np.float64(1732.2666710328467), np.float64(94.7778453990541)), (np.float64(1417.675381505076), np.float64(2264.531413839604), np.float64(30.0)), (np.float64(2335.7699857747707), np.float64(727.6303678584256), np.float64(87.86776156210753)), (np.float64(2227.0303878866034), np.float64(1100.172008863905), np.float64(61.83936059811545))]",-11.107858987262757,0.8389585338128228,6,0,0,1.3773539293241306,54.83627149459801
40,23.298075340212407,297859.85858386155,81,81.66666666666667,10819.808057488039,10.0,8.609577609397446,0.0,101.23456790123457,-134.7826086956522,"[(np.float64(627.9595117193661), np.float64(1781.3143845257482), np.float64(87.98731946946975)), (np.float64(1385.7136803769372), np.float64(1645.2298855085812), np.float64(62.488394112059154)), (np.float64(946.996628943197), np.float64(1732.1978326684116), np.float64(95.19250405410853)), (np.float64(1420.937831526502), np.float64(2262.2679600965844), np.float64(30.0)), (np.float64(2338.4450381584575), np.float64(728.1191664037495), np.float64(87.21271885828378)), (np.float64(2228.728692340757), np.float64(1099.9341354850083), np.float64(63.55229079796549))]",-17.693413426730206,0.8384975032476643,6,0,0,1.3830916954758892,59.82166611025722
41,22.710200060982395,324611.16653524013,15,79.66666666666666,11008.822979286906,10.0,8.609577609397446,0.0,106.66666666666667,56.52173913043479,"[(np.float64(626.0114737981901), np.float64(1779.99339022895), np.float64(84.2637785872266)), (np.float64(1385.1607407096462), np.float64(1644.106464421695), np.float64(64.44412337268554)), (np.float64(944.3625746509019), np.float64(1734.3521655991901), np.float64(93.70291183823555)), (np.float64(1422.9273669453846), np.float64(2258.9592473279085), np.float64(30.0)), (np.float64(2338.7052815381744), np.float64(729.5175794800604), np.float64(87.6833223527779)), (np.float64(2230.12026896133), np.float64(1101.7945464116362), np.float64(66.82264591609288))]",-17.693413426730206,0.8380356148556242,6,0,0,1.3856651761205063,65.07327313692223
42,23.414124150486785,312272.57494056097,3,80.66666666666666,11209.326492680453,10.0,8.673804558348012,0.0,133.33333333333331,91.30434782608697,"[(np.float64(625.5492476119502), np.float64(1779.994645762087), np.float64(82.74842606685428)), (np.float64(1383.7340603663931), np.float64(1642.6966475315737), np.float64(66.89282813030177)), (np.float64(941.8620986054596), np.float64(1735.5220459780603), np.float64(91.64590751368078)), (np.float64(1421.1899105075308), np.float64(2258.4439662610953), np.float64(31.922459090368022)), (np.float64(2339.7835590864656), np.float64(728.1085485135746), np.float64(89.72107521456537)), (np.float64(2229.5061263867133), np.float64(1102.7550914803792), np.float64(64.5788251857024))]",-17.693413426730206,0.8375744119754804,6,0,0,1.3836086404309869,62.692859377427574
43,22.73837458979665,341482.85785134975,15,80.0,11381.61972316321,10.0,8.94058970454663,0.0,173.33333333333334,56.52173913043479,"[(np.float64(629.1329223928641), np.float64(1779.341351469421), np.float64(83.46327886327651)), (np.float64(1385.597294112568), np.float64(1642.2148021174112), np.float64(68.28982713900852)), (np.float64(941.3853053563038), np.float64(1732.8519704742585), np.float64(94.61430127250225)), (np.float64(1418.4548261414616), np.float64(2259.0414621523023), np.float64(33.11461734543751)), (np.float64(2341.110612446051), np.float64(727.2463576030377), np.float64(93.95553011053613)), (np.float64(2228.28986113073), np.float64(1107.5308746240007), np.float64(65.64066539749727))]",-17.693413426730206,0.8371113922262015,6,0,0,1.3890592478369226,68.28819544656957
44,21.759211244793526,306594.4472868542,79,78.66666666666666,11594.001364210464,10.0,9.605321679734091,0.0,112.65822784810126,-128.9855072463768,"[(np.float64(627.4340211652918), np.float64(1778.6204494529338), np.float64(82.85487296676114)), (np.float64(1385.5007659420626), np.float64(1642.562821747511), np.float64(67.91819782014036)), (np.float64(941.4662756979038), np.float64(1730.782971047734), np.float64(94.92639474743984)), (np.float64(1417.3520461581302), np.float64(2259.043064420609), np.float64(30.0)), (np.float64(2346.0958487772964), np.float64(726.2696782864692), np.float64(97.85433472433627)), (np.float64(2226.0633361147175), np.float64(1107.940622637828), np.float64(66.87440234752452))]",-17.693413426730206,0.8366506636752528,6,0,0,1.3821856528463758,61.61626990626428
45,21.396848765350114,331459.48284491856,81,78.66666666666666,11783.267969699653,10.0,10.019168611562527,0.0,113.58024691358024,-134.7826086956522,"[(np.float64(622.9921276736384), np.float64(1778.8960253723262), np.float64(81.6201354001518)), (np.float64(1386.2685592843256), np.float64(1642.6044978668726), np.float64(70.66854091880718)), (np.float64(940.7785736211384), np.float64(1728.3359238877354), np.float64(95.09111450686592)), (np.float64(1414.6653475179828), np.float64(2262.2873617115088), np.float64(30.641804666130316)), (np.float64(2344.516241408579), np.float64(726.1790734569079), np.float64(100.63132360716739)), (np.float64(2222.3797985898805), np.float64(1110.8990155278789), np.float64(66.557279064643))]",-17.693413426730206,0.836189157266912,6,0,0,1.3845192250217928,66.50111959737049
46,22.23969898023482,353731.7892198489,11,79.0,11943.062268813912,10.0,9.685333208554619,0.0,154.54545454545453,68.11594202898551,"[(np.float64(622.5260722776119), np.float64(1779.024445881132), np.float64(83.7945909611158)), (np.float64(1387.5621763366612), np.float64(1646.7608749238036), np.float64(72.84292544307496)), (np.float64(942.3533289022794), np.float64(1729.558879173119), np.float64(96.51477687973393)), (np.float64(1412.9948075592863), np.float64(2259.868790831279), np.float64(30.669454267866257)), (np.float64(2342.433255570481), np.float64(728.3317365611111), np.float64(97.01506525623569)), (np.float64(2223.7823031817625), np.float64(1108.7704331864081), np.float64(67.60279962178437))]",-17.693413426730206,0.8357272820319118,6,0,0,1.385625705000868,70.91296732170926
47,22.104094625082084,332826.8477181786,1,80.33333333333333,12123.46150942984,10.0,9.766688917380353,0.0,0.0,97.10144927536231,"[(np.float64(627.8616597921769), np.float64(1779.5803517244897), np.float64(83.39895231443231)), (np.float64(1387.2363556725563), np.float64(1646.0935913200497), np.float64(74.50777405267982)), (np.float64(943.0614966348865), np.float64(1728.5583437613586), np.float64(96.65256513057874)), (np.float64(1410.2609555391018), np.float64(2259.7315226439296), np.float64(32.408412490078604)), (np.float64(2341.3217746980845), np.float64(729.2660068293338), np.float64(98.38230914998223)), (np.float64(2221.8757307200362), np.float64(1108.6493726817346), np.float64(67.28362911443718))]",-17.693413426730206,0.8352681694538432,6,0,0,1.377337734205688,67.12362541730232
48,22.200491682516578,343828.4488019945,9,79.66666666666666,12293.109148961954,10.0,9.933570682612505,0.0,200.0,73.91304347826086,"[(np.float64(628.164015246234), np.float64(1778.690572228573), np.float64(83.0571985739008)), (np.float64(1385.581080980968), np.float64(1649.8620369008793), np.float64(77.47742599494634)), (np.float64(943.4980332234386), np.float64(1731.7214692800558), np.float64(96.26429127475268)), (np.float64(1410.1151269271822), np.float64(2258.3260054302023), np.float64(31.652278742787733)), (np.float64(2341.0915269935517), np.float64(727.3656115041194), np.float64(100.03961077995683)), (np.float64(2220.692297770066), np.float64(1109.7410380669335), np.float64(68.26488771174864))]",-17.693413426730206,0.8348084444068272,6,0,0,1.3791751410482471,69.25001734907094
49,21.37912132368454,369001.0100283081,77,79.33333333333333,12443.484227267754,10.0,10.963935101032499,0.0,123.37662337662339,-123.18840579710147,"[(np.float64(630.7445556236397), np.float64(1781.1125311423452), np.float64(83.10774867378416)), (np.float64(1386.7621712694286), np.float64(1652.31529559452), np.float64(77.75043905816874)), (np.float64(940.9967417511451), np.float64(1732.2352344565493), np.float64(97.4866174209704)), (np.float64(1411.011514745524), np.float64(2260.0292367013717), np.float64(32.97098903122811)), (np.float64(2339.066809065806), np.float64(727.4863533655066), np.float64(98.32878594964654)), (np.float64(2221.332311357962), np.float64(1106.6319094269243), np.float64(64.95894154793332))]",-17.693413426730206,0.8343475893194224,6,0,0,1.3825652622137707,74.13775202140906
50,20.59168491951308,366393.7958353924,83,77.0,12598.01651976647,10.0,11.174680496324852,0.0,114.45783132530121,-140.57971014492753,"[(np.float64(630.4132676841905), np.float64(1781.132841592582), np.float64(82.93835113525745)), (np.float64(1387.9610636514356), np.float64(1652.7329032543535), np.float64(77.91040973720106)), (np.float64(939.7016311984438), np.float64(1728.6354192838912), np.float64(97.31608959368873)), (np.float64(1411.2766158047505), np.float64(2262.9220620581177), np.float64(31.4953068451355)), (np.float64(2341.9779838459285), np.float64(723.9454677061535), np.float64(97.7034379891675)), (np.float64(2221.594969366837), np.float64(1108.2207996511922), np.float64(64.97734715744232))]",-13.42272391949654,0.8338895637417073,6,0,0,1.3740767331458288,74.06868331560545
51,21.93106338738328,539974.4617781523,4,77.0,12598.01651976647,10.0,11.28312085248747,0.0,50.0,88.40579710144928,"[(np.float64(630.1254624778271), np.float64(1784.0603094993537), np.float64(83.59666116912906)), (np.float64(1391.179613005867), np.float64(1651.6685912040905), np.float64(79.2900887140404)), (np.float64(940.8684455023459), np.float64(1727.442883539985), np.float64(97.34773428617618)), (np.float64(1408.6869066010463), np.float64(2263.760205409306), np.float64(32.908217223689924)), (np.float64(2340.858750535375), np.float64(720.5551800751074), np.float64(96.97575288261993)), (np.float64(2222.9250541731494), np.float64(1105.0076207831), np.float64(66.80500428961449))]",-13.42272391949654,0.8334290546011472,6,0,0,1.38152742167995,108.57034300998093
52,21.514044793834014,393834.93905854423,5,78.33333333333333,12744.556042486078,10.0,11.393686476663255,0.0,40.0,85.5072463768116,"[(np.float64(628.2477249489261), np.float64(1786.0307191220213), np.float64(80.80211792106074)), (np.float64(1391.7841777422404), np.float64(1651.7923122165412), np.float64(82.66788568664373)), (np.float64(941.336069783813), np.float64(1731.9980731847368), np.float64(97.33495469859221)), (np.float64(1409.0626566480553), np.float64(2264.087526901806), np.float64(33.72877252209098)), (np.float64(2340.2537330949344), np.float64(717.5087464169256), np.float64(98.26837402433333)), (np.float64(2220.026114554178), np.float64(1107.6915857455106), np.float64(66.95159926012337))]",-13.42272391949654,0.8329680691087646,6,0,0,1.3829564771477019,79.1048713322921
53,21.497005726438232,416200.9528381467,9,78.0,12868.929551426083,10.0,11.28312085248747,0.0,111.11111111111111,73.91304347826086,"[(np.float64(630.4728389746401), np.float64(1787.3107121899081), np.float64(81.52438882306875)), (np.float64(1390.6802362759415), np.float64(1654.0132305197767), np.float64(84.57142339938184)), (np.float64(940.6945972373076), np.float64(1729.566226353326), np.float64(99.71375354784416)), (np.float64(1410.4639311158662), np.float64(2266.537040592937), np.float64(36.74583333054476)), (np.float64(2338.3572711991756), np.float64(718.1736976045252), np.float64(100.27292544158072)), (np.float64(2219.6003279528236), np.float64(1108.3214738783256), np.float64(69.76677799000613))]",-13.42272391949654,0.8325056923100581,6,0,0,1.3871303961197348,83.34571581141728
54,21.51153769343966,382515.1754097257,66,79.33333333333333,13032.08883779451,10.0,11.858502198694884,0.0,121.21212121212122,-91.30434782608697,"[(np.float64(631.6696458969705), np.float64(1787.9572713834966), np.float64(82.7707481909837)), (np.float64(1388.4128647352277), np.float64(1652.7045105346535), np.float64(84.24959672246027)), (np.float64(942.1783980804915), np.float64(1731.3491126424005), np.float64(98.82956412511489)), (np.float64(1408.919343129793), np.float64(2263.062528249695), np.float64(34.15732520771901)), (np.float64(2339.6734677779027), np.float64(715.8002709773273), np.float64(96.48775954658653)), (np.float64(2217.601436182207), np.float64(1105.3014690156367), np.float64(72.22340169706531))]",-13.42272391949654,0.8320431255929868,6,0,0,1.3877001512141942,76.56856944104341
55,22.073544486798752,519530.8533016799,79,78.66666666666666,13059.782446270983,10.0,11.621448438394154,0.0,112.65822784810126,-128.9855072463768,"[(np.float64(633.2413271428595), np.float64(1792.557298633822), np.float64(79.23594143642613)), (np.float64(1385.7979007262181), np.float64(1653.108498455348), np.float64(87.58140033825221)), (np.float64(939.6376569645337), np.float64(1730.3466327696422), np.float64(99.40766145567925)), (np.float64(1406.7502832819118), np.float64(2265.2499735195856), np.float64(36.527843122392184)), (np.float64(2340.101941608811), np.float64(715.6092413215327), np.float64(96.86477241870907)), (np.float64(2214.376239709352), np.float64(1105.1468197789748), np.float64(74.67911970487735))]",-13.42272391949654,0.8315797653258422,6,0,0,1.3900808014337067,103.81707722910069
56,21.860151045298725,414693.27639484225,6,78.66666666666666,13185.113631654294,10.0,11.621448438394154,0.0,33.33333333333333,82.6086956521739,"[(np.float64(631.5235063704473), np.float64(1792.3779265702601), np.float64(77.7030690533743)), (np.float64(1386.888078347089), np.float64(1652.5550514534486), np.float64(87.36812355167609)), (np.float64(939.1183431586713), np.float64(1733.627501522605), np.float64(101.37425559182373)), (np.float64(1406.3012446937066), np.float64(2266.6239989317937), np.float64(34.94671845275627)), (np.float64(2341.340722314008), np.float64(717.85710191129), np.float64(96.55664348113494)), (np.float64(2211.9055390262242), np.float64(1103.4893942234553), np.float64(77.45810958595753))]",-13.42272391949654,0.8311194244707188,6,0,0,1.3810225653702566,83.4110749996772
57,21.138692456047433,386302.8611136672,6,77.66666666666666,13339.53523231878,10.0,11.621448438394154,0.0,133.33333333333331,82.6086956521739,"[(np.float64(631.6009210343441), np.float64(1793.001707083229), np.float64(76.75652920781306)), (np.float64(1389.2100752472822), np.float64(1649.6534872837979), np.float64(91.20823293410402)), (np.float64(939.9630949399021), np.float64(1736.5854465646332), np.float64(103.06870434241351)), (np.float64(1410.419745739685), np.float64(2272.3335568775283), np.float64(35.37880998033839)), (np.float64(2339.711895487834), np.float64(717.0007398585187), np.float64(93.53167244977593)), (np.float64(2211.3329325852187), np.float64(1104.383138577781), np.float64(78.27983001075263))]",-13.42272391949654,0.8306568422984784,6,0,0,1.3877465167210405,77.32417196974474
58,21.154272116738724,411899.25868446147,14,79.0,13468.56043541247,10.0,11.738778664622158,0.0,142.85714285714286,59.42028985507246,"[(np.float64(628.8289521430482), np.float64(1794.0198801789702), np.float64(75.38472253772368)), (np.float64(1388.7007789543466), np.float64(1648.851879650221), np.float64(91.39941539273441)), (np.float64(938.9528816990257), np.float64(1737.091414815135), np.float64(100.09651969455342)), (np.float64(1409.4185782507075), np.float64(2270.195508913716), np.float64(36.63133648368274)), (np.float64(2339.037114234192), np.float64(716.7717518997039), np.float64(90.18831069220059)), (np.float64(2206.3515755414987), np.float64(1108.067620783915), np.float64(76.24190887794511))]",-13.42272391949654,0.8301949209360392,6,0,0,1.3857640873176698,82.56561256912926
59,20.3362863204162,384375.2161953143,15,77.66666666666666,13625.759680995307,10.0,11.738778664622158,0.0,120.0,56.52173913043479,"[(np.float64(629.4351030240093), np.float64(1795.0148455071085), np.float64(75.14848619874921)), (np.float64(1390.062717318141), np.float64(1646.6973803856686), np.float64(92.4718528910987)), (np.float64(937.9474558825119), np.float64(1730.7142027099164), np.float64(95.97800428216009)), (np.float64(1409.8205387600215), np.float64(2269.400817454779), np.float64(36.9706103783674)), (np.float64(2337.7120270679557), np.float64(718.5974840824952), np.float64(90.1986428718381)), (np.float64(2208.9757655617527), np.float64(1108.0049047801194), np.float64(76.32728026919634))]",-13.42272391949654,0.8297350010426615,6,0,0,1.379759680133027,77.38368856907978
60,21.195103903689624,399544.6140562883,8,78.66666666666666,13766.739528717171,10.0,11.738778664622158,0.0,100.0,76.81159420289855,"[(np.float64(626.5948806710152), np.float64(1790.6816653400738), np.float64(74.74627325416495)), (np.float64(1388.5462885388438), np.float64(1646.565007258476), np.float64(97.44299905271663)), (np.float64(938.7328775848981), np.float64(1730.1144286629387), np.float64(94.32742463724297)), (np.float64(1409.4778033130324), np.float64(2268.205170703419), np.float64(38.46304558078918)), (np.float64(2337.8224842343184), np.float64(720.3189371539993), np.float64(89.65993085977601)), (np.float64(2205.914622108226), np.float64(1106.613877957555), np.float64(74.44390340930372))]",-7.256030395949302,0.8292732639799633,6,0,0,1.3852111880947775,80.12107898744605
61,21.44872256517482,405225.2646267418,3,78.0,13901.738725868581,10.0,11.858502198694884,0.0,0.0,91.30434782608697,"[(np.float64(628.8278297396165), np.float64(1792.7597353911249), np.float64(69.24145641164999)), (np.float64(1387.3561166782204), np.float64(1646.359576262565), np.float64(99.93467324454602)), (np.float64(939.5276249213207), np.float64(1731.152086383438), np.float64(97.25073234632285)), (np.float64(1408.2304613468398), np.float64(2265.818649226891), np.float64(35.2250689707806)), (np.float64(2340.1280318411723), np.float64(719.8017387160143), np.float64(90.19935838033275)), (np.float64(2202.3149802775283), np.float64(1102.122022863112), np.float64(71.87970491801673))]",-7.256030395949302,0.8288079456352087,6,0,0,1.395955034263726,80.6348132601546
62,19.452203830445065,413934.62035205634,66,76.0,14034.678567294679,10.0,13.671111150130903,0.0,122.72727272727273,-91.30434782608697,"[(np.float64(627.3247369344831), np.float64(1794.751470620666), np.float64(65.23017329976538)), (np.float64(1383.8145876568524), np.float64(1646.8270108387394), np.float64(101.34796631595015)), (np.float64(939.6351103125318), np.float64(1729.7740787525127), np.float64(99.07803546141163)), (np.float64(1408.0949808337464), np.float64(2267.861175397668), np.float64(36.580806126042006)), (np.float64(2338.5980418588765), np.float64(719.185634321484), np.float64(90.11248644883474)), (np.float64(2200.4086633391694), np.float64(1104.51496867575), np.float64(71.51746467807513))]",-7.256030395949302,0.8283470289453376,6,0,0,1.382750069613425,83.15446262738409
63,19.560877741989316,461053.8293273794,44,75.33333333333333,14117.849199745455,10.0,14.525033991874826,0.0,120.45454545454545,-27.536231884057962,"[(np.float64(629.5984181429114), np.float64(1796.7464923263176), np.float64(63.28356383081203)), (np.float64(1382.819449131783), np.float64(1649.7218990950057), np.float64(101.97414137395513)), (np.float64(938.0824741392336), np.float64(1728.4257585437642), np.float64(97.97758933225661)), (np.float64(1409.2278276236855), np.float64(2266.896174432731), np.float64(32.26128843729263)), (np.float64(2340.040224436033), np.float64(723.3082539057253), np.float64(86.33799435099016)), (np.float64(2201.2685749900543), np.float64(1103.1557457202532), np.float64(69.41034687403244))]",-7.256030395949302,0.8278834927119973,6,0,0,1.3906087000207812,92.09672580401688
64,22.138160956621142,458237.8525705834,26,81.66666666666667,14199.985808953028,10.0,14.525033991874826,0.0,138.46153846153845,24.63768115942029,"[(np.float64(630.1682263367386), np.float64(1796.5321648212878), np.float64(61.46567085081472)), (np.float64(1379.7305774473396), np.float64(1648.7169205619095), np.float64(103.36731150391547)), (np.float64(935.3714121630798), np.float64(1729.5173485424561), np.float64(97.14910398863938)), (np.float64(1409.1855097878831), np.float64(2270.2075872085256), np.float64(30.0)), (np.float64(2340.312615113747), np.float64(722.0175682940153), np.float64(86.45947161005891)), (np.float64(2199.933580086991), np.float64(1102.9979750525772), np.float64(70.36716313651834))]",-7.256030395949302,0.827423755701569,6,0,0,1.3792110312848846,92.29065711730479
65,22.039549596610097,522525.9860997696,17,82.33333333333334,14218.584284631415,10.0,13.671111150130903,0.0,129.41176470588235,50.72463768115942,"[(np.float64(628.1514382215207), np.float64(1799.0161768024775), np.float64(58.85834789494277)), (np.float64(1375.9934546800537), np.float64(1652.4768425839088), np.float64(104.43012765560835)), (np.float64(937.063617724388), np.float64(1732.2640105381272), np.float64(96.42763191736837)), (np.float64(1412.198444839637), np.float64(2269.7597715747697), np.float64(30.240812785199992)), (np.float64(2341.8104681687623), np.float64(722.1217880138588), np.float64(87.11070332283795)), (np.float64(2200.165701535984), np.float64(1102.1943356978788), np.float64(70.64556687447734))]",-7.256030395949302,0.826963649846106,6,0,0,1.3803175663889062,105.15414045599483
66,22.63287042130933,468524.8426048803,5,82.66666666666667,14289.88390380469,10.0,13.35700932647598,0.0,160.0,85.5072463768116,"[(np.float64(629.1449811040894), np.float64(1799.7650830938605), np.float64(57.68557685491199)), (np.float64(1373.814904710239), np.float64(1650.5838617280438), np.float64(102.62974845809657)), (np.float64(937.929308384206), np.float64(1733.3739945548302), np.float64(95.49326242740891)), (np.float64(1413.8913659888665), np.float64(2270.0187613999874), np.float64(30.0)), (np.float64(2339.847737452863), np.float64(721.5896221141669), np.float64(88.29365818544278)), (np.float64(2197.946143120903), np.float64(1103.2332347003055), np.float64(68.92764653253916))]",-7.256030395949302,0.8265043488822963,6,0,0,1.3779028914296663,94.45207671886936
67,21.892631298668228,444594.6600874258,0,80.0,14385.263705495418,10.0,12.91201767369535,0.0,0,100.0,"[(np.float64(627.0167164990183), np.float64(1803.7335973009615), np.float64(56.811338296293656)), (np.float64(1374.7830927011412), np.float64(1651.3513825981072), np.float64(102.72336838208948)), (np.float64(936.5433099258634), np.float64(1732.122615644516), np.float64(93.5922748052528)), (np.float64(1415.3688923518696), np.float64(2270.6126718034297), np.float64(30.0)), (np.float64(2339.823326572206), np.float64(720.7510857208928), np.float64(91.68905257759428)), (np.float64(2196.2422595199296), np.float64(1105.9451167786842), np.float64(66.86891178716711))]",-7.256030395949302,0.8260440400773307,6,0,0,1.380926414896445,89.43164194611536
68,24.403767219187948,436322.69883921003,118,86.0,14499.165468434363,10.0,10.760991574240045,0.0,108.47457627118644,-242.02898550724638,"[(np.float64(627.2860284490415), np.float64(1801.618647240618), np.float64(56.24024937678787)), (np.float64(1375.3439072222266), np.float64(1654.8754510099607), np.float64(103.79203832444294)), (np.float64(935.2685976761541), np.float64(1734.093330491544), np.float64(90.63910011591167)), (np.float64(1412.0731772236143), np.float64(2271.466092051922), np.float64(32.271777809553946)), (np.float64(2342.621813505804), np.float64(722.5712681878514), np.float64(90.67837152569953)), (np.float64(2195.3223511869983), np.float64(1105.052497388563), np.float64(69.81570701106068))]",-7.256030395949302,0.825581787569332,6,0,0,1.3867575239963132,87.39866024183226
69,24.68137596004913,462747.4036113966,12,86.66666666666667,14575.842526601122,10.0,11.068304714096044,0.0,166.66666666666669,65.21739130434783,"[(np.float64(628.0559367640703), np.float64(1801.1776123851953), np.float64(53.12101644880845)), (np.float64(1373.9917938412145), np.float64(1656.3428885190658), np.float64(103.61852490620653)), (np.float64(934.470255830777), np.float64(1735.4011470325675), np.float64(90.56204002001671)), (np.float64(1412.8810909735769), np.float64(2269.247361518472), np.float64(32.36624093113669)), (np.float64(2347.053110295369), np.float64(720.3626261192005), np.float64(90.1653717019227)), (np.float64(2191.4892237330723), np.float64(1106.4041883294376), np.float64(70.85519289628446))]",-7.256030395949302,0.8251223005986476,6,0,0,1.3784609120529918,93.24961217519724
70,24.682609985438262,491424.95810445363,9,86.0,14623.742030274825,10.0,11.393686476663255,0.0,111.11111111111111,73.91304347826086,"[(np.float64(627.2664572435478), np.float64(1801.69798341275), np.float64(50.74295076317027)), (np.float64(1372.4292390964326), np.float64(1657.696062753273), np.float64(101.16790203083868)), (np.float64(930.6690305854548), np.float64(1735.943502941735), np.float64(93.01629954914232)), (np.float64(1412.2116733299572), np.float64(2267.802514373129), np.float64(30.252907746774994)), (np.float64(2346.753782457974), np.float64(719.6068558922827), np.float64(84.98107052080596)), (np.float64(2189.387300419702), np.float64(1107.182955105675), np.float64(70.59798896715971))]",-15.09710429132751,0.8246594592693466,6,0,0,1.3885239879028581,98.31082069598553
71,24.552991923718704,482324.5554384432,9,87.66666666666667,14680.591936614535,10.0,11.621448438394154,0.0,111.11111111111111,73.91304347826086,"[(np.float64(626.577151129912), np.float64(1804.6446926868384), np.float64(48.638638550059675)), (np.float64(1371.0325696791303), np.float64(1661.1194154797886), np.float64(103.58699738387416)), (np.float64(932.5385163512086), np.float64(1738.2663076680528), np.float64(95.10817538684192)), (np.float64(1412.8974487579676), np.float64(2269.3662371324303), np.float64(30.0)), (np.float64(2348.6883331434374), np.float64(717.9688828385368), np.float64(83.8014341744815)), (np.float64(2188.6119775899633), np.float64(1107.456889728133), np.float64(67.8055554401782))]",-15.09710429132751,0.8241975601126005,6,0,0,1.3856974702387335,96.68708073361994
72,23.374648550765148,506170.19047404313,11,84.0,14715.046207918647,10.0,12.232788046893962,0.0,181.8181818181818,68.11594202898551,"[(np.float64(625.8846790708179), np.float64(1802.2641539446179), np.float64(46.88903861790279)), (np.float64(1371.6673816838068), np.float64(1661.8188330570056), np.float64(102.27227603882615)), (np.float64(933.0820802713107), np.float64(1740.22832421182), np.float64(94.81384019004304)), (np.float64(1414.3498079636663), np.float64(2271.591154866546), np.float64(31.858232411644174)), (np.float64(2348.3887116092033), np.float64(711.6517971352657), np.float64(86.14474152668308)), (np.float64(2188.2822681558864), np.float64(1106.724660232437), np.float64(67.16336220650514))]",-15.09710429132751,0.8237367505171648,6,0,0,1.3824287863071236,101.70710569679757
73,22.25962730914982,471011.4056350106,119,81.66666666666667,14791.259264061791,10.0,15.701963527787251,0.0,122.6890756302521,-244.9275362318841,"[(np.float64(623.0900848820568), np.float64(1800.6780358625158), np.float64(43.930185885572165)), (np.float64(1370.9144743324628), np.float64(1659.9947965582041), np.float64(104.07952835832154)), (np.float64(931.2932500830536), np.float64(1740.1490392129238), np.float64(93.38201636011837)), (np.float64(1412.4158184866797), np.float64(2269.8819583526506), np.float64(34.28247706004821)), (np.float64(2345.887085113215), np.float64(710.1365514172625), np.float64(89.50850663792382)), (np.float64(2186.2304357321714), np.float64(1107.537365707995), np.float64(67.78945515663055))]",-15.09710429132751,0.823274053301951,6,0,0,1.3880916456408512,94.2563857193135
74,22.170245859349016,469783.82321331586,5,83.33333333333334,14861.649902626632,10.0,15.289018878206162,0.0,100.0,85.5072463768116,"[(np.float64(622.5087823129132), np.float64(1801.298942499127), np.float64(42.725072208231325)), (np.float64(1368.0194041801574), np.float64(1661.1130564653172), np.float64(107.22967181209114)), (np.float64(932.1083519799349), np.float64(1741.2072861373651), np.float64(92.58286593606658)), (np.float64(1413.7824560808656), np.float64(2271.8202589867115), np.float64(32.11768725554005)), (np.float64(2341.0304994610947), np.float64(710.3984243173805), np.float64(90.29846258020784)), (np.float64(2187.093128736739), np.float64(1105.8012728910592), np.float64(64.44033573261939))]",-15.09710429132751,0.8228119530554846,6,0,0,1.3863007393996074,94.13217690748658
75,22.149303460488674,495092.00230242667,4,82.66666666666667,14906.83236210236,10.0,15.090585901312696,0.0,100.0,88.40579710144928,"[(np.float64(621.7285761928631), np.float64(1802.7648005806686), np.float64(43.14221306496658)), (np.float64(1366.567692179424), np.float64(1661.0734132974378), np.float64(108.00864025302359)), (np.float64(933.4089043906172), np.float64(1739.3830945215684), np.float64(91.21860963371275)), (np.float64(1412.6570685731288), np.float64(2271.6418163146827), np.float64(33.22711911297173)), (np.float64(2338.5909779229546), np.float64(712.9281707193305), np.float64(92.0144668822295)), (np.float64(2184.5413860367366), np.float64(1106.905941088114), np.float64(64.71296684904732))]",-15.09710429132751,0.8223530035299603,6,0,0,1.3768485765727656,99.88429994055369
76,21.50613656646567,476596.35367841343,4,83.0,14970.810470202101,10.0,15.492740004779096,0.0,100.0,88.40579710144928,"[(np.float64(622.3844892048382), np.float64(1803.8142730316108), np.float64(42.85604065659068)), (np.float64(1365.6267858236915), np.float64(1660.829781790369), np.float64(110.9248499636271)), (np.float64(932.170085589226), np.float64(1742.7652880132775), np.float64(86.60284606057013)), (np.float64(1411.4881461556786), np.float64(2273.0413166103904), np.float64(33.57880142918298)), (np.float64(2339.176444120203), np.float64(712.3727587506452), np.float64(92.51929440106369)), (np.float64(2185.3900678090063), np.float64(1105.4590139893378), np.float64(64.07741936101716))]",-15.09710429132751,0.8218931045388155,6,0,0,1.3796969734342868,95.95431357093354
77,21.97810085475069,464951.81172922713,15,82.33333333333334,15046.983120251029,10.0,15.916915425989936,0.0,173.33333333333334,56.52173913043479,"[(np.float64(620.2852833340353), np.float64(1799.8056091053209), np.float64(39.19969070025188)), (np.float64(1365.3638068639975), np.float64(1658.1066848203045), np.float64(109.54316289682063)), (np.float64(934.8916723954352), np.float64(1744.6780336697825), np.float64(84.6539851425567)), (np.float64(1411.7268338044078), np.float64(2269.042234382454), np.float64(33.500797744399186)), (np.float64(2340.4972048972863), np.float64(710.2254374525603), np.float64(90.43793820591881)), (np.float64(2185.777997081195), np.float64(1104.3370618136557), np.float64(64.33523340405742))]",-15.09710429132751,0.8214308892371812,6,0,0,1.3866459049034003,93.14077990580716
78,21.89325032057194,460598.1474063247,28,83.33333333333334,15128.35943462286,10.0,16.137834224348563,0.0,164.28571428571428,18.840579710144922,"[(np.float64(621.0087857904093), np.float64(1798.5158917040524), np.float64(40.00899330633435)), (np.float64(1365.6990305728605), np.float64(1656.4363559464193), np.float64(110.28356199856998)), (np.float64(936.8460000348829), np.float64(1743.0833431539668), np.float64(82.98811886983398)), (np.float64(1409.5227900429695), np.float64(2266.852307791379), np.float64(33.04501964968327)), (np.float64(2340.671943339966), np.float64(710.9634156438651), np.float64(90.6722616059058)), (np.float64(2185.8500977855288), np.float64(1103.2071017135418), np.float64(64.23832377140118))]",-15.09710429132751,0.8209732855029479,6,0,0,1.3728112026992798,93.19848904461253
79,22.83655794221547,565760.5444272766,8,85.0,15128.35943462286,10.0,15.916915425989936,0.0,75.0,76.81159420289855,"[(np.float64(619.3249443158545), np.float64(1800.8064724730432), np.float64(41.64810743968099)), (np.float64(1368.2742321578214), np.float64(1656.0036965388845), np.float64(115.70049193540706)), (np.float64(936.3307074555981), np.float64(1741.4763900431296), np.float64(85.35449353871229)), (np.float64(1409.7362371443814), np.float64(2268.186764847725), np.float64(30.192581541278408)), (np.float64(2339.3053341784334), np.float64(713.3033962207204), np.float64(89.5035419961552)), (np.float64(2188.6907744896166), np.float64(1105.0539506246394), np.float64(61.90816364149694))]",-15.09710429132751,0.8205091519461272,6,0,0,1.3924006704624519,112.86672731431474
80,21.99368802726629,499646.39694209007,2,83.0,15194.623582108045,10.0,15.916915425989936,0.0,100.0,94.20289855072464,"[(np.float64(618.3114346207169), np.float64(1797.3876268439142), np.float64(44.496349702215845)), (np.float64(1363.6657897099262), np.float64(1653.4602330066696), np.float64(115.90412848162481)), (np.float64(936.6959989286241), np.float64(1742.0347310971983), np.float64(83.53858047833721)), (np.float64(1410.3633922704978), np.float64(2270.709889703471), np.float64(32.98718750077386)), (np.float64(2337.073949513017), np.float64(712.2141201907835), np.float64(93.40392918214374)), (np.float64(2188.8040999236355), np.float64(1103.0690967265136), np.float64(59.5856135330678))]",-11.317471646901739,0.820045343573117,6,0,0,1.3914251190306068,99.74713257580215
81,22.447987111234863,496210.462501043,12,84.66666666666667,15264.973664034274,10.0,15.492740004779096,0.0,150.0,65.21739130434783,"[(np.float64(617.6356100653179), np.float64(1800.4434212634676), np.float64(44.20169425868907)), (np.float64(1367.6039098905894), np.float64(1653.5037302816258), np.float64(115.21006369696148)), (np.float64(937.6038856365785), np.float64(1746.7042239373143), np.float64(84.75822457360897)), (np.float64(1410.7229158781367), np.float64(2272.0158927873586), np.float64(30.0)), (np.float64(2338.0231492403964), np.float64(708.1525615626069), np.float64(93.83222104583064)), (np.float64(2187.4659783614447), np.float64(1104.4779063248402), np.float64(57.28879600440317))]",-11.317471646901739,0.8195835395082146,6,0,0,1.3854121947067874,99.49114069462563
82,23.007990904136438,543505.4802416408,94,85.66666666666667,15294.678728219907,10.0,16.36497187698639,0.0,105.31914893617021,-172.46376811594203,"[(np.float64(616.9038468900721), np.float64(1799.8514434944861), np.float64(44.61823122512857)), (np.float64(1367.5872464320714), np.float64(1652.4701580354567), np.float64(122.20758515815507)), (np.float64(936.4280976023332), np.float64(1746.8364237591134), np.float64(86.74089189510374)), (np.float64(1412.9911450713032), np.float64(2270.650756734866), np.float64(30.0)), (np.float64(2338.474636434607), np.float64(706.7084777847363), np.float64(92.37154382492358)), (np.float64(2189.0170246083812), np.float64(1103.2267920755028), np.float64(50.15332638870215))]",-11.317471646901739,0.8191198452400235,6,0,0,1.3910828045737587,108.52966050272377
83,22.961938352369234,611785.9632426889,19,83.0,15294.678728219904,10.0,16.598594725781254,0.0,157.89473684210526,44.927536231884055,"[(np.float64(615.1513503921568), np.float64(1801.8676167197298), np.float64(45.0977548946647)), (np.float64(1366.636284135033), np.float64(1650.1928728778307), np.float64(125.34046889615148)), (np.float64(936.9667981957907), np.float64(1746.4976291590258), np.float64(89.56681177655011)), (np.float64(1413.4592862717036), np.float64(2273.345220687583), np.float64(30.0)), (np.float64(2341.538685000343), np.float64(707.1167135270701), np.float64(94.05202543973817)), (np.float64(2187.522527696995), np.float64(1104.8171858299686), np.float64(50.84116711118279))]",-11.317471646901739,0.8186591614300824,6,0,0,1.3820514298228745,122.96253357732944
84,22.890831191110724,551499.7219325956,4,85.33333333333334,15354.514969529995,10.0,16.598594725781254,0.0,100.0,88.40579710144928,"[(np.float64(614.3509135631572), np.float64(1804.0086125399437), np.float64(44.55679884935857)), (np.float64(1367.2986142930856), np.float64(1651.9428257441307), np.float64(128.12075728183902)), (np.float64(944.7527279592372), np.float64(1747.5202015349216), np.float64(92.68652548632559)), (np.float64(1414.0533936805934), np.float64(2272.069068558354), np.float64(30.0)), (np.float64(2340.734064181593), np.float64(708.3807290237908), np.float64(90.69199915679056)), (np.float64(2186.002067635875), np.float64(1106.8009248346618), np.float64(51.24870220263691))]",-11.317471646901739,0.8181968199644634,6,0,0,1.3870243968578464,110.44821385301086
85,23.004364558503713,571812.7372303231,8,85.0,15394.288195542358,10.0,16.36497187698639,0.0,100.0,76.81159420289855,"[(np.float64(613.7573821896246), np.float64(1804.2142049049262), np.float64(43.482427797142776)), (np.float64(1368.219031485846), np.float64(1652.6281383101468), np.float64(132.96485777262762)), (np.float64(944.7494305006526), np.float64(1751.4682846224882), np.float64(96.57832103025146)), (np.float64(1414.1331109661407), np.float64(2272.4006119849632), np.float64(31.07695383151228)), (np.float64(2340.614414554607), np.float64(708.4796504456486), np.float64(89.12746021127978)), (np.float64(2184.1298312192303), np.float64(1104.2277457874327), np.float64(48.82707003745705))]",-11.317471646901739,0.8177345446344385,6,0,0,1.3868259900743947,114.53266133579376
86,21.32716766296829,572505.6424788119,5,80.0,15433.76851630623,10.0,16.140889447410004,0.0,200.0,85.5072463768116,"[(np.float64(614.189339128467), np.float64(1803.8054448856055), np.float64(43.70209457758147)), (np.float64(1368.0228990998448), np.float64(1653.6382977526227), np.float64(136.63519978810533)), (np.float64(947.0490631160366), np.float64(1750.4319418959751), np.float64(96.21499049259758)), (np.float64(1415.3004729196082), np.float64(2274.276997498206), np.float64(30.0)), (np.float64(2342.733437250583), np.float64(706.7301744497717), np.float64(87.00849655467387)), (np.float64(2182.595266533489), np.float64(1105.0376122739635), np.float64(46.161827901347436))]",-11.317471646901739,0.8172740733795979,6,0,0,1.3814137645210023,115.12071851126072
87,20.272406079787846,501758.442140302,10,78.66666666666666,15544.496037408615,10.0,16.175485645269177,0.0,180.0,71.01449275362319,"[(np.float64(613.3664365036358), np.float64(1801.272094479323), np.float64(43.55302467652523)), (np.float64(1362.9092962488144), np.float64(1653.1195109773541), np.float64(137.0092879820364)), (np.float64(950.5637178912588), np.float64(1750.5024725965106), np.float64(97.82980580791019)), (np.float64(1414.8113755925726), np.float64(2272.8176215370086), np.float64(30.0)), (np.float64(2343.172379959514), np.float64(708.8847619322503), np.float64(88.73277725434923)), (np.float64(2182.0880022207593), np.float64(1106.4157312005366), np.float64(45.43668770888322))]",-11.317471646901739,0.8168145814261661,6,0,0,1.3784758602960008,101.10974667996305
88,20.8021436377046,601610.9484698912,8,79.66666666666666,15555.021052181412,10.0,16.838984542259052,0.0,175.0,76.81159420289855,"[(np.float64(613.2876474558535), np.float64(1801.055311075881), np.float64(43.16281164061313)), (np.float64(1362.2478675917382), np.float64(1654.6448422381131), np.float64(142.71166887761066)), (np.float64(949.0788265541979), np.float64(1750.6135778896294), np.float64(99.03045917349716)), (np.float64(1417.708570820622), np.float64(2272.8293060536807), np.float64(30.0)), (np.float64(2341.7145586486854), np.float64(707.4784753226816), np.float64(88.45371904042796)), (np.float64(2183.017490810708), np.float64(1110.7306230188585), np.float64(47.31649760087095))]",-11.317471646901739,0.816353894638326,6,0,0,1.3820603635204365,120.91668118393041
89,19.357157828338277,604397.8972528282,87,77.66666666666666,15569.309118171266,10.0,18.325488358341982,0.0,112.64367816091954,-152.17391304347828,"[(np.float64(609.5917446038302), np.float64(1800.0197496258863), np.float64(44.150617547122145)), (np.float64(1360.5052284848773), np.float64(1654.081891241732), np.float64(147.5136713912996)), (np.float64(947.6687117783331), np.float64(1751.0368167648867), np.float64(97.99552163232278)), (np.float64(1416.9152096338607), np.float64(2270.245403815724), np.float64(30.0)), (np.float64(2341.565950516005), np.float64(705.6143417063194), np.float64(87.68743004880976)), (np.float64(2183.5112647841547), np.float64(1111.8598031587767), np.float64(46.420131920505405))]",-11.317471646901739,0.8158935910532216,6,0,0,1.3809107553135058,121.57795436558597
90,19.377938856548724,487461.65910456306,8,78.0,15694.283422309389,10.0,18.153531994952694,0.0,100.0,76.81159420289855,"[(np.float64(610.9081784153605), np.float64(1802.0314116380746), np.float64(46.316836061207965)), (np.float64(1361.6094802940606), np.float64(1652.1831835354442), np.float64(150.0)), (np.float64(950.3949132344021), np.float64(1751.2641044532402), np.float64(99.99490722581382)), (np.float64(1414.4235216984332), np.float64(2273.3844371034916), np.float64(30.0)), (np.float64(2341.319353228678), np.float64(702.8294361940677), np.float64(86.24157313348901)), (np.float64(2180.700528617065), np.float64(1109.2235123133664), np.float64(45.38978029490981))]",-15.090571526467203,0.8154315891182118,6,0,0,1.3860058050289537,97.69512936138503
91,19.762421807217628,553059.2098903251,6,77.33333333333333,15753.86017566175,10.0,17.603829487798826,0.0,100.0,82.6086956521739,"[(np.float64(609.0131046828898), np.float64(1801.5153430997289), np.float64(45.46584451732369)), (np.float64(1360.8694519667715), np.float64(1650.0004561634992), np.float64(150.0)), (np.float64(951.1998524861493), np.float64(1747.5655372765737), np.float64(100.00890499916665)), (np.float64(1413.5910340641794), np.float64(2272.4971458573877), np.float64(30.0)), (np.float64(2340.1213475226314), np.float64(700.0571643897056), np.float64(85.33691401879011)), (np.float64(2180.1804030140106), np.float64(1107.1538218364396), np.float64(43.5962809678798))]",-15.090571526467203,0.8149731548526034,6,0,0,1.3753027968251659,111.70453419967696
92,19.812565251535112,517410.49085463304,9,78.66666666666666,15848.935648049803,10.0,18.744955695764332,0.0,133.33333333333331,73.91304347826086,"[(np.float64(608.6370557748947), np.float64(1802.306186075401), np.float64(51.007779535551435)), (np.float64(1360.0359574588822), np.float64(1648.5482774903576), np.float64(150.0)), (np.float64(950.2005454016265), np.float64(1748.825656288416), np.float64(97.80633096943752)), (np.float64(1416.2988225762012), np.float64(2275.5238913548133), np.float64(30.0)), (np.float64(2340.1883408467934), np.float64(698.8880323688667), np.float64(87.33246773297559)), (np.float64(2179.955945677682), np.float64(1109.5255920415452), np.float64(44.1918960017991))]",-15.090571526467203,0.8145123217747828,6,0,0,1.382499233462274,103.96037326441758
93,21.008294778840458,625256.5233784729,7,80.66666666666666,15848.935648049803,10.0,19.630126215604424,0.0,142.85714285714286,79.71014492753623,"[(np.float64(607.83362222175), np.float64(1800.069055397035), np.float64(50.131029807635805)), (np.float64(1358.081937171529), np.float64(1652.4304614785126), np.float64(150.0)), (np.float64(949.5085298484191), np.float64(1749.4904399264913), np.float64(98.03073045648776)), (np.float64(1416.2414533074757), np.float64(2275.509827797403), np.float64(30.272334436355216)), (np.float64(2338.5139661610187), np.float64(700.4457261595778), np.float64(86.6306748957936)), (np.float64(2180.0801056562577), np.float64(1108.3843540502778), np.float64(41.183997594571196))]",-15.090571526467203,0.8140540860143138,6,0,0,1.3747072814070511,126.34134550255862
94,22.303090053232914,593110.8205862727,20,84.66666666666667,15880.581350842003,10.0,20.744652103643602,0.0,150.0,42.028985507246375,"[(np.float64(605.9659299019429), np.float64(1805.0624950103554), np.float64(45.8257238569816)), (np.float64(1358.2585898829054), np.float64(1651.9091943706937), np.float64(150.0)), (np.float64(948.4751131118969), np.float64(1749.463130777201), np.float64(102.02571078083791)), (np.float64(1417.879976640139), np.float64(2277.771617015093), np.float64(30.0)), (np.float64(2335.991595586407), np.float64(700.9212174106057), np.float64(89.14486375768757)), (np.float64(2180.763389382615), np.float64(1107.3403845534158), np.float64(40.41206258553394))]",-15.090571526467203,0.8135920617207476,6,0,0,1.3860728806979772,118.86316225698415
95,22.55136601614773,551637.3795110339,4,87.0,15953.35049470944,10.0,21.51228573023137,0.0,100.0,88.40579710144928,"[(np.float64(606.5634709352589), np.float64(1808.9159587885479), np.float64(43.03457913406635)), (np.float64(1365.2243376501674), np.float64(1654.7480510556502), np.float64(150.0)), (np.float64(947.5700783543924), np.float64(1750.9799657570616), np.float64(103.4650815630998)), (np.float64(1419.49654477139), np.float64(2278.673947239237), np.float64(30.0)), (np.float64(2337.411833528005), np.float64(700.5357942773686), np.float64(92.52193494934671)), (np.float64(2180.764249787118), np.float64(1109.4183662617238), np.float64(36.128546326511696))]",-15.090571526467203,0.8131286152499215,6,0,0,1.3903394124783204,110.2123726368298
96,23.13363850085507,633361.0406664258,7,86.33333333333333,15953.35049470944,10.0,21.121496450262587,0.0,85.71428571428571,79.71014492753623,"[(np.float64(606.1646443685529), np.float64(1808.900784977844), np.float64(37.57615394825942)), (np.float64(1363.1924959231144), np.float64(1655.887944441363), np.float64(150.0)), (np.float64(943.6186603995249), np.float64(1751.272665050942), np.float64(104.0742711555161)), (np.float64(1420.789424737756), np.float64(2277.499038521096), np.float64(30.0)), (np.float64(2332.999392337815), np.float64(702.0332779699818), np.float64(93.81950206797202)), (np.float64(2181.0952950507262), np.float64(1110.0858317893778), np.float64(35.75834927452333))]",-15.090571526467203,0.8126684110650029,6,0,0,1.3806125547565322,127.43156782198463
97,23.106719416155464,562750.3043473993,8,86.0,16024.311231028463,10.0,20.744652103643602,0.0,75.0,76.81159420289855,"[(np.float64(600.386717772402), np.float64(1809.449363130194), np.float64(35.873853198924685)), (np.float64(1362.8595250244025), np.float64(1657.2214505481506), np.float64(150.0)), (np.float64(940.5693781396582), np.float64(1749.6366382727103), np.float64(106.46015729305198)), (np.float64(1422.3004417377458), np.float64(2276.88160194061), np.float64(30.0)), (np.float64(2334.6343538524793), np.float64(697.6918820156826), np.float64(95.60296742099558)), (np.float64(2180.9577425388115), np.float64(1109.2735925919706), np.float64(36.34252953966081))]",-15.090571526467203,0.8122077183747459,6,0,0,1.3820780707706382,113.1047024704081
98,23.291146551043653,570845.7752451184,82,87.66666666666667,16091.42649644977,10.0,26.396103100288446,0.0,110.97560975609757,-137.68115942028984,"[(np.float64(602.6776346658904), np.float64(1809.6027504612264), np.float64(34.29945880444441)), (np.float64(1366.81944819341), np.float64(1660.094426188013), np.float64(150.0)), (np.float64(941.353366070209), np.float64(1746.0195495469732), np.float64(107.7329133675043)), (np.float64(1423.5421156401967), np.float64(2278.921825456037), np.float64(30.0)), (np.float64(2333.890024957385), np.float64(696.2111395396452), np.float64(98.69141071728694)), (np.float64(2185.0245520598023), np.float64(1109.3779897939482), np.float64(39.282874293436315))]",-15.090571526467203,0.8117455526812783,6,0,0,1.386497080402506,114.36610516005466
99,23.397713849772323,578410.3222633826,15,85.66666666666667,16147.02721485281,10.0,25.249641551625498,0.0,133.33333333333331,56.52173913043479,"[(np.float64(600.4886886759172), np.float64(1807.529468575034), np.float64(33.39220692545722)), (np.float64(1368.2737961674597), np.float64(1664.6874890347315), np.float64(150.0)), (np.float64(939.7253446276235), np.float64(1745.0383825310143), np.float64(108.10394418113842)), (np.float64(1425.4182890623947), np.float64(2278.3337106681274), np.float64(32.52468994214476)), (np.float64(2334.0302590536357), np.float64(692.9159007866739), np.float64(97.44912154508948)), (np.float64(2185.947002942442), np.float64(1108.6883433409969), np.float64(34.453514186488434))]",-15.090571526467203,0.8112837172734975,6,0,0,1.3855062233427098,115.96449821381177
100,24.874180983997558,615464.7710990536,15,90.33333333333333,16164.773484420184,10.0,23.70525974639965,0.0,106.66666666666667,56.52173913043479,"[(np.float64(603.0891793352939), np.float64(1806.0247512801577), np.float64(35.93054719381819)), (np.float64(1372.3894555325608), np.float64(1667.1686923382154), np.float64(150.0)), (np.float64(939.1901898447525), np.float64(1746.0789779142956), np.float64(106.90342012465908)), (np.float64(1422.7865823525863), np.float64(2277.7744517605297), np.float64(31.11417184076225)), (np.float64(2333.8325139635217), np.float64(689.8522189448198), np.float64(95.6868897285668)), (np.float64(2187.406294513948), np.float64(1109.7498159758993), np.float64(31.027799580535163))]",-8.387203390242984,0.8108215577617988,6,0,0,1.3864785350962288,123.30694784577972
101,24.904424041112023,637604.0195705486,8,89.0,16164.773484420184,10.0,21.91780858517315,0.0,112.5,76.81159420289855,"[(np.float64(600.156192453797), np.float64(1804.475386571348), np.float64(34.79132782722333)), (np.float64(1374.1568479259488), np.float64(1666.684422461227), np.float64(150.0)), (np.float64(939.3212257487435), np.float64(1744.5710133818072), np.float64(108.48375938452578)), (np.float64(1422.257084564224), np.float64(2279.7779132191504), np.float64(32.296137290410336)), (np.float64(2331.0828480482432), np.float64(690.6410552098232), np.float64(95.86734300711984)), (np.float64(2185.408219503885), np.float64(1110.93931598341), np.float64(30.0))]",-8.387203390242984,0.8103625472834338,6,0,0,1.3770314350945285,128.6188703791846
102,24.248554845026568,600790.5143528299,7,88.33333333333333,16201.786989637905,10.0,21.121496450262587,0.0,85.71428571428571,79.71014492753623,"[(np.float64(598.6493080464844), np.float64(1801.6052577583484), np.float64(31.5124792531378)), (np.float64(1375.7379538162713), np.float64(1671.0283266284284), np.float64(150.0)), (np.float64(938.6819929510245), np.float64(1741.5980129185216), np.float64(111.29567083088189)), (np.float64(1426.2665368942019), np.float64(2276.916987230158), np.float64(30.567476787381263)), (np.float64(2329.4692239711903), np.float64(692.6131528164476), np.float64(95.43855550946735)), (np.float64(2186.399938801596), np.float64(1107.829433274861), np.float64(30.0))]",-8.387203390242984,0.8098999389127574,6,0,0,1.3878251120299256,120.25020482789667
103,25.069623299402732,613983.4604226373,72,90.66666666666666,16231.607548785818,10.0,17.341276216652332,0.0,119.44444444444444,-108.69565217391303,"[(np.float64(596.440324915313), np.float64(1801.1024760675891), np.float64(30.0)), (np.float64(1379.4973066365144), np.float64(1673.3582302670043), np.float64(150.0)), (np.float64(939.9247085341873), np.float64(1742.061508729326), np.float64(115.23051874641625)), (np.float64(1426.987339741277), np.float64(2278.5310661749804), np.float64(30.0)), (np.float64(2327.5530580428112), np.float64(690.3515743254505), np.float64(95.34332903058412)), (np.float64(2189.035382025194), np.float64(1105.643328961729), np.float64(30.0))]",-8.387203390242984,0.8094398405713283,6,0,0,1.3802950242869318,123.56123743662552
104,24.56977691114033,579640.1401295532,11,90.0,16289.921428226815,10.0,19.045619184277733,0.0,163.63636363636365,68.11594202898551,"[(np.float64(595.5712214770846), np.float64(1801.1968707415203), np.float64(30.0)), (np.float64(1381.6115993127996), np.float64(1675.7460820327374), np.float64(150.0)), (np.float64(939.849321304041), np.float64(1736.870542865808), np.float64(115.6754520613632)), (np.float64(1428.3491948206918), np.float64(2283.5605659746384), np.float64(30.0)), (np.float64(2324.6169702627835), np.float64(688.7976801454251), np.float64(97.74722786851798)), (np.float64(2188.124343389055), np.float64(1106.7072974248117), np.float64(30.0))]",-8.387203390242984,0.8089804137897278,6,0,0,1.3782803448011072,116.82031935180918
105,24.048411267901074,605148.7699828217,10,89.0,16322.526677814545,10.0,19.36278997456743,0.0,160.0,71.01449275362319,"[(np.float64(594.9099593324349), np.float64(1801.6209600893094), np.float64(30.0)), (np.float64(1385.9045928513142), np.float64(1675.8768418693332), np.float64(150.0)), (np.float64(938.3053805928683), np.float64(1739.5333611517306), np.float64(116.71778388920897)), (np.float64(1429.984568232217), np.float64(2284.033354748079), np.float64(30.0)), (np.float64(2320.802992909974), np.float64(685.4750963751205), np.float64(96.11901536498944)), (np.float64(2188.406054339031), np.float64(1105.3003197245841), np.float64(30.0))]",-8.387203390242984,0.8085218568420638,6,0,0,1.3756708429921725,122.19266069866124
106,24.094932919442922,572873.8712648576,8,89.0,16387.556826120235,10.0,21.91780858517315,0.0,150.0,76.81159420289855,"[(np.float64(593.1412456483821), np.float64(1803.637792944576), np.float64(30.65378844700277)), (np.float64(1392.1388034607094), np.float64(1677.2057903552923), np.float64(150.0)), (np.float64(938.4976810194452), np.float64(1736.6117609535834), np.float64(115.66472092095171)), (np.float64(1430.2915119215713), np.float64(2283.2214110801947), np.float64(30.0)), (np.float64(2321.325650860569), np.float64(684.5397447745721), np.float64(95.99291873196744)), (np.float64(2187.257895005003), np.float64(1105.6884544724328), np.float64(30.0))]",-8.387203390242984,0.8080640259712976,6,0,0,1.3734926122986335,115.85910945715774
107,23.814165171603136,566366.2332580667,3,87.66666666666667,16458.744612432718,10.0,21.91780858517315,0.0,133.33333333333331,91.30434782608697,"[(np.float64(588.6626808363211), np.float64(1803.7798356959772), np.float64(32.96908412462069)), (np.float64(1394.562488220145), np.float64(1680.1406203601668), np.float64(150.0)), (np.float64(938.286222486072), np.float64(1736.3694544248801), np.float64(117.15803639242237)), (np.float64(1431.9129192085775), np.float64(2285.1733482108357), np.float64(30.0)), (np.float64(2318.042571040254), np.float64(683.4789769179699), np.float64(97.63476057097192)), (np.float64(2184.039870746076), np.float64(1106.0751809378858), np.float64(30.0))]",-8.387203390242984,0.8076037699593862,6,0,0,1.3807680357342331,113.9394522550185
108,24.329079962194417,634395.6692758931,74,88.0,16465.90296272737,10.0,25.810147143281508,0.0,113.51351351351352,-114.49275362318842,"[(np.float64(586.7141204067635), np.float64(1803.3550095124976), np.float64(34.755538228609154)), (np.float64(1399.573728207565), np.float64(1685.0824695928397), np.float64(150.0)), (np.float64(937.9619792737564), np.float64(1734.7301915258115), np.float64(118.77284341438494)), (np.float64(1431.588723484196), np.float64(2285.37278233136), np.float64(30.0)), (np.float64(2312.7450856056566), np.float64(683.3753066865729), np.float64(97.4880271808794)), (np.float64(2184.951059627802), np.float64(1107.886842033474), np.float64(30.0))]",-8.387203390242984,0.8071442355773758,6,0,0,1.378603146031208,127.82577767257933
109,23.243982748847564,591324.8014039716,5,87.0,16512.532180893948,10.0,27.009283134539913,0.0,0.0,85.5072463768116,"[(np.float64(585.6264746808737), np.float64(1802.6247552618179), np.float64(34.869265509745)), (np.float64(1402.2584587899596), np.float64(1689.973651657579), np.float64(150.0)), (np.float64(933.0910226280192), np.float64(1735.0421489245844), np.float64(120.88735724843922)), (np.float64(1432.5263882831352), np.float64(2287.790856754473), np.float64(30.0)), (np.float64(2313.093252446677), np.float64(682.030686081196), np.float64(97.72234073431576)), (np.float64(2182.259036980075), np.float64(1110.3102417861942), np.float64(30.0))]",-8.387203390242984,0.8066849357400249,6,0,0,1.3778995120526718,119.20817725973772
110,23.024325651503055,558295.9646669095,14,86.0,16592.440235797585,10.0,25.810147143281508,0.0,142.85714285714286,59.42028985507246,"[(np.float64(582.2892183272653), np.float64(1801.3319571687703), np.float64(30.69332902634303)), (np.float64(1403.3914812473624), np.float64(1691.7843935930787), np.float64(150.0)), (np.float64(931.8560664747279), np.float64(1736.0481410971202), np.float64(117.88782063681988)), (np.float64(1434.566642822973), np.float64(2290.8531581292336), np.float64(30.0)), (np.float64(2313.3046897799536), np.float64(683.3041659170019), np.float64(99.70266761939666)), (np.float64(2184.336428322706), np.float64(1111.985829050701), np.float64(30.0))]",-12.704119776294945,0.8062237671348756,6,0,0,1.3835058154478186,112.09364693366122
111,24.053055963953796,633059.9616944595,7,88.33333333333333,16596.584293673674,10.0,27.009283134539913,0.0,114.28571428571428,79.71014492753623,"[(np.float64(576.5576586067409), np.float64(1800.3095395743733), np.float64(30.0)), (np.float64(1409.3683890054047), np.float64(1693.6328746406823), np.float64(150.0)), (np.float64(929.5738898271877), np.float64(1735.9325087883917), np.float64(119.58907812599193)), (np.float64(1437.308706616578), np.float64(2292.593137390616), np.float64(30.0)), (np.float64(2307.2541384159745), np.float64(682.7546848973361), np.float64(99.69730705070334)), (np.float64(2186.360590976791), np.float64(1112.9148243426473), np.float64(30.0))]",-12.704119776294945,0.8057626800739276,6,0,0,1.3832611828439298,127.12710480173493
112,24.221183613869883,629171.1363867098,13,88.0,16604.967176857514,10.0,26.396103100288446,0.0,76.92307692307693,62.31884057971014,"[(np.float64(573.0449370765598), np.float64(1799.7394280913675), np.float64(30.0)), (np.float64(1416.5104815977115), np.float64(1698.2146400515605), np.float64(150.0)), (np.float64(928.9856460706304), np.float64(1734.9656916190854), np.float64(121.92734595478193)), (np.float64(1437.412086451733), np.float64(2295.631245692092), np.float64(30.199260286289352)), (np.float64(2306.95379847529), np.float64(683.1616840229276), np.float64(103.22267611178468)), (np.float64(2188.704550308702), np.float64(1111.6824402250759), np.float64(30.0))]",-12.704119776294945,0.8053017149344265,6,0,0,1.382895418503447,126.37959296774095
113,23.519808704874627,665093.3152699278,61,87.0,16604.967176857514,10.0,30.55867844159345,0.0,118.0327868852459,-76.81159420289856,"[(np.float64(568.5377830103122), np.float64(1798.0936575221635), np.float64(30.0)), (np.float64(1418.815897004075), np.float64(1704.5412564709561), np.float64(150.0)), (np.float64(927.529903724003), np.float64(1731.7270970640425), np.float64(121.2235705238904)), (np.float64(1436.560357916982), np.float64(2298.58924478946), np.float64(30.0)), (np.float64(2306.158966286248), np.float64(682.4694522646927), np.float64(103.87259981379565)), (np.float64(2188.377592185331), np.float64(1110.7154465831215), np.float64(30.0))]",-12.704119776294945,0.8048425972218639,6,0,0,1.3773531376877404,134.13273479064725
114,23.75131734402231,637992.822516286,4,88.33333333333333,16628.467669611156,10.0,29.77607814004045,0.0,50.0,88.40579710144928,"[(np.float64(567.0798655419862), np.float64(1795.5037655331175), np.float64(30.0)), (np.float64(1421.4120014522562), np.float64(1708.2420251321391), np.float64(150.0)), (np.float64(928.550412441959), np.float64(1732.4743758561758), np.float64(122.93284921971396)), (np.float64(1438.467277315271), np.float64(2298.5311445911957), np.float64(30.0)), (np.float64(2300.155340660293), np.float64(683.2741377151001), np.float64(103.3411428033695)), (np.float64(2185.2529650312126), np.float64(1109.9726164102142), np.float64(30.0))]",-12.704119776294945,0.8043832447633066,6,0,0,1.3780573756722412,128.60148757615764
115,23.39251750083583,581913.1053337452,9,87.0,16708.647879547338,10.0,30.595828131094944,0.0,111.11111111111111,73.91304347826086,"[(np.float64(562.1101577068595), np.float64(1797.9844530998198), np.float64(30.0)), (np.float64(1424.399505844065), np.float64(1711.5650075677108), np.float64(150.0)), (np.float64(927.1440036643079), np.float64(1729.78669280055), np.float64(126.72873672785664)), (np.float64(1439.8603907253391), np.float64(2299.9451267663926), np.float64(30.0)), (np.float64(2296.536449029213), np.float64(683.2196908402635), np.float64(104.66410897257275)), (np.float64(2186.776232820073), np.float64(1108.4282430830592), np.float64(30.0))]",-12.704119776294945,0.803922311084451,6,0,0,1.3828010365666055,116.89500151136734
116,22.29824116341558,590249.0358156244,12,85.33333333333334,16781.14215900164,10.0,29.03256240639311,0.0,116.66666666666667,65.21739130434783,"[(np.float64(551.5708031699783), np.float64(1796.4334096951588), np.float64(30.0)), (np.float64(1429.755134164686), np.float64(1711.1684031738484), np.float64(150.0)), (np.float64(925.0423827807477), np.float64(1730.7350014549218), np.float64(128.08615906825912)), (np.float64(1442.3319176143718), np.float64(2300.490563866393), np.float64(30.0)), (np.float64(2295.473612095328), np.float64(684.62213181996), np.float64(103.9327405345321)), (np.float64(2188.762598344395), np.float64(1108.602804468273), np.float64(30.0))]",-12.704119776294945,0.803461729182374,6,0,0,1.3817457062307386,118.66008684883195
117,22.793807197102023,627463.9469727674,19,87.33333333333333,16816.5215272988,10.0,30.519188921595177,0.0,163.1578947368421,44.927536231884055,"[(np.float64(547.0183789932403), np.float64(1793.915320748855), np.float64(30.0)), (np.float64(1434.326523121087), np.float64(1713.9969737209979), np.float64(150.0)), (np.float64(924.4738127693684), np.float64(1732.574847912841), np.float64(129.39465098754246)), (np.float64(1445.1386391920325), np.float64(2301.5164089024424), np.float64(30.0)), (np.float64(2291.7127440789336), np.float64(683.8630011412441), np.float64(103.83198223875118)), (np.float64(2187.00941946211), np.float64(1107.722571618302), np.float64(30.0))]",-12.704119776294945,0.8030023849077921,6,0,0,1.3780328237459374,126.48141453697544
118,22.863557807806643,644518.9461556198,25,85.0,16835.095896413106,10.0,27.477670033443008,0.0,140.0,27.536231884057973,"[(np.float64(542.3058478452763), np.float64(1791.8292736488222), np.float64(30.0)), (np.float64(1436.9925169101089), np.float64(1716.4921860932332), np.float64(150.0)), (np.float64(925.282815375739), np.float64(1732.6383105996808), np.float64(128.46523525702418)), (np.float64(1446.7114983538115), np.float64(2304.5920761763273), np.float64(30.0)), (np.float64(2285.7621158434567), np.float64(681.5471692208629), np.float64(103.20179169739964)), (np.float64(2184.322844460539), np.float64(1103.4974030676424), np.float64(30.0))]",-12.704119776294945,0.802542089685195,6,0,0,1.3808856677912211,129.65087897910723
119,23.134372193739733,716403.4409458,8,86.66666666666667,16835.095896413113,10.0,27.477670033443008,0.0,37.5,76.81159420289855,"[(np.float64(538.2035318135175), np.float64(1789.425035262919), np.float64(30.0)), (np.float64(1442.446355202881), np.float64(1719.6173052286813), np.float64(150.0)), (np.float64(924.2699238038858), np.float64(1730.180337371524), np.float64(130.58506604889155)), (np.float64(1447.0852399798475), np.float64(2309.060747794444), np.float64(30.0)), (np.float64(2282.4238383758493), np.float64(684.1448445340875), np.float64(103.98697905460702)), (np.float64(2182.8973630248256), np.float64(1105.4248372426246), np.float64(30.0))]",-12.704119776294945,0.8020810751481009,6,0,0,1.3830436112824023,143.88624783404896
120,22.94219637023993,644710.2194528265,13,85.66666666666667,16906.93911790609,10.0,29.03256240639311,0.0,138.46153846153845,62.31884057971014,"[(np.float64(535.4480511011305), np.float64(1786.6738756801803), np.float64(31.121651163674006)), (np.float64(1446.7627572981262), np.float64(1725.2919936459903), np.float64(150.0)), (np.float64(919.1174688735754), np.float64(1731.2582433923417), np.float64(135.0671659167819)), (np.float64(1452.245147913211), np.float64(2313.2462668519156), np.float64(30.39847694795147)), (np.float64(2281.067969388154), np.float64(683.8994316301029), np.float64(105.86866758133377)), (np.float64(2182.9923069148845), np.float64(1104.578043509179), np.float64(30.0))]",-7.561178136985736,0.8016176580830203,6,0,0,1.3902511952417111,128.81569365534222
121,22.240931707906256,669457.5270414137,54,85.0,16956.735031810487,10.0,35.18213833363054,0.0,116.66666666666667,-56.52173913043479,"[(np.float64(531.0591024591608), np.float64(1787.233047837383), np.float64(30.101990314272285)), (np.float64(1453.623081479206), np.float64(1726.1815557542034), np.float64(150.0)), (np.float64(918.5788969996426), np.float64(1732.4673937509335), np.float64(139.58101117741438)), (np.float64(1453.0924245602625), np.float64(2318.0208487036984), np.float64(30.207932117274357)), (np.float64(2281.4363279158233), np.float64(683.1988688915148), np.float64(105.6979881863164)), (np.float64(2182.8450589763297), np.float64(1102.1142234090717), np.float64(30.0))]",-7.561178136985736,0.80115638049983,6,0,0,1.3838327495709934,134.38070766559085
122,21.980747558819065,700089.9520711774,17,84.66666666666667,16973.798520685115,10.0,34.36696990240605,0.0,188.23529411764704,50.72463768115942,"[(np.float64(526.1806656467), np.float64(1787.3828198200993), np.float64(30.010224703012845)), (np.float64(1460.9714457708785), np.float64(1730.737470392293), np.float64(150.0)), (np.float64(914.2481389075417), np.float64(1729.2267945638025), np.float64(145.15433365783883)), (np.float64(1454.8833262671053), np.float64(2323.9097974589404), np.float64(30.0)), (np.float64(2276.5990928392016), np.float64(681.7426594583865), np.float64(103.24240645807231)), (np.float64(2184.6667794609634), np.float64(1103.8997421381673), np.float64(30.0))]",-7.561178136985736,0.8006906653488041,6,0,0,1.3971454530778389,139.19054075756864
123,22.494497199880417,706455.070586486,10,86.33333333333333,16983.89689104444,10.0,36.27996094915896,0.0,160.0,71.01449275362319,"[(np.float64(519.9874763137855), np.float64(1785.4002030274994), np.float64(30.625389953294167)), (np.float64(1468.3170616313494), np.float64(1734.5928828371143), np.float64(150.0)), (np.float64(907.2686358212924), np.float64(1728.4406354687794), np.float64(148.50130200661243)), (np.float64(1459.7742864356355), np.float64(2325.5937330526945), np.float64(30.0)), (np.float64(2272.974970123723), np.float64(682.32179151082), np.float64(104.64855310154792)), (np.float64(2186.0553576013176), np.float64(1102.5760193943588), np.float64(30.0))]",-7.561178136985736,0.800226351249777,6,0,0,1.392942297081139,140.8798627326961
124,21.24940035608412,649702.18813419,3,85.33333333333334,17051.248143856057,10.0,38.69483641534264,0.0,200.0,91.30434782608697,"[(np.float64(511.5299693605843), np.float64(1786.5562032835987), np.float64(30.0)), (np.float64(1474.2995915470008), np.float64(1737.463886095842), np.float64(150.0)), (np.float64(905.2247303007473), np.float64(1729.780378618697), np.float64(150.0)), (np.float64(1461.5813070974284), np.float64(2326.438353300627), np.float64(30.0)), (np.float64(2270.285242514359), np.float64(680.2544697375901), np.float64(107.36456805424274)), (np.float64(2185.0874160186186), np.float64(1098.778359665789), np.float64(30.0))]",-7.561178136985736,0.7997638543722689,6,0,0,1.387490632524263,130.07138629032804
125,21.494727243007272,732306.6888998284,7,84.66666666666667,17051.248143856057,10.0,42.98682079656593,0.0,114.28571428571428,79.71014492753623,"[(np.float64(503.59457034944614), np.float64(1787.5967875548504), np.float64(30.0)), (np.float64(1484.6554704998941), np.float64(1739.9857145268968), np.float64(150.0)), (np.float64(900.0886055340576), np.float64(1727.6975799061534), np.float64(150.0)), (np.float64(1464.3845722877654), np.float64(2330.554840023787), np.float64(30.0)), (np.float64(2264.2069941826553), np.float64(675.9315072721487), np.float64(104.75467716004886)), (np.float64(2182.6644826461907), np.float64(1098.9429397660685), np.float64(30.0))]",-7.561178136985736,0.7992990150265157,6,0,0,1.39451803725976,145.87012807243136
126,22.086341147825877,731812.5125819759,27,87.33333333333333,17052.092320173906,10.0,48.34979196356505,0.0,162.96296296296296,21.739130434782606,"[(np.float64(497.43082593525946), np.float64(1784.9471863986416), np.float64(30.0)), (np.float64(1489.8661789805667), np.float64(1744.6799590672124), np.float64(150.0)), (np.float64(898.7528269122618), np.float64(1726.4847595677736), np.float64(150.0)), (np.float64(1467.7518028630595), np.float64(2333.454568284956), np.float64(30.0)), (np.float64(2260.355663655706), np.float64(675.8821290640252), np.float64(101.55083858352805)), (np.float64(2179.8824258824534), np.float64(1095.7690387319515), np.float64(30.0))]",-7.561178136985736,0.7988369643563367,6,0,0,1.3861520105370153,146.65148695794142
127,21.249447337649915,782919.2753367514,18,85.33333333333334,17052.092320173906,10.0,41.45413419978504,0.0,155.55555555555557,47.82608695652174,"[(np.float64(491.78013366204226), np.float64(1782.3830688424175), np.float64(30.0)), (np.float64(1493.7064721406493), np.float64(1749.10808182691), np.float64(150.0)), (np.float64(896.4952233357276), np.float64(1724.5289896785594), np.float64(146.29240488645996)), (np.float64(1474.6466389271347), np.float64(2336.1646567807857), np.float64(30.0)), (np.float64(2257.1773062173784), np.float64(676.991794437245), np.float64(101.14853838632867)), (np.float64(2179.4088741929577), np.float64(1097.115254767337), np.float64(30.0))]",-7.561178136985736,0.7983747128781292,6,0,0,1.3867544346226728,156.82486462832566
128,20.31700140556369,679905.0860230163,16,81.66666666666667,17154.60650948764,10.0,41.47155441554298,0.0,100.0,53.623188405797094,"[(np.float64(488.5822857115202), np.float64(1784.3440911934551), np.float64(30.0)), (np.float64(1501.3385485740594), np.float64(1757.262136965006), np.float64(150.0)), (np.float64(895.8129193912099), np.float64(1721.1754344632466), np.float64(149.0849038767106)), (np.float64(1477.4325970710413), np.float64(2338.7340464476933), np.float64(30.0)), (np.float64(2251.86485718711), np.float64(676.2618994753896), np.float64(99.0356514824956)), (np.float64(2176.87223895514), np.float64(1091.851152227923), np.float64(30.0))]",-7.561178136985736,0.7979104036053689,6,0,0,1.392927818281171,135.58672704830656
129,20.48725973828377,712649.6202833371,10,82.33333333333334,17224.37616454105,10.0,42.98682079656593,0.0,120.0,71.01449275362319,"[(np.float64(482.0650974866624), np.float64(1778.9997700017727), np.float64(30.0)), (np.float64(1506.2285727174765), np.float64(1761.1531987639182), np.float64(150.0)), (np.float64(890.536766653133), np.float64(1719.9177964907524), np.float64(150.0)), (np.float64(1479.9053868550502), np.float64(2339.308770773474), np.float64(30.0)), (np.float64(2246.6872720393717), np.float64(672.9131166946044), np.float64(99.94453073830196)), (np.float64(2179.6006213829005), np.float64(1092.3250442602634), np.float64(30.0))]",-7.561178136985736,0.7974480104084596,6,0,0,1.3871795907280946,142.70555101850897
130,20.270453060874832,721844.7336390893,9,80.0,17284.75070623871,10.0,41.45413419978504,0.0,22.22222222222222,73.91304347826086,"[(np.float64(474.0571574847185), np.float64(1776.9867128323567), np.float64(30.0)), (np.float64(1510.0005960580322), np.float64(1762.373426612451), np.float64(150.0)), (np.float64(889.3957068018201), np.float64(1719.5328836452843), np.float64(150.0)), (np.float64(1480.955792628467), np.float64(2343.9073931928374), np.float64(30.0)), (np.float64(2248.396499097642), np.float64(671.4464129365489), np.float64(101.81879030241967)), (np.float64(2181.818287817158), np.float64(1088.9382103639982), np.float64(30.0))]",-6.483750540356492,0.796987575079101,6,0,0,1.38130598807509,145.16148322087625
131,18.58972814880603,673697.0294315091,21,77.0,17394.872952143945,10.0,22.24044365099384,0.0,171.42857142857142,39.13043478260869,"[(np.float64(466.4387124598104), np.float64(1774.0536147898895), np.float64(30.0)), (np.float64(1520.2047706140438), np.float64(1765.102528186928), np.float64(150.0)), (np.float64(883.5513170750985), np.float64(1718.074383472089), np.float64(150.0)), (np.float64(1486.4999059710774), np.float64(2345.00589593766), np.float64(30.0)), (np.float64(2241.4681624290215), np.float64(665.0845295513711), np.float64(99.97741353988393)), (np.float64(2176.1360628050684), np.float64(1086.2322762139538), np.float64(30.0))]",-6.483750540356492,0.7965211387919654,6,0,0,1.3993088614067213,133.73606706302522
132,19.10233554379415,698681.4520772989,8,78.66666666666666,17478.860775403395,10.0,29.536352687167035,0.0,125.0,76.81159420289855,"[(np.float64(457.7016871803619), np.float64(1774.0861043019888), np.float64(30.0)), (np.float64(1525.358314485335), np.float64(1769.6130312165678), np.float64(150.0)), (np.float64(877.5930471170838), np.float64(1717.1373744645916), np.float64(150.0)), (np.float64(1490.1572077501341), np.float64(2348.4765667394227), np.float64(30.0)), (np.float64(2236.5344012714363), np.float64(663.2916759939515), np.float64(101.0868704197536)), (np.float64(2177.501353006856), np.float64(1082.3365932333077), np.float64(30.0))]",-6.483750540356492,0.7960578372150922,6,0,0,1.3899047306200134,139.63416114571248
133,18.827385870444648,669125.1007728678,43,78.66666666666666,17595.404949967276,10.0,27.29687024096668,0.0,39.53488372093023,-24.63768115942029,"[(np.float64(447.85233786971594), np.float64(1770.2090708732696), np.float64(30.0)), (np.float64(1528.4731080452264), np.float64(1774.4975982079889), np.float64(150.0)), (np.float64(873.1826957423788), np.float64(1713.9082126715712), np.float64(150.0)), (np.float64(1497.4378810634441), np.float64(2349.7861250145265), np.float64(30.0)), (np.float64(2233.6220453324895), np.float64(660.372960752206), np.float64(98.47530863147625)), (np.float64(2176.39688157024), np.float64(1080.1464598786145), np.float64(30.0))]",-6.483750540356492,0.7955939009834155,6,0,0,1.3918086950298763,133.54427531006982
134,20.126336154352295,703648.909266244,18,80.0,17674.525316037776,10.0,34.663968060302246,0.0,105.55555555555556,47.82608695652174,"[(np.float64(441.2253258912479), np.float64(1766.9682049629876), np.float64(30.0)), (np.float64(1538.8357816018602), np.float64(1778.913717087906), np.float64(150.0)), (np.float64(867.4175025255201), np.float64(1710.8065024262153), np.float64(150.0)), (np.float64(1503.7619886454497), np.float64(2354.8726322539), np.float64(30.0)), (np.float64(2224.9568230534205), np.float64(659.5179260767524), np.float64(97.18125605070897)), (np.float64(2175.8730296497556), np.float64(1082.1655733339155), np.float64(30.0))]",-6.483750540356492,0.7951282748962774,6,0,0,1.3968782614145514,139.92488518921004
135,19.80061012374821,773114.5110948895,8,79.33333333333333,17684.130080279632,10.0,33.02722534585141,0.0,125.0,76.81159420289855,"[(np.float64(434.4509535532875), np.float64(1764.10251972001), np.float64(30.0)), (np.float64(1546.0115039602783), np.float64(1780.3233520604747), np.float64(150.0)), (np.float64(863.9542419880023), np.float64(1707.0936395153649), np.float64(150.0)), (np.float64(1511.4602860198418), np.float64(2360.4197786730088), np.float64(30.0)), (np.float64(2219.3044069984767), np.float64(658.3713246118377), np.float64(94.03190463299941)), (np.float64(2176.690733154712), np.float64(1081.0440067125646), np.float64(30.0))]",-6.483750540356492,0.7946639307569198,6,0,0,1.3930324180734615,154.16298147367772
136,19.432855988404693,703795.1855904199,7,80.66666666666666,17762.804170025964,10.0,33.929966747316456,0.0,200.0,79.71014492753623,"[(np.float64(428.22756171387033), np.float64(1764.3262775074193), np.float64(30.0)), (np.float64(1554.0966971380417), np.float64(1782.9629386299205), np.float64(150.0)), (np.float64(861.0954453587335), np.float64(1704.378551095214), np.float64(150.0)), (np.float64(1514.9139805051827), np.float64(2366.8251554380454), np.float64(30.0)), (np.float64(2214.6078505554524), np.float64(655.0623525177839), np.float64(94.40330447444343)), (np.float64(2176.1293629874494), np.float64(1080.823339213672), np.float64(30.0))]",-6.483750540356492,0.7942020086146669,6,0,0,1.3857664267581238,141.07620078612896
137,19.624770025802036,662065.3742361239,8,80.66666666666666,17883.408071126585,10.0,34.070413251277635,0.0,150.0,76.81159420289855,"[(np.float64(419.80865636076607), np.float64(1763.1150851038544), np.float64(30.0)), (np.float64(1561.139413914605), np.float64(1788.873818080265), np.float64(150.0)), (np.float64(856.5202805839955), np.float64(1698.9608411446306), np.float64(150.0)), (np.float64(1519.3299080430004), np.float64(2371.2993564624594), np.float64(30.0)), (np.float64(2207.3087191916316), np.float64(654.2113465611748), np.float64(93.39195560791114)), (np.float64(2175.1685797405876), np.float64(1081.2238180391553), np.float64(30.0))]",-6.483750540356492,0.7937377995518612,6,0,0,1.3926271884172243,132.0576317398635
138,20.842322411305723,720266.2117682012,25,81.33333333333333,17945.661134695132,10.0,38.4608595510963,0.0,112.00000000000001,27.536231884057973,"[(np.float64(416.4165945898025), np.float64(1759.1703163589577), np.float64(30.0)), (np.float64(1566.6001824990485), np.float64(1795.322051085418), np.float64(150.0)), (np.float64(854.2278513107865), np.float64(1694.2838412151798), np.float64(150.0)), (np.float64(1525.4458564155027), np.float64(2374.7582204328273), np.float64(30.0)), (np.float64(2201.3928209542128), np.float64(653.8427486657981), np.float64(90.05062763976514)), (np.float64(2175.8891443092148), np.float64(1080.8468950521044), np.float64(30.0))]",-6.483750540356492,0.7932744115567837,6,0,0,1.390163985232113,143.9211127887069
139,21.293628250349585,704867.7130614102,9,84.0,18022.512696970472,10.0,38.69483641534264,0.0,111.11111111111111,73.91304347826086,"[(np.float64(409.24311986355985), np.float64(1756.811941067424), np.float64(30.0)), (np.float64(1575.1561615640267), np.float64(1799.6994224570196), np.float64(150.0)), (np.float64(850.827021592179), np.float64(1690.117789766371), np.float64(150.0)), (np.float64(1528.0178182395684), np.float64(2377.7035605350557), np.float64(30.0)), (np.float64(2193.390184668585), np.float64(656.7291136003794), np.float64(88.58844801266147)), (np.float64(2180.7098666159927), np.float64(1080.817529725396), np.float64(30.0))]",-6.483750540356492,0.7928099073650955,6,0,0,1.3935125750651305,140.5057912393447
140,22.643686370292475,669604.4723988352,23,85.0,18134.57749990838,10.0,34.1488064355925,0.0,152.17391304347828,33.333333333333336,"[(np.float64(405.04198243473786), np.float64(1753.0577284462245), np.float64(30.0)), (np.float64(1586.4079307481309), np.float64(1805.0747432595645), np.float64(150.0)), (np.float64(844.6992582556287), np.float64(1682.426784437569), np.float64(150.0)), (np.float64(1533.2912490496421), np.float64(2381.937593550355), np.float64(30.0)), (np.float64(2184.9738538392517), np.float64(657.476908373805), np.float64(91.07018461145806)), (np.float64(2181.0566656407636), np.float64(1077.3653206650501), np.float64(30.0))]",-7.653333333333333,0.7923430307578204,6,0,0,1.400629821824971,132.79828790926123
141,23.066795160275575,701760.4695829587,15,87.0,18214.73630566217,10.0,28.32527456126963,0.0,100.0,56.52173913043479,"[(np.float64(396.3522306206394), np.float64(1751.6683857751757), np.float64(30.0)), (np.float64(1597.7996157022956), np.float64(1810.5087422966383), np.float64(150.0)), (np.float64(839.1543980158632), np.float64(1677.007615199327), np.float64(150.0)), (np.float64(1537.051940022325), np.float64(2383.3367738759257), np.float64(30.0)), (np.float64(2182.3050630668645), np.float64(654.0847188207234), np.float64(92.43740153875666)), (np.float64(2182.1663659543815), np.float64(1077.3246176926395), np.float64(30.0))]",-7.653333333333333,0.7918788939264735,6,0,0,1.392410494040932,139.99712341101738
142,21.56228548616005,638069.2232511919,39,83.66666666666667,18361.486357747723,10.0,30.302525064152217,0.0,117.94871794871796,-13.043478260869556,"[(np.float64(389.6248785679485), np.float64(1752.4052677909522), np.float64(30.0)), (np.float64(1605.4212120728712), np.float64(1815.524389291989), np.float64(150.0)), (np.float64(835.5043836323251), np.float64(1674.077618645822), np.float64(150.0)), (np.float64(1541.9909240811653), np.float64(2388.203618859313), np.float64(30.0)), (np.float64(2173.717393864377), np.float64(651.2729049543203), np.float64(92.62534611804233)), (np.float64(2181.271547392665), np.float64(1076.5118059875913), np.float64(30.0))]",-7.653333333333333,0.7914155427120386,6,0,0,1.3900536433044786,127.50691439631422
143,22.819784635532553,712530.9316476834,14,86.0,18430.624701436784,10.0,32.25414456035907,0.0,107.14285714285714,59.42028985507246,"[(np.float64(379.1502058914766), np.float64(1748.855887695626), np.float64(30.0)), (np.float64(1612.5507817692405), np.float64(1822.7752147144063), np.float64(150.0)), (np.float64(829.8417196105112), np.float64(1674.3084396230988), np.float64(150.0)), (np.float64(1547.9005851168163), np.float64(2392.265649074497), np.float64(30.0)), (np.float64(2167.8814475769464), np.float64(647.8234637528288), np.float64(94.24560171095735)), (np.float64(2181.8696846871385), np.float64(1073.976140396427), np.float64(30.0))]",-7.653333333333333,0.7909499449896088,6,0,0,1.3967931672890943,141.69976158686242
144,22.22698239704206,699445.0797611742,9,86.33333333333333,18512.798897012355,10.0,31.383528451223246,0.0,88.88888888888889,73.91304347826086,"[(np.float64(368.25657566397433), np.float64(1747.7673841047301), np.float64(30.0)), (np.float64(1624.7298623650668), np.float64(1830.6017836091203), np.float64(150.0)), (np.float64(826.3691090879494), np.float64(1669.5611567120332), np.float64(150.0)), (np.float64(1554.9374638240056), np.float64(2397.570347442456), np.float64(30.0)), (np.float64(2160.655340097837), np.float64(640.914936348491), np.float64(96.15916309802404)), (np.float64(2180.240838292156), np.float64(1070.799707932828), np.float64(30.0))]",-7.653333333333333,0.79048136851792,6,0,0,1.4057294150667907,138.21315670799143
145,22.716753756752556,794202.1428179939,17,87.0,18512.798897012355,10.0,31.383528451223246,0.0,152.94117647058823,50.72463768115942,"[(np.float64(361.4158142927561), np.float64(1744.7534329551497), np.float64(30.0)), (np.float64(1635.7965564536885), np.float64(1836.3124012749536), np.float64(150.0)), (np.float64(820.9745381498791), np.float64(1666.8869353679497), np.float64(150.0)), (np.float64(1562.186201133634), np.float64(2404.9696243487615), np.float64(30.0)), (np.float64(2155.1432098621303), np.float64(642.5201501386791), np.float64(94.71760167237863)), (np.float64(2181.111492733028), np.float64(1067.3889638887365), np.float64(30.0))]",-7.653333333333333,0.7900152652875098,6,0,0,1.3983096912304327,157.77027629995607
146,21.1615842950705,680718.666056344,12,84.66666666666667,18627.53237377401,10.0,32.25414456035907,0.0,150.0,65.21739130434783,"[(np.float64(350.458495498832), np.float64(1740.5942837875907), np.float64(30.0)), (np.float64(1645.9628755593026), np.float64(1840.9789609394318), np.float64(150.0)), (np.float64(813.3531676819563), np.float64(1665.8435882930514), np.float64(150.0)), (np.float64(1565.667738156638), np.float64(2410.660752899855), np.float64(30.0)), (np.float64(2147.7116564288312), np.float64(639.3653279110873), np.float64(95.70972391557251)), (np.float64(2183.238071398831), np.float64(1063.8112760732001), np.float64(30.0))]",-7.653333333333333,0.7895482765782832,6,0,0,1.4009661276799354,134.97008572371683
147,21.836019224582973,753235.2075461298,41,83.66666666666667,18670.799309045877,10.0,35.18213833363054,0.0,124.39024390243902,-18.840579710144922,"[(np.float64(340.1567806229631), np.float64(1736.1542737994123), np.float64(30.0)), (np.float64(1657.1488687023837), np.float64(1847.0767788219157), np.float64(150.0)), (np.float64(808.7717754082548), np.float64(1660.935478110442), np.float64(150.0)), (np.float64(1569.5643496849498), np.float64(2413.167942845648), np.float64(30.0)), (np.float64(2138.908591173379), np.float64(635.8817214839819), np.float64(97.70189538703829)), (np.float64(2182.0401640590885), np.float64(1061.2876779597852), np.float64(30.0))]",-7.653333333333333,0.7890813636527624,6,0,0,1.4007387765622497,149.37260651101047
148,22.35242548625178,785865.1914512414,13,87.0,18679.536260412642,10.0,38.69483641534264,0.0,115.38461538461537,62.31884057971014,"[(np.float64(330.3265598110219), np.float64(1734.9055093980528), np.float64(30.0)), (np.float64(1668.293759070053), np.float64(1853.8150517271283), np.float64(150.0)), (np.float64(803.7983544437284), np.float64(1654.5228475010485), np.float64(150.0)), (np.float64(1576.4191280169873), np.float64(2420.1572701069163), np.float64(30.0)), (np.float64(2132.6553516473896), np.float64(635.8553688493956), np.float64(99.92264459511891)), (np.float64(2182.078164074894), np.float64(1055.2021731399195), np.float64(30.0))]",-7.653333333333333,0.7886127864638767,6,0,0,1.4057315666572299,155.28988015352894
149,21.63088453849219,739088.8301954808,10,84.66666666666667,18735.14957303516,10.0,34.1488064355925,0.0,100.0,71.01449275362319,"[(np.float64(321.8084793801598), np.float64(1730.6314797797108), np.float64(30.0)), (np.float64(1674.7560733172566), np.float64(1859.8990674687395), np.float64(150.0)), (np.float64(798.4666932491983), np.float64(1648.796076368855), np.float64(150.0)), (np.float64(1582.5536490425227), np.float64(2425.5979870290944), np.float64(30.0)), (np.float64(2126.187108531663), np.float64(632.695471364555), np.float64(100.97632417907364)), (np.float64(2180.7262767745924), np.float64(1053.9480342893667), np.float64(30.0))]",-7.653333333333333,0.7881474450919179,6,0,0,1.3960241158763855,147.06225379437288
150,20.763126898377514,823411.9376301477,17,84.0,18735.14957303516,10.0,38.72925201721102,0.0,129.41176470588235,50.72463768115942,"[(np.float64(314.20950931353553), np.float64(1732.2787066280027), np.float64(30.0)), (np.float64(1683.2149633146644), np.float64(1867.521186796371), np.float64(150.0)), (np.float64(792.4966941749233), np.float64(1646.1195305015442), np.float64(150.0)), (np.float64(1590.1175208007724), np.float64(2433.768592983241), np.float64(30.0)), (np.float64(2119.799453923353), np.float64(628.2602341484576), np.float64(100.94628915126624)), (np.float64(2181.1399715240677), np.float64(1051.4716068628793), np.float64(30.0))]",-6.7733333333333325,0.7876815629080833,6,0,0,1.3976465515035374,163.65048658728628
151,19.642790749162135,720219.986802042,13,79.66666666666666,18838.34152386326,10.0,38.30671865964594,0.0,107.6923076923077,62.31884057971014,"[(np.float64(307.36068002547296), np.float64(1732.3246600814782), np.float64(30.0)), (np.float64(1696.896453505165), np.float64(1877.2132848935878), np.float64(150.0)), (np.float64(784.0001254330174), np.float64(1644.9510203113066), np.float64(150.0)), (np.float64(1596.951050973694), np.float64(2440.5148322403556), np.float64(30.0)), (np.float64(2112.0848548301324), np.float64(625.68990350115), np.float64(99.06491057810044)), (np.float64(2179.48232203408), np.float64(1046.3493696461276), np.float64(30.0))]",-6.7733333333333325,0.7872125502306009,6,0,0,1.4070380324470642,142.18599841048604
152,19.195053693958272,697386.1066945144,8,79.33333333333333,18964.41735479889,10.0,39.04768470079714,0.0,75.0,76.81159420289855,"[(np.float64(297.394099220073), np.float64(1727.6187402255546), np.float64(30.0)), (np.float64(1708.1572159467523), np.float64(1884.4386582363786), np.float64(150.0)), (np.float64(777.3896865988015), np.float64(1644.359687092417), np.float64(150.0)), (np.float64(1601.442016668734), np.float64(2446.3898546316564), np.float64(30.0)), (np.float64(2105.1969919743415), np.float64(623.7989672370389), np.float64(99.39441487285953)), (np.float64(2179.9414478307203), np.float64(1041.0545279809442), np.float64(30.0))]",-6.7733333333333325,0.7867454836883963,6,0,0,1.4011996266140634,138.25179459889685
153,18.964018427707433,761005.9460777869,10,80.0,19027.02334635124,10.0,25.440466767875183,0.0,140.0,71.01449275362319,"[(np.float64(288.3363083974601), np.float64(1726.9428618574545), np.float64(30.0)), (np.float64(1720.8156567068866), np.float64(1891.1633040741494), np.float64(150.0)), (np.float64(767.0689732270267), np.float64(1641.1530660105173), np.float64(150.0)), (np.float64(1607.5505226510256), np.float64(2454.071859135921), np.float64(30.0)), (np.float64(2101.5848272891003), np.float64(624.2438548963198), np.float64(95.74055529096145)), (np.float64(2182.7838214830335), np.float64(1036.0116606232655), np.float64(30.0))]",-6.7733333333333325,0.7862761623737037,6,0,0,1.4079639440783034,150.1391718632012
154,19.296905590817182,760855.6678496054,11,80.0,19089.329616131785,10.0,31.25080085225796,0.0,163.63636363636365,68.11594202898551,"[(np.float64(274.181257542332), np.float64(1724.3689492720093), np.float64(30.0)), (np.float64(1728.3451499420976), np.float64(1900.4554556628111), np.float64(150.0)), (np.float64(758.0361857473448), np.float64(1639.2360980396777), np.float64(150.0)), (np.float64(1615.3108941966052), np.float64(2457.3724876104393), np.float64(30.0)), (np.float64(2092.449059129647), np.float64(621.9290063094405), np.float64(94.37983886039972)), (np.float64(2184.6649750039987), np.float64(1029.5176822505252), np.float64(30.0))]",-6.7733333333333325,0.7858060325518513,6,0,0,1.4103894655566027,149.85137211123646
155,18.633997653040176,813673.9821046648,23,79.0,19100.11757165726,10.0,27.39885028795002,0.0,182.6086956521739,33.333333333333336,"[(np.float64(265.1366353490178), np.float64(1720.2933766727494), np.float64(30.0)), (np.float64(1737.6193040611247), np.float64(1907.4215244449779), np.float64(150.0)), (np.float64(752.1260339397082), np.float64(1635.4204680134706), np.float64(150.0)), (np.float64(1619.354660161142), np.float64(2465.415387627057), np.float64(30.0)), (np.float64(2082.5106959845057), np.float64(620.7572042300002), np.float64(96.89326629252139)), (np.float64(2184.712460768755), np.float64(1024.8313401932583), np.float64(30.0))]",-6.7733333333333325,0.7853375771811284,6,0,0,1.4053661121685947,160.82681133947432
156,17.240322493636143,740897.709073937,28,77.33333333333333,19184.381800213465,10.0,31.105657513162644,0.0,139.28571428571428,18.840579710144922,"[(np.float64(257.11083423526634), np.float64(1718.2841464380354), np.float64(30.0)), (np.float64(1749.761181418817), np.float64(1916.245494350765), np.float64(150.0)), (np.float64(745.0667937424164), np.float64(1633.226347129678), np.float64(150.0)), (np.float64(1624.3271329104657), np.float64(2470.7273715386673), np.float64(30.0)), (np.float64(2075.063284596127), np.float64(615.3652649253886), np.float64(99.01260427322502)), (np.float64(2181.7958903820168), np.float64(1019.1167773202451), np.float64(30.0))]",-6.7733333333333325,0.7848689399486698,6,0,0,1.4059116973762535,146.3853807968757
157,17.190130629095286,808340.2677320639,15,75.66666666666667,19200.25347011155,10.0,24.866894877599872,0.0,146.66666666666666,56.52173913043479,"[(np.float64(248.796959039833), np.float64(1712.5007012803806), np.float64(30.0)), (np.float64(1762.645914212378), np.float64(1921.189430737448), np.float64(150.0)), (np.float64(735.3678125809157), np.float64(1631.1312293747183), np.float64(150.0)), (np.float64(1632.179952649271), np.float64(2478.3407628538484), np.float64(30.0)), (np.float64(2071.8145002793412), np.float64(608.036981873251), np.float64(98.68745793370346)), (np.float64(2182.411507636975), np.float64(1015.323084147751), np.float64(30.0))]",-6.7733333333333325,0.7844002760802642,6,0,0,1.4059916052164638,159.70149638577467
158,18.30697244507116,820152.3386251042,10,77.0,19204.013069116598,10.0,34.23254096815148,0.0,140.0,71.01449275362319,"[(np.float64(239.76220708259362), np.float64(1707.490418530586), np.float64(30.0)), (np.float64(1771.2769745766643), np.float64(1930.1039937554965), np.float64(150.0)), (np.float64(726.2611371171744), np.float64(1628.3502365753238), np.float64(150.0)), (np.float64(1636.0917308820435), np.float64(2487.5072797073044), np.float64(30.0)), (np.float64(2063.5835124572286), np.float64(606.9663994350448), np.float64(98.94354931669152)), (np.float64(2182.2931178680606), np.float64(1012.1092529570867), np.float64(30.0))]",-6.7733333333333325,0.7839324509301518,6,0,0,1.4034754503373796,162.32567089631922
159,18.163823277639345,805313.4137995788,11,79.33333333333333,19222.561592947168,10.0,40.03019354771252,0.0,163.63636363636365,68.11594202898551,"[(np.float64(231.89674963215097), np.float64(1704.5378153919614), np.float64(30.0)), (np.float64(1778.7201210177911), np.float64(1938.6798446604723), np.float64(150.0)), (np.float64(718.945996893571), np.float64(1626.2768571180168), np.float64(150.0)), (np.float64(1642.1321205847325), np.float64(2496.494190034752), np.float64(30.0)), (np.float64(2058.983957843061), np.float64(601.8762594905935), np.float64(99.83273876148722)), (np.float64(2185.1102969765157), np.float64(1006.7749090958312), np.float64(30.0))]",-6.7733333333333325,0.7834650722311481,6,0,0,1.402136097010847,159.54098248862962
160,17.362671969318658,845361.1859325586,15,75.66666666666667,19222.561592947168,10.0,29.829795233794783,0.0,173.33333333333334,56.52173913043479,"[(np.float64(223.9021366866035), np.float64(1698.8075182518496), np.float64(30.0)), (np.float64(1787.4452949203173), np.float64(1946.0033164224374), np.float64(150.0)), (np.float64(713.7684526297147), np.float64(1623.3668295871423), np.float64(150.0)), (np.float64(1649.6228970183283), np.float64(2503.859260089413), np.float64(30.0)), (np.float64(2051.922884505015), np.float64(601.5912530762248), np.float64(100.68852142116522)), (np.float64(2183.0554794851664), np.float64(1001.1515558055992), np.float64(30.0))]",-3.3333333333333335,0.7829978077982301,6,0,0,1.4017932987540365,167.51581838538644
161,19.016781356388545,860149.9904539301,26,80.33333333333333,19222.561592947168,10.0,21.13616064868493,0.0,150.0,24.63768115942029,"[(np.float64(210.11938815515174), np.float64(1696.7390040851003), np.float64(30.0)), (np.float64(1799.029600746773), np.float64(1955.9893075610942), np.float64(150.0)), (np.float64(704.8456323850521), np.float64(1616.8008820619611), np.float64(150.0)), (np.float64(1656.008110352216), np.float64(2512.713613154013), np.float64(30.0)), (np.float64(2041.074103851881), np.float64(599.9661006139593), np.float64(100.38077846755155)), (np.float64(2184.882667267909), np.float64(994.8310124479693), np.float64(30.0))]",-3.3333333333333335,0.7825257832648337,6,0,0,1.4160736001892915,168.72749613574518
162,19.367234991406214,848467.2748314647,13,80.0,19233.344308569634,10.0,25.356022849916933,0.0,123.07692307692308,62.31884057971014,"[(np.float64(198.71023214760513), np.float64(1694.2612342649209), np.float64(30.0)), (np.float64(1810.7870601250706), np.float64(1965.7880655618872), np.float64(150.0)), (np.float64(697.5693478214729), np.float64(1609.276262136707), np.float64(150.0)), (np.float64(1663.986951508595), np.float64(2521.415546662035), np.float64(30.0)), (np.float64(2029.0765469918497), np.float64(594.1404867445133), np.float64(101.8093602416499)), (np.float64(2185.8125986555233), np.float64(985.9102410127923), np.float64(30.0))]",-3.3333333333333335,0.7820524662857192,6,0,0,1.4199509373433226,165.9813363416698
163,20.354899030571563,837661.8481789331,12,80.0,19254.032450844636,10.0,38.004446147551484,0.0,150.0,65.21739130434783,"[(np.float64(186.54088401894427), np.float64(1691.197580137789), np.float64(30.0)), (np.float64(1824.5332532643533), np.float64(1972.2920280664227), np.float64(150.0)), (np.float64(691.2300672054386), np.float64(1602.085792172836), np.float64(150.0)), (np.float64(1675.1404961955675), np.float64(2528.9047362827246), np.float64(30.0)), (np.float64(2017.6337553335538), np.float64(591.0351033693235), np.float64(100.66479482534216)), (np.float64(2187.2225756017556), np.float64(978.6288715436457), np.float64(30.0))]",-3.3333333333333335,0.7815797002501812,6,0,0,1.418298106614115,164.05849068772537
164,20.136204212943323,883740.2901173569,19,81.0,19254.032450844636,10.0,25.000640681806367,0.0,147.36842105263156,44.927536231884055,"[(np.float64(178.5919373672115), np.float64(1685.5391666292958), np.float64(30.0)), (np.float64(1832.5296916751286), np.float64(1982.933348280411), np.float64(150.0)), (np.float64(684.0301158177875), np.float64(1599.3407885939803), np.float64(150.0)), (np.float64(1684.6468592135527), np.float64(2537.6085278915457), np.float64(30.0)), (np.float64(2010.4670237601933), np.float64(588.424752678922), np.float64(100.98821781535835)), (np.float64(2188.458768245619), np.float64(967.9471877261676), np.float64(30.0))]",-3.3333333333333335,0.7811095385889989,6,0,0,1.410484983547143,174.04184857334442
165,19.776135130201464,820503.0261647606,7,83.0,19317.319714797224,10.0,32.664527557479154,0.0,171.42857142857142,79.71014492753623,"[(np.float64(169.6136348840283), np.float64(1684.614650456492), np.float64(30.0)), (np.float64(1845.1819179690415), np.float64(1989.5205994370638), np.float64(150.0)), (np.float64(675.3644198668695), np.float64(1595.4779006324868), np.float64(150.0)), (np.float64(1691.020173936797), np.float64(2548.9820536113507), np.float64(30.0)), (np.float64(2002.1437732781983), np.float64(586.5897592309476), np.float64(97.11879812704159)), (np.float64(2188.997601122305), np.float64(961.6172660622716), np.float64(30.0))]",-3.3333333333333335,0.7806381107427711,6,0,0,1.414283538683006,161.15404092182817
166,21.992902675810495,796085.6250180514,27,85.66666666666667,19404.72437989652,10.0,85.7952902551725,0.0,155.55555555555557,21.739130434782606,"[(np.float64(162.55588026387812), np.float64(1681.020455087972), np.float64(30.0)), (np.float64(1859.5608914421787), np.float64(2000.7752297656286), np.float64(150.0)), (np.float64(666.2785903455674), np.float64(1591.9719007522888), np.float64(150.0)), (np.float64(1697.2069988584599), np.float64(2558.5149471723544), np.float64(30.0)), (np.float64(1991.8570247396779), np.float64(586.167652120586), np.float64(93.71148813789972)), (np.float64(2191.9071477996667), np.float64(958.2019298523002), np.float64(30.0))]",-3.3333333333333335,0.7801665150979836,6,0,0,1.4147869343629815,156.30261381931356
167,21.565668153269456,810717.5351678627,9,83.33333333333334,19476.947134846007,10.0,68.56358536302632,0.0,155.55555555555557,73.91304347826086,"[(np.float64(150.1334270613645), np.float64(1675.7599801186018), np.float64(30.0)), (np.float64(1872.3093462264383), np.float64(2009.272375772612), np.float64(150.0)), (np.float64(654.1280998388528), np.float64(1587.4337013184836), np.float64(150.0)), (np.float64(1704.6889608911058), np.float64(2568.6206604519916), np.float64(30.0)), (np.float64(1982.6185342451713), np.float64(581.9098824940287), np.float64(91.22520175900812)), (np.float64(2190.4882992243865), np.float64(952.4008719222229), np.float64(30.0))]",-3.3333333333333335,0.7796930029570216,6,0,0,1.42053642288584,158.53117997982108
168,20.727618466053368,765703.2923718794,20,82.0,19595.08413259148,10.0,39.23215618103305,0.0,90.0,42.028985507246375,"[(np.float64(140.0384293396703), np.float64(1673.3873326179678), np.float64(30.0)), (np.float64(1882.021343549031), np.float64(2019.0594761374955), np.float64(150.0)), (np.float64(646.6983001957115), np.float64(1584.0554766192845), np.float64(150.0)), (np.float64(1715.849560728643), np.float64(2577.4429972747475), np.float64(30.0)), (np.float64(1975.450962727344), np.float64(576.931647491207), np.float64(91.54962393005236)), (np.float64(2190.88878077467), np.float64(945.4616661806178), np.float64(30.0))]",-3.3333333333333335,0.7792227905667773,6,0,0,1.4106371707326306,150.77963590150043
169,21.89623718317783,819131.6214220197,19,87.66666666666667,19659.442801286816,10.0,62.02082015294273,0.0,157.89473684210526,44.927536231884055,"[(np.float64(127.58975950802872), np.float64(1669.304566248344), np.float64(30.0)), (np.float64(1894.089082038756), np.float64(2026.0862145808128), np.float64(150.0)), (np.float64(641.02722522241), np.float64(1581.150004877516), np.float64(150.0)), (np.float64(1725.7138232158381), np.float64(2586.1910540352646), np.float64(30.0)), (np.float64(1966.8557809777997), np.float64(571.130379907095), np.float64(89.65015899385739)), (np.float64(2193.057139266628), np.float64(936.9242022715928), np.float64(30.0))]",-3.3333333333333335,0.778750855525444,6,0,0,1.415805123999867,160.71177992582116
170,22.03839373659208,896022.347988843,3,85.33333333333334,19659.442801286816,10.0,54.70675909193844,0.0,66.66666666666666,91.30434782608697,"[(np.float64(120.12837552045933), np.float64(1666.3114600325102), np.float64(30.0)), (np.float64(1906.901431372576), np.float64(2036.3816571196935), np.float64(150.0)), (np.float64(630.2242133740966), np.float64(1574.5470351053382), np.float64(150.0)), (np.float64(1731.821094278311), np.float64(2591.1994206119016), np.float64(30.0)), (np.float64(1955.2575754852312), np.float64(565.5075989320285), np.float64(85.92424113424391)), (np.float64(2196.055252364132), np.float64(929.4971497595496), np.float64(30.0))]",-5.254993073019974,0.7782780378694522,6,0,0,1.4184529679755433,175.46940383846334
171,21.107495515213127,819890.9927767996,12,86.0,19736.524156498854,10.0,61.28629278248369,0.0,166.66666666666669,65.21739130434783,"[(np.float64(108.99971165316444), np.float64(1659.7086258838967), np.float64(30.0)), (np.float64(1919.784512510171), np.float64(2048.5093141540456), np.float64(150.0)), (np.float64(623.240626028192), np.float64(1567.2261397504435), np.float64(150.0)), (np.float64(1739.3425753409697), np.float64(2599.7444142292793), np.float64(30.0)), (np.float64(1946.6443969619497), np.float64(556.5936553059167), np.float64(83.13825123725108)), (np.float64(2196.7790293910653), np.float64(919.9240708364852), np.float64(30.0))]",-5.254993073019974,0.7778033784791315,6,0,0,1.4239781709621084,159.93749246849634
172,20.448414695186106,755946.7642171371,10,86.66666666666667,19877.69974027056,10.0,57.744002797810154,0.0,120.0,71.01449275362319,"[(np.float64(95.27130706211067), np.float64(1653.4350676165625), np.float64(30.0)), (np.float64(1934.4926038148187), np.float64(2060.266267092413), np.float64(150.0)), (np.float64(612.5357627119462), np.float64(1563.5987235449018), np.float64(150.0)), (np.float64(1746.0081037884324), np.float64(2607.4444451549966), np.float64(30.0)), (np.float64(1934.5529278643749), np.float64(552.9321447998827), np.float64(83.15544027544051)), (np.float64(2199.3357017964418), np.float64(911.1959600016443), np.float64(30.0))]",-5.254993073019974,0.7773291652077581,6,0,0,1.4226398141202619,147.60251343899697
173,21.149754273926202,797631.4711957879,10,84.66666666666667,19976.790617063612,10.0,45.69127507940549,0.0,140.0,71.01449275362319,"[(np.float64(83.34435181568998), np.float64(1648.8167344737958), np.float64(30.0)), (np.float64(1947.1747633906218), np.float64(2070.2056710738043), np.float64(150.0)), (np.float64(602.4937936688443), np.float64(1559.8300938445818), np.float64(150.0)), (np.float64(1756.5008468040767), np.float64(2617.8650519127054), np.float64(30.0)), (np.float64(1922.1943653564301), np.float64(546.2745400412495), np.float64(81.11826076895726)), (np.float64(2203.50438295568), np.float64(901.8319618478458), np.float64(30.0))]",-5.254993073019974,0.7768535819256454,6,0,0,1.4267498463383568,155.29302359696283
174,21.198460130557777,829291.6245481622,8,85.33333333333334,20044.07134050429,10.0,62.24117836408044,0.0,100.0,76.81159420289855,"[(np.float64(73.1796689552622), np.float64(1644.315419413199), np.float64(30.0)), (np.float64(1962.1747633906218), np.float64(2078.6474181131557), np.float64(150.0)), (np.float64(593.6291198659164), np.float64(1554.4444410237065), np.float64(150.0)), (np.float64(1764.921326237698), np.float64(2628.3964286361047), np.float64(30.0)), (np.float64(1911.141886139394), np.float64(543.8094559480093), np.float64(78.68635844971871)), (np.float64(2201.1241713067297), np.float64(890.3522036246993), np.float64(30.0))]",-5.254993073019974,0.7763787801193812,6,0,0,1.4244054187920834,161.72276625573312
175,21.659699606549204,856075.2353543029,9,86.66666666666667,20084.268453138822,10.0,67.22394494441271,0.0,111.11111111111111,73.91304347826086,"[(np.float64(62.904920542898275), np.float64(1635.9136668199833), np.float64(30.0)), (np.float64(1974.107313653067), np.float64(2086.797935818544), np.float64(150.0)), (np.float64(587.0371072137267), np.float64(1544.217998970361), np.float64(150.0)), (np.float64(1773.1133455626523), np.float64(2634.3111623564464), np.float64(30.0)), (np.float64(1904.250709367943), np.float64(538.2777016478353), np.float64(79.14581351180402)), (np.float64(2203.7852478736513), np.float64(882.814262781201), np.float64(30.0))]",-5.254993073019974,0.7759072272055899,6,0,0,1.4146587413738807,168.09614186977865
176,21.536435024209577,793676.9296975967,45,85.33333333333334,20190.06387143006,10.0,72.47411469503115,0.0,106.66666666666667,-30.434782608695656,"[(np.float64(48.32972487712129), np.float64(1629.0326071068484), np.float64(30.0)), (np.float64(1986.498938928585), np.float64(2097.2637690840997), np.float64(150.0)), (np.float64(579.0035998003063), np.float64(1537.5339065639148), np.float64(150.0)), (np.float64(1783.5776833762743), np.float64(2643.138874226039), np.float64(30.0)), (np.float64(1894.1637146620847), np.float64(534.4201285447344), np.float64(76.68770018064144)), (np.float64(2203.6246925232454), np.float64(876.0702880811526), np.float64(30.0))]",-5.254993073019974,0.7754327491248804,6,0,0,1.4234342421286195,154.88303377836473
177,22.092274796626672,799554.8006137796,6,85.66666666666667,20286.531418805112,10.0,77.45850403442203,0.0,100.0,82.6086956521739,"[(np.float64(36.69933201818257), np.float64(1624.544936072095), np.float64(30.0)), (np.float64(1995.2644052005205), np.float64(2103.3419441069836), np.float64(150.0)), (np.float64(571.0407615348579), np.float64(1530.5276754435072), np.float64(150.0)), (np.float64(1795.9110104861074), np.float64(2653.187107096394), np.float64(30.0)), (np.float64(1884.555143961243), np.float64(529.8045793248615), np.float64(77.52770928548783)), (np.float64(2204.8752867687745), np.float64(866.7958012041203), np.float64(30.0))]",-5.254993073019974,0.7749602308896856,6,0,0,1.417554705584819,156.67723781737374
178,22.01528294350538,861420.534622506,8,85.66666666666667,20321.133232171444,10.0,40.13889627112075,0.0,175.0,76.81159420289855,"[(np.float64(26.55953587567508), np.float64(1618.2055081389756), np.float64(30.0)), (np.float64(2007.420426039423), np.float64(2114.6515213093057), np.float64(150.0)), (np.float64(561.2679443780513), np.float64(1522.497796709241), np.float64(150.0)), (np.float64(1809.1291903697802), np.float64(2662.2864072366024), np.float64(30.0)), (np.float64(1874.250683866685), np.float64(522.2490607703483), np.float64(74.02044767915991)), (np.float64(2207.170871402474), np.float64(858.4092025236613), np.float64(30.0))]",-5.254993073019974,0.7744839597775891,6,0,0,1.4288133362887676,167.47007867459112
179,21.209710974945036,833708.8699327535,12,84.66666666666667,20384.09671022753,10.0,68.57758974403308,0.0,116.66666666666667,65.21739130434783,"[(np.float64(20.338755804622778), np.float64(1615.6067636671683), np.float64(30.0)), (np.float64(2019.390717901233), np.float64(2129.6515213093057), np.float64(150.0)), (np.float64(553.5961275365055), np.float64(1517.6374444277028), np.float64(150.0)), (np.float64(1820.9179561498431), np.float64(2675.080316201877), np.float64(30.0)), (np.float64(1864.0551551829092), np.float64(513.535159593927), np.float64(71.79857024951505)), (np.float64(2210.9004017779876), np.float64(850.4067654151597), np.float64(30.0))]",-5.254993073019974,0.7740094165881954,6,0,0,1.4236295681816034,162.6727924029748
180,21.34438595081489,841182.4902779078,5,84.66666666666667,20439.236567938467,10.0,76.5036184528253,0.0,200.0,85.5072463768116,"[(np.float64(13.080400857848229), np.float64(1608.1224559892453), np.float64(30.0)), (np.float64(2032.6460933972787), np.float64(2144.6515213093057), np.float64(150.0)), (np.float64(539.9095902477711), np.float64(1507.5319166877618), np.float64(150.0)), (np.float64(1829.430658827788), np.float64(2688.3676600333774), np.float64(30.0)), (np.float64(1849.0551551829092), np.float64(506.4928215775584), np.float64(68.5689450186619)), (np.float64(2213.360400980091), np.float64(842.2767487769914), np.float64(30.0))]",-5.600640660338892,0.7735306153373886,6,0,0,1.4364037524201256,162.67139546335014
181,19.564362064846883,774361.3993310563,28,79.66666666666666,20563.097516596245,10.0,36.168358477530354,0.0,153.57142857142858,18.840579710144922,"[(np.float64(1.1952734289418139), np.float64(1598.2298118663175), np.float64(30.0)), (np.float64(2047.3521693259609), np.float64(2159.281206758769), np.float64(150.0)), (np.float64(530.5049827050241), np.float64(1496.3326960190425), np.float64(150.0)), (np.float64(1842.4203104146313), np.float64(2701.441021516534), np.float64(30.0)), (np.float64(1837.336043857094), np.float64(499.7233821166364), np.float64(64.38510072908888)), (np.float64(2216.703248905542), np.float64(833.3975006603403), np.float64(30.0))]",-5.600640660338892,0.7730502666402664,6,0,0,1.4410460913667282,149.26683469163987
182,20.590604309638593,932358.3928219827,11,81.66666666666667,20563.097516596245,10.0,45.55722199599094,0.0,163.63636363636365,68.11594202898551,"[(np.float64(0.0), np.float64(1587.1622698911715), np.float64(30.0)), (np.float64(2061.384656089085), np.float64(2171.2098725405335), np.float64(150.0)), (np.float64(517.8235160802392), np.float64(1488.4213915869725), np.float64(150.0)), (np.float64(1851.3183396728834), np.float64(2709.928945826882), np.float64(30.0)), (np.float64(1826.8239682007484), np.float64(491.7424754540235), np.float64(61.12440751970912)), (np.float64(2217.084087549459), np.float64(822.731408804708), np.float64(30.0))]",-5.600640660338892,0.7725735724212593,6,0,0,1.4300826570209983,181.10033093475096
183,19.722025757098045,834718.228455828,21,82.33333333333334,20661.737680962397,10.0,39.24308177927204,0.0,152.38095238095238,39.13043478260869,"[(np.float64(0.0), np.float64(1575.0906674474797), np.float64(30.0)), (np.float64(2072.7148189152945), np.float64(2184.62612009307), np.float64(150.0)), (np.float64(506.4094208500899), np.float64(1478.9038725477649), np.float64(150.0)), (np.float64(1862.1750803190575), np.float64(2723.1089194168244), np.float64(30.0)), (np.float64(1814.599577946119), np.float64(483.8365601897351), np.float64(57.99521828413169)), (np.float64(2221.127416916758), np.float64(813.3560243571476), np.float64(30.0))]",-5.600640660338892,0.7720953633029332,6,0,0,1.4346273549788635,161.62118599396112
184,19.87116489887094,863398.7719556168,8,84.66666666666667,20731.197301828768,10.0,52.5333975352316,0.0,125.0,76.81159420289855,"[(np.float64(0.0), np.float64(1566.5307115632143), np.float64(30.0)), (np.float64(2082.601865264392), np.float64(2195.1026244123655), np.float64(150.0)), (np.float64(493.7473625107388), np.float64(1471.1987281674703), np.float64(150.0)), (np.float64(1871.3375506367074), np.float64(2734.894944484747), np.float64(30.0)), (np.float64(1802.4772463491329), np.float64(478.9509429040574), np.float64(55.17661441791195)), (np.float64(2226.259359680356), np.float64(803.4586259277148), np.float64(30.0))]",-5.600640660338892,0.7716199099188668,6,0,0,1.4263601521990394,168.14336255828496
185,19.419722355057477,911594.1151250806,6,81.0,20751.91157952568,10.0,21.001297301482992,0.0,66.66666666666666,82.6086956521739,"[(np.float64(0.0), np.float64(1558.5663984260186), np.float64(30.0)), (np.float64(2096.772639251865), np.float64(2210.057510307215), np.float64(150.0)), (np.float64(484.53950445877314), np.float64(1465.0440150894578), np.float64(150.0)), (np.float64(1882.1597078943125), np.float64(2744.0378951345074), np.float64(30.0)), (np.float64(1790.4153890894463), np.float64(472.8984838489709), np.float64(54.202195294498274)), (np.float64(2227.9554510905346), np.float64(793.115969238917), np.float64(30.0))]",-5.600640660338892,0.7711450739436417,6,0,0,1.4245079256750688,177.76004118386663
186,18.86581478223541,878535.0967747442,23,80.66666666666666,20807.234875572918,10.0,18.02637658916831,0.0,139.1304347826087,33.333333333333336,"[(np.float64(0.0), np.float64(1551.7930681420382), np.float64(30.0)), (np.float64(2108.7815114813943), np.float64(2223.2075366202566), np.float64(150.0)), (np.float64(473.17011562501597), np.float64(1455.457622744089), np.float64(150.0)), (np.float64(1892.5958828370365), np.float64(2754.3526528043094), np.float64(30.0)), (np.float64(1782.1007543351839), np.float64(463.6686516062633), np.float64(51.173597807187896)), (np.float64(2230.071966020414), np.float64(784.1670386347942), np.float64(30.0))]",-5.600640660338892,0.7706698537508007,6,0,0,1.4256605785229146,171.17505425780485
187,18.120029748050115,850527.0461600916,11,79.0,20890.216222234812,10.0,22.5050286386591,0.0,163.63636363636365,68.11594202898551,"[(np.float64(0.0), np.float64(1541.4531747526312), np.float64(30.0)), (np.float64(2122.81604631088), np.float64(2232.253043967245), np.float64(150.0)), (np.float64(459.18955925387087), np.float64(1445.545885754642), np.float64(150.0)), (np.float64(1901.7125340484179), np.float64(2763.668734577694), np.float64(30.0)), (np.float64(1769.8464143553595), np.float64(458.0132330163042), np.float64(45.117706334841515)), (np.float64(2231.493034533221), np.float64(773.9279730251765), np.float64(30.0))]",-5.600640660338892,0.7701917604336906,6,0,0,1.4342799513305295,164.72203533423175
188,18.967012572750946,885825.8432734957,14,78.66666666666666,20936.7487717833,10.0,27.447818779313955,0.0,157.14285714285714,59.42028985507246,"[(np.float64(0.0), np.float64(1533.3085724357234), np.float64(30.0)), (np.float64(2136.74821766509), np.float64(2245.3696221228174), np.float64(150.0)), (np.float64(451.62519750096914), np.float64(1440.484583777184), np.float64(150.0)), (np.float64(1911.7531101717068), np.float64(2775.0756788018534), np.float64(30.0)), (np.float64(1757.0290547327904), np.float64(450.63942969435374), np.float64(39.88033032512194)), (np.float64(2237.365784781709), np.float64(762.9926846973224), np.float64(30.0))]",-5.600640660338892,0.7697146754198897,6,0,0,1.4312550414028054,171.9209554723846
189,20.245267283737114,922425.783319754,8,81.33333333333333,20946.28138128553,10.0,42.67452820204063,0.0,150.0,76.81159420289855,"[(np.float64(0.0), np.float64(1523.7071459990468), np.float64(30.0)), (np.float64(2151.6064731187003), np.float64(2258.1863260009113), np.float64(150.0)), (np.float64(442.06281793040756), np.float64(1429.1540723149103), np.float64(150.0)), (np.float64(1925.2281697258798), np.float64(2788.4306157748983), np.float64(30.0)), (np.float64(1742.04251350906), np.float64(444.5704076363736), np.float64(37.89954815154917)), (np.float64(2237.5131487267927), np.float64(755.1482872863596), np.float64(30.0))]",-5.600640660338892,0.7692368038105158,6,0,0,1.4336148281214958,178.72958568043794
190,19.57465734543713,888411.4187497965,9,80.66666666666666,20990.128355357723,10.0,36.094674984357944,0.0,111.11111111111111,73.91304347826086,"[(np.float64(0.0), np.float64(1516.8810582434312), np.float64(30.0)), (np.float64(2164.1750318897302), np.float64(2273.1863260009113), np.float64(150.0)), (np.float64(435.59838761990534), np.float64(1422.987717052734), np.float64(150.0)), (np.float64(1938.7034899836403), np.float64(2798.3600094999183), np.float64(30.0)), (np.float64(1731.0586217977532), np.float64(436.7021606810747), np.float64(35.58479240103861)), (np.float64(2237.491295907159), np.float64(744.8370076926979), np.float64(30.0))]",-5.906923209101098,0.7687618736734586,6,0,0,1.424790411171533,173.2050887749909
191,20.70946834806509,849320.0266009534,19,86.0,21073.26672157875,10.0,45.834507916645,0.0,157.89473684210526,44.927536231884055,"[(np.float64(0.0), np.float64(1508.3999234268736), np.float64(30.0)), (np.float64(2176.136299161949), np.float64(2285.9700827457386), np.float64(150.0)), (np.float64(423.333856648982), np.float64(1418.0081407367527), np.float64(150.0)), (np.float64(1953.7034899836403), np.float64(2812.155774661011), np.float64(30.0)), (np.float64(1716.0586217977532), np.float64(425.4101160755512), np.float64(30.0)), (np.float64(2243.9034620200796), np.float64(729.8370076926979), np.float64(30.0))]",-5.906923209101098,0.7682802067763816,6,0,0,1.4450006912304307,163.26790086895122
192,21.708211028634533,961255.6389626039,14,84.66666666666667,21073.26672157875,10.0,54.89563755862791,0.0,171.42857142857142,59.42028985507246,"[(np.float64(0.0), np.float64(1499.8598761390542), np.float64(30.0)), (np.float64(2189.3274103989797), np.float64(2298.938354313498), np.float64(150.0)), (np.float64(413.27441785560677), np.float64(1409.166206946912), np.float64(150.0)), (np.float64(1963.7141700343861), np.float64(2824.255243516813), np.float64(30.0)), (np.float64(1701.2017405002762), np.float64(418.87407321517423), np.float64(30.0)), (np.float64(2248.1335956241182), np.float64(718.0873574260077), np.float64(30.0))]",-5.906923209101098,0.7678038584426731,6,0,0,1.4290450011263893,186.8488781367454
193,21.561948091103094,895182.8511833352,10,89.0,21139.489509358013,10.0,68.64852852327027,0.0,140.0,71.01449275362319,"[(np.float64(0.0), np.float64(1491.665022113611), np.float64(30.0)), (np.float64(2203.721137194997), np.float64(2313.938354313498), np.float64(150.0)), (np.float64(402.5027993700055), np.float64(1401.729653999575), np.float64(150.0)), (np.float64(1975.8772901604116), np.float64(2835.871182134789), np.float64(30.0)), (np.float64(1687.156958713621), np.float64(409.9620702882212), np.float64(30.0)), (np.float64(2253.5113668190916), np.float64(709.6177708323387), np.float64(30.0))]",-5.906923209101098,0.767327314490172,6,0,0,1.4296318575028035,173.9342207586434
194,21.10250309401721,877528.3342522,7,85.33333333333334,21223.516814068425,10.0,56.88389821797908,0.0,142.85714285714286,79.71014492753623,"[(np.float64(0.0), np.float64(1478.4862556439962), np.float64(30.0)), (np.float64(2217.3992686457896), np.float64(2326.787167677613), np.float64(150.0)), (np.float64(389.6125654529886), np.float64(1395.605095572532), np.float64(150.0)), (np.float64(1988.9693496756074), np.float64(2850.5739336298666), np.float64(30.0)), (np.float64(1678.1493924892202), np.float64(402.0865397961386), np.float64(30.0)), (np.float64(2259.906321355377), np.float64(700.4625501539648), np.float64(30.0))]",-5.906923209101098,0.7668498045163044,6,0,0,1.4325299216033793,170.15900816422854
195,21.419736327110932,867514.8918923466,7,85.33333333333334,21317.307561138674,10.0,62.24117836408044,0.0,85.71428571428571,79.71014492753623,"[(np.float64(0.0), np.float64(1470.3060646927877), np.float64(30.0)), (np.float64(2232.3992686457896), np.float64(2339.437430292452), np.float64(150.0)), (np.float64(377.0206171946867), np.float64(1385.108616013308), np.float64(150.0)), (np.float64(2002.0272493449806), np.float64(2863.6472743490967), np.float64(30.0)), (np.float64(1667.848456339373), np.float64(391.8985651707443), np.float64(30.0)), (np.float64(2264.8273286364984), np.float64(690.0130572114798), np.float64(30.0))]",-5.906923209101098,0.7663723847019758,6,0,0,1.4322594429857565,168.2490976332014
196,22.00811266433058,876937.832177814,8,84.0,21401.175367923453,10.0,48.94470666813164,0.0,150.0,76.81159420289855,"[(np.float64(0.0), np.float64(1459.7827832050493), np.float64(30.0)), (np.float64(2246.1262084514856), np.float64(2354.437430292452), np.float64(150.0)), (np.float64(363.8901222159977), np.float64(1375.4883707508432), np.float64(150.0)), (np.float64(2011.4962805940204), np.float64(2876.522343272121), np.float64(30.0)), (np.float64(1656.159910983363), np.float64(382.70853474460745), np.float64(30.0)), (np.float64(2266.1427646048346), np.float64(677.0991194574796), np.float64(30.0))]",-5.906923209101098,0.765894338744133,6,0,0,1.4341378735280983,169.85385210722728
197,21.111328767697604,837448.5690929818,16,85.0,21525.732437793078,10.0,48.94470666813164,0.0,125.0,53.623188405797094,"[(np.float64(0.0), np.float64(1449.9670757714857), np.float64(30.0)), (np.float64(2260.9641316517473), np.float64(2365.867195216863), np.float64(150.0)), (np.float64(348.8901222159977), np.float64(1368.8231433400917), np.float64(150.0)), (np.float64(2022.7695915834395), np.float64(2887.1965371236447), np.float64(30.0)), (np.float64(1643.3696954012798), np.float64(373.1395715883217), np.float64(30.0)), (np.float64(2270.6094536652595), np.float64(665.7405959662271), np.float64(30.0))]",-5.906923209101098,0.7654169322369485,6,0,0,1.4322195215536393,162.42244923004702
198,21.77558348690954,890725.2868115718,17,86.33333333333333,21596.41278994411,10.0,57.17854862601465,0.0,129.41176470588235,50.72463768115942,"[(np.float64(0.0), np.float64(1439.6018610334093), np.float64(30.0)), (np.float64(2273.464911729119), np.float64(2379.9320540523254), np.float64(150.0)), (np.float64(336.0979786121514), np.float64(1356.93749034152), np.float64(150.0)), (np.float64(2033.5638355158062), np.float64(2900.1680099982696), np.float64(30.0)), (np.float64(1631.2497800656395), np.float64(365.43910700632944), np.float64(30.0)), (np.float64(2272.9333175119577), np.float64(658.2201973961934), np.float64(30.0))]",-5.906923209101098,0.7649403350352225,6,0,0,1.4297916051776085,173.04877849681964
199,21.870264241656827,869154.5502937196,10,86.0,21688.16387861299,10.0,57.07277668466855,0.0,120.0,71.01449275362319,"[(np.float64(0.0), np.float64(1432.3835938289774), np.float64(30.0)), (np.float64(2286.375296206774), np.float64(2393.88695204692), np.float64(150.0)), (np.float64(324.34484976239315), np.float64(1349.7782364367633), np.float64(150.0)), (np.float64(2045.888708992879), np.float64(2913.866619719097), np.float64(30.0)), (np.float64(1617.2101391814374), np.float64(355.91420751656176), np.float64(30.0)), (np.float64(2281.0977043154026), np.float64(647.903867904097), np.float64(30.0))]",-5.906923209101098,0.7644629628058951,6,0,0,1.4321166879823881,168.58390210239793
