step,avg_sinr,total_throughput,handover_count,coverage,regret,avg_load,cell_edge_rate,outage_prob,pingpong_rate,drone_handover_reduction,drone_positions,drone_rewards,avg_battery_pct,drones_active,drones_charging,drones_rtb,total_energy_consumed_wh,fleet_efficiency
0,26.23019817494782,356171.5863997426,0,82.66666666666667,0.0,10.0,5.698219890531511,0.0,0,0.0,"[(np.float64(634.6456020720809), np.float64(1752.7210721969907), np.float64(93.05007482408874)), (np.float64(2511.7545322283963), np.float64(2386.335979685129), np.float64(93.29475429397773)), (np.float64(732.1881640454953), np.float64(1933.5562672366873), np.float64(54.57953275160465)), (np.float64(1735.8916984508555), np.float64(457.9613396284908), np.float64(133.02924863158094)), (np.float64(732.7931026537341), np.float64(1196.6392981594092), np.float64(141.3736468114775)), (np.float64(971.2451577608781), np.float64(615.6586578489013), np.float64(134.18447490772104))]",0.0,0.8677712123187309,6,0,0,1.391128230256574,71.11964923568463
1,25.177333836709533,135607.65672538464,0,80.66666666666666,220.9639296743577,10.0,5.698219890531511,0.0,0,0.0,"[(np.float64(633.1735596342543), np.float64(1750.4559344850556), np.float64(91.9292188051532)), (np.float64(2508.429976607532), np.float64(2386.195710347352), np.float64(89.76929932142265)), (np.float64(732.835879354874), np.float64(1933.6058254167392), np.float64(57.34928572195444)), (np.float64(1735.0524792183576), np.float64(454.39185075263765), np.float64(133.46972171168494)), (np.float64(731.8811686382055), np.float64(1198.036843517568), np.float64(139.61450406086237)), (np.float64(971.2928232964575), np.float64(616.0597948981034), np.float64(134.3744781042938))]",0.0,0.8673104454028363,6,0,0,1.3823007476832896,27.25079444394519
2,25.42090436053316,173909.04701610166,0,81.33333333333333,403.5264690579987,10.0,5.698219890531511,0.0,0,0.0,"[(np.float64(633.9258330905617), np.float64(1750.3480303683323), np.float64(91.09040974948421)), (np.float64(2503.098747609419), np.float64(2386.590478241067), np.float64(86.97352951662259)), (np.float64(732.9113816139328), np.float64(1935.216762656192), np.float64(56.11153858357462)), (np.float64(1735.9528065756576), np.float64(456.42050829950875), np.float64(131.94780524750672)), (np.float64(726.5502146257392), np.float64(1197.4749272679478), np.float64(140.34522194373258)), (np.float64(972.7451703748611), np.float64(615.6259074639484), np.float64(137.4729117850532))]",0.0,0.8668482639520619,6,0,0,1.3865443523237482,34.840622685183476
3,25.345927440300752,81404.48532617137,0,80.33333333333333,678.5935701315697,10.0,5.698219890531511,0.0,0,0.0,"[(np.float64(631.3460365207233), np.float64(1750.6279817143825), np.float64(90.51114200039352)), (np.float64(2500.881531410556), np.float64(2386.372335442144), np.float64(85.89399586974244)), (np.float64(731.6208726577046), np.float64(1932.8024603520619), np.float64(57.527897082926714)), (np.float64(1734.1225848116253), np.float64(456.0874717077713), np.float64(133.87490025602236)), (np.float64(723.2141451084079), np.float64(1195.453568350514), np.float64(140.06598365332135)), (np.float64(970.2391020177267), np.float64(614.8353902446903), np.float64(136.3814462757306))]",0.0,0.8663881054050776,6,0,0,1.3804756409528198,16.380120274661493
4,24.969885975186298,94006.44338411927,0,80.66666666666666,941.2087131471927,10.0,5.698219890531511,0.0,0,0.0,"[(np.float64(633.6055034240254), np.float64(1750.2640737725674), np.float64(90.4652756733322)), (np.float64(2497.88687757284), np.float64(2386.1965821528424), np.float64(85.58680724089221)), (np.float64(730.8978154492569), np.float64(1930.3425346512101), np.float64(57.331996996129256)), (np.float64(1735.5291091424199), np.float64(457.4154478981953), np.float64(132.25209491351401)), (np.float64(723.9362447603049), np.float64(1194.7337680987287), np.float64(140.61974316064143)), (np.float64(971.0822217512758), np.float64(616.3575358430054), np.float64(134.1735051555542))]",0.0,0.8659295585084555,6,0,0,1.375640689865821,18.982355736060818
5,22.944734507221593,132724.08402219386,246,76.66666666666667,1185.9562155247413,10.0,6.493840615192045,0.0,121.13821138211382,0.0,"[(np.float64(631.8961079622887), np.float64(1748.2039827774515), np.float64(89.95177382503479)), (np.float64(2495.937565654282), np.float64(2388.181867732274), np.float64(81.5587939743902)), (np.float64(727.7800942816109), np.float64(1930.1650668013954), np.float64(55.657808483771575)), (np.float64(1736.5318482666794), np.float64(457.2689805675711), np.float64(132.92485118236704)), (np.float64(725.0751963733071), np.float64(1196.474200957833), np.float64(141.39693876930906)), (np.float64(971.1631640562796), np.float64(618.6472539009865), np.float64(138.66953449764793))]",0.0,0.8654672707340865,6,0,0,1.3868633231078222,26.583586502712475
6,22.6277483704734,161516.78499083125,3,76.0,1382.2610169336526,10.0,6.493840615192045,0.0,200.0,0.0,"[(np.float64(629.024850485495), np.float64(1747.1858673099798), np.float64(89.39782555479522)), (np.float64(2496.5498402144963), np.float64(2387.0893389772064), np.float64(83.90874429717802)), (np.float64(728.6757070109103), np.float64(1929.7144489773796), np.float64(53.951444476477306)), (np.float64(1738.024046084055), np.float64(455.6475895868021), np.float64(134.09773661194328)), (np.float64(724.9527001173302), np.float64(1199.8865251507711), np.float64(142.6692750143697)), (np.float64(971.9748790107316), np.float64(619.7732522493263), np.float64(136.1285573739945))]",0.0,0.8650066313901603,6,0,0,1.3819180317782662,32.466305943508466
7,22.657939042289296,110656.68863780306,3,76.66666666666667,1629.375914695592,10.0,6.493840615192045,0.0,200.0,0.0,"[(np.float64(632.7946934571341), np.float64(1745.4109701072553), np.float64(91.53083396822825)), (np.float64(2497.9868994316053), np.float64(2387.955103226917), np.float64(84.31055670813006)), (np.float64(726.562714572575), np.float64(1929.8641283595132), np.float64(56.52738933149563)), (np.float64(1740.1195064250144), np.float64(455.34919268075316), np.float64(132.7145294382698)), (np.float64(728.207779653923), np.float64(1200.5039180265867), np.float64(144.44537229457273)), (np.float64(971.0307314547294), np.float64(621.9817477946597), np.float64(134.60251528243745))]",0.0,0.8645449310641616,6,0,0,1.3851009779959464,22.191861499173932
8,22.74624434771228,200348.18316044734,5,75.66666666666667,1786.9493179348874,10.0,6.493840615192045,0.0,200.0,0.0,"[(np.float64(634.5949367326092), np.float64(1748.6079578882202), np.float64(91.35742457774691)), (np.float64(2500.820255449274), np.float64(2387.2616688793946), np.float64(84.11685906572376)), (np.float64(726.3227076720793), np.float64(1931.7854337897452), np.float64(51.73359241977542)), (np.float64(1737.8838173888792), np.float64(455.32847806149965), np.float64(134.093384716024)), (np.float64(727.3284895386222), np.float64(1201.641291619413), np.float64(145.08463734181828)), (np.float64(971.1161699613082), np.float64(623.0333771338821), np.float64(134.60608577311763))]",0.0,0.8640851472533874,6,0,0,1.3793514323229035,40.34669613269099
9,22.97862929821036,117621.35864507845,12,77.33333333333333,2027.6495456895514,10.0,6.493840615192045,0.0,0.0,0.0,"[(np.float64(635.4718228177283), np.float64(1749.0332339252284), np.float64(92.07070382309296)), (np.float64(2499.047613983078), np.float64(2388.2422698127534), np.float64(81.66160227404266)), (np.float64(727.5845800122008), np.float64(1929.059059708394), np.float64(51.12341937496914)), (np.float64(1737.8888597920807), np.float64(454.69864301716393), np.float64(133.4613885061301)), (np.float64(725.1731241022791), np.float64(1207.25343563854), np.float64(144.6200628967876)), (np.float64(969.3289524466469), np.float64(621.6632397625599), np.float64(138.0096725593831))]",0.0,0.8636243982672026,6,0,0,1.382246958554154,23.637309831962888
10,24.54157797137277,182129.40131186118,27,79.33333333333333,2203.8917307774327,10.0,6.054266797435465,0.0,200.0,0.0,"[(np.float64(639.1976476913818), np.float64(1749.5195886182755), np.float64(93.51864041243311)), (np.float64(2500.4534086847248), np.float64(2387.1443668243287), np.float64(82.00884678109657)), (np.float64(727.6550297425011), np.float64(1926.583957699524), np.float64(51.19773771867613)), (np.float64(1735.3379633771583), np.float64(457.5454855260772), np.float64(126.93293298150603)), (np.float64(723.7587667921695), np.float64(1207.5414011158675), np.float64(145.16522986272324)), (np.float64(970.3497701210295), np.float64(620.8610345120441), np.float64(137.34278683202803))]",-12.437193166787223,0.8631631210093107,6,0,0,1.3838317736757377,36.55899606208969
11,24.296400913651553,219437.8343095817,6,78.0,2341.5254828675943,10.0,5.991867600893782,0.0,66.66666666666666,0.0,"[(np.float64(638.081071058008), np.float64(1748.2477830621638), np.float64(91.83168576692381)), (np.float64(2497.3803539239116), np.float64(2389.7531989427275), np.float64(81.59835668975873)), (np.float64(733.651935128359), np.float64(1925.6816747338794), np.float64(55.31491908480899)), (np.float64(1737.2007056877849), np.float64(455.03799557258134), np.float64(126.59110765827637)), (np.float64(723.6545423607439), np.float64(1205.536655192813), np.float64(147.6671872549537)), (np.float64(970.5051703059771), np.float64(623.9617739249578), np.float64(137.14264112481067))]",-12.437193166787223,0.8627004947385956,6,0,0,1.3878788121454864,43.9195075545934
12,24.917940272199218,174176.80565456636,3,80.66666666666666,2524.170263612771,10.0,5.991867600893782,0.0,200.0,0.0,"[(np.float64(637.8386931663529), np.float64(1747.5576529891505), np.float64(94.82948380448033)), (np.float64(2495.4303300964266), np.float64(2387.3298493905063), np.float64(76.93707051374828)), (np.float64(732.0282900930415), np.float64(1928.1357942812276), np.float64(55.5682861823532)), (np.float64(1733.2994504802298), np.float64(460.0291239821539), np.float64(122.24508550038185)), (np.float64(723.861144395005), np.float64(1207.3054895676296), np.float64(148.05212806532683)), (np.float64(969.0202410711074), np.float64(620.5080554819788), np.float64(136.13949759313235))]",-12.437193166787223,0.8622362158463601,6,0,0,1.3928366767064173,34.736625495506956
13,23.867978551916412,151573.08624091765,195,80.0,2749.068763771596,10.0,6.085956315383588,0.0,102.05128205128204,0.0,"[(np.float64(637.7394016072317), np.float64(1747.901717319762), np.float64(94.12868670569493)), (np.float64(2493.5307812635833), np.float64(2385.9281280676587), np.float64(76.77078465714763)), (np.float64(732.225662769354), np.float64(1926.7255319501317), np.float64(58.55690900979346)), (np.float64(1736.1647069228845), np.float64(462.4066397937863), np.float64(124.02132386747519)), (np.float64(726.8715455979661), np.float64(1207.4031436563005), np.float64(148.45105303692313)), (np.float64(967.8901837763784), np.float64(619.9734152364516), np.float64(136.02997764627509))]",-12.437193166787223,0.8617772263527305,6,0,0,1.3769684808887472,30.57705071051902
14,24.650964118454,182993.2282659402,3,81.33333333333333,2922.8971219053988,10.0,6.085956315383588,0.0,200.0,0.0,"[(np.float64(634.0647061232529), np.float64(1751.6684584839195), np.float64(93.28015805639585)), (np.float64(2493.804430223159), np.float64(2384.016378938239), np.float64(74.69483278526693)), (np.float64(730.2429151729939), np.float64(1927.5345897604736), np.float64(55.48296496296079)), (np.float64(1733.690739618411), np.float64(463.1411648336401), np.float64(126.8103462580415)), (np.float64(727.9759911002437), np.float64(1202.3022797862134), np.float64(148.60215097702374)), (np.float64(968.1319914108562), np.float64(617.2421407920775), np.float64(133.71623923166473))]",-12.437193166787223,0.861313717874534,6,0,0,1.3905254345893254,36.555571751268936
15,23.95753581469668,178123.0725526621,24,81.33333333333333,3102.9956357524798,10.0,6.3519371113558485,0.0,158.33333333333331,0.0,"[(np.float64(630.0799273612414), np.float64(1751.0037102684014), np.float64(94.09684230162681)), (np.float64(2493.40994802976), np.float64(2383.584797249626), np.float64(71.00357310832533)), (np.float64(729.8612032930592), np.float64(1926.6343746131706), np.float64(56.23383276099046)), (np.float64(1737.5236184871146), np.float64(461.6003681020346), np.float64(126.12226314926554)), (np.float64(728.2483899470695), np.float64(1207.0199280094364), np.float64(148.41886252059928)), (np.float64(965.9690116435951), np.float64(619.938031299572), np.float64(133.51736101384802))]",-12.437193166787223,0.8608530335367636,6,0,0,1.3820530133113138,35.80082007569348
16,23.466689362246736,119203.96673376563,7,79.66666666666666,3341.713255418457,10.0,6.3519371113558485,0.0,85.71428571428571,0.0,"[(np.float64(627.7116335187204), np.float64(1750.4963294948684), np.float64(91.13815352589613)), (np.float64(2495.547539456234), np.float64(2383.027332241535), np.float64(66.64936837611717)), (np.float64(728.5699443445303), np.float64(1926.769071294023), np.float64(57.41584297021119)), (np.float64(1735.1265987969364), np.float64(459.99916381072694), np.float64(127.11966366787625)), (np.float64(727.3357874734119), np.float64(1207.2968021647332), np.float64(148.9192255620168)), (np.float64(963.2370983200788), np.float64(620.4820397112497), np.float64(139.5021732216293))]",-12.437193166787223,0.860389372320321,6,0,0,1.3909836493282113,23.804890156396453
17,23.71219312228687,194039.91723520856,4,78.66666666666666,3505.094924582991,10.0,6.3519371113558485,0.0,100.0,0.0,"[(np.float64(627.4504286618379), np.float64(1748.8432094678196), np.float64(86.78376968501473)), (np.float64(2493.676294706339), np.float64(2384.707366862552), np.float64(65.51089591271467)), (np.float64(729.9540733917207), np.float64(1926.051497826365), np.float64(61.450264216378116)), (np.float64(1738.8128836556477), np.float64(456.98583892407646), np.float64(126.34722017419803)), (np.float64(730.0363503281739), np.float64(1204.9094220221366), np.float64(148.14176042745407)), (np.float64(965.1999332445063), np.float64(621.1137804222826), np.float64(140.43575509759617))]",-12.437193166787223,0.8599265408966009,6,0,0,1.388494271160265,38.81901288994142
18,22.335312962772953,145039.71523196876,193,74.66666666666667,3736.176795750765,10.0,6.642229312642899,0.0,104.14507772020724,0.0,"[(np.float64(630.8915785753032), np.float64(1750.4989688874655), np.float64(88.81494120763216)), (np.float64(2493.129603688414), np.float64(2385.7172977964615), np.float64(68.12807645870858)), (np.float64(730.6847339906501), np.float64(1927.199516915194), np.float64(59.88301294079066)), (np.float64(1739.8933183268637), np.float64(459.61166913071065), np.float64(127.51834001199461)), (np.float64(728.8054798387349), np.float64(1208.0822740556623), np.float64(149.56164965260558)), (np.float64(963.8923143625146), np.float64(620.5861402549591), np.float64(138.36865352677327))]",-12.437193166787223,0.8594648454598383,6,0,0,1.385086310287433,29.087580670909425
19,21.929937376175598,140901.97024560088,3,75.33333333333333,3953.2464119049073,10.0,6.642229312642899,0.0,66.66666666666666,0.0,"[(np.float64(629.6228682797395), np.float64(1748.4811444946483), np.float64(88.49772871125738)), (np.float64(2491.7500957931743), np.float64(2383.468837087505), np.float64(67.38328681463153)), (np.float64(730.7632569896662), np.float64(1927.8713540634203), np.float64(58.20620886255638)), (np.float64(1739.3190641019592), np.float64(458.33176790690146), np.float64(130.20075821657707)), (np.float64(729.0099095674257), np.float64(1209.1908460614538), np.float64(146.64817286860313)), (np.float64(960.9803844851293), np.float64(623.70381051645), np.float64(136.5127223346363))]",-12.437193166787223,0.8590038792397259,6,0,0,1.3828986603369524,28.302461562727235
20,22.49920382055746,188596.25658812758,13,77.66666666666666,4122.971741716523,10.0,6.7975581748033065,0.0,138.46153846153845,64.57765667574932,"[(np.float64(625.7110470452524), np.float64(1753.1856844075426), np.float64(86.28077655244117)), (np.float64(2490.621897715411), np.float64(2382.605919756695), np.float64(65.03494805288156)), (np.float64(732.786238266778), np.float64(1926.7184911819243), np.float64(62.64274937368018)), (np.float64(1739.6607623997452), np.float64(458.04373629499514), np.float64(128.8447529017887)), (np.float64(730.6095492798281), np.float64(1208.8482183304918), np.float64(148.40599630853436)), (np.float64(961.0656587265302), np.float64(622.6762085751302), np.float64(132.10081199304776))]",-22.96823108012907,0.8585398439288562,6,0,0,1.3921059326094674,37.632085192006876
21,22.382104298840375,175463.69668727013,9,78.0,4305.929631428995,10.0,6.837532184014217,0.0,88.88888888888889,75.47683923705722,"[(np.float64(623.5058966027544), np.float64(1755.4266938982735), np.float64(85.87227479806091)), (np.float64(2488.68403026863), np.float64(2380.966726832157), np.float64(64.53343842700922)), (np.float64(732.8113270486695), np.float64(1925.2201298316334), np.float64(62.85273103625089)), (np.float64(1736.5006956334198), np.float64(460.4083134326197), np.float64(125.3456910533593)), (np.float64(729.1158834280058), np.float64(1207.7243451514812), np.float64(150.0)), (np.float64(959.9812135692817), np.float64(621.4517266517412), np.float64(133.16252762966457))]",-22.96823108012907,0.8580796336256329,6,0,0,1.3806309096694478,35.30263983306972
22,21.931075771110823,167916.2711713975,4,75.66666666666667,4496.384946657339,10.0,6.877979120823936,0.0,150.0,89.1008174386921,"[(np.float64(626.0326744179616), np.float64(1753.1089162860985), np.float64(82.71656896608899)), (np.float64(2488.482148328536), np.float64(2381.3339598937237), np.float64(66.59751283019564)), (np.float64(729.8324325234057), np.float64(1925.9166752587785), np.float64(65.45352977312233)), (np.float64(1733.4604523228372), np.float64(462.9318090153387), np.float64(124.13927704651671)), (np.float64(728.9617347631325), np.float64(1209.9668891795768), np.float64(149.96298734518544)), (np.float64(960.7529907256205), np.float64(623.7243543391429), np.float64(134.00811090825994))]",-22.96823108012907,0.8576179608136852,6,0,0,1.3850184358434885,33.67710309958096
23,22.54353584919214,175046.44202645402,17,77.0,4680.060091030628,10.0,6.877979120823936,0.0,117.64705882352942,53.67847411444142,"[(np.float64(626.4286940678194), np.float64(1752.1540511929454), np.float64(84.38600347665985)), (np.float64(2483.9636590632454), np.float64(2384.6331200480577), np.float64(67.40611780908576)), (np.float64(729.1786800245845), np.float64(1927.091785887397), np.float64(65.34633250368194)), (np.float64(1732.4751267563147), np.float64(463.67412621177283), np.float64(124.4462219838428)), (np.float64(728.5511232575082), np.float64(1209.9853296812366), np.float64(149.37202371235998)), (np.float64(960.8684091308259), np.float64(623.065938217811), np.float64(134.9836274852373))]",-22.96823108012907,0.8571602615252344,6,0,0,1.3730978653524433,35.411905371751715
24,21.913543432636985,158928.84683497838,12,75.66666666666667,4880.102830595393,10.0,6.877979120823936,0.0,150.0,67.3024523160763,"[(np.float64(625.3057292452559), np.float64(1752.7422171950648), np.float64(81.10218604534471)), (np.float64(2483.0445254688284), np.float64(2385.4965502404416), np.float64(66.92600710840725)), (np.float64(729.695176899463), np.float64(1926.3858780240503), np.float64(62.84574977740916)), (np.float64(1727.8396300822983), np.float64(464.9599974028404), np.float64(125.20704410740944)), (np.float64(729.7214111391366), np.float64(1207.2206799884643), np.float64(150.0)), (np.float64(959.2453261153789), np.float64(622.9319775539782), np.float64(136.71439656849768))]",-22.96823108012907,0.8566995712891811,6,0,0,1.3820707081599692,31.942578362998834
25,23.004436973526957,254198.89582597668,20,79.0,4984.12552116916,10.0,6.567196842678998,0.0,90.0,45.5040871934605,"[(np.float64(622.6366776753564), np.float64(1748.7957622365475), np.float64(82.6320454211401)), (np.float64(2481.5215621183056), np.float64(2386.0135621633344), np.float64(67.11869543766993)), (np.float64(731.9389323033447), np.float64(1925.7080902627536), np.float64(63.245769695353644)), (np.float64(1727.6999858060387), np.float64(463.2472593141192), np.float64(122.8365354941782)), (np.float64(730.7719744770689), np.float64(1210.0161273540418), np.float64(150.0)), (np.float64(958.6813253641749), np.float64(622.4237972471853), np.float64(135.07201615470908))]",-22.96823108012907,0.8562400140137137,6,0,0,1.3786718264019422,51.21654264915583
26,22.95984301458104,201275.84589470894,8,77.0,5140.671261674193,10.0,6.567196842678998,0.0,87.5,78.2016348773842,"[(np.float64(622.5515539443633), np.float64(1747.1631230481335), np.float64(80.42939412167972)), (np.float64(2481.2358796771173), np.float64(2386.868854280516), np.float64(67.0917595198735)), (np.float64(736.0894371791616), np.float64(1926.66960824403), np.float64(62.92092067368755)), (np.float64(1726.1784109275552), np.float64(467.03543873957364), np.float64(124.98765350999938)), (np.float64(730.1384424221575), np.float64(1211.2472288317088), np.float64(149.8142583821698)), (np.float64(958.8768399194124), np.float64(622.0255150895297), np.float64(135.8415695121187))]",-22.96823108012907,0.8557810855854949,6,0,0,1.3767852846566029,40.60906069817542
27,22.945713439697155,186843.74491196638,189,78.33333333333333,5329.5491031619695,10.0,6.718996144221583,0.0,104.23280423280423,-414.9863760217984,"[(np.float64(619.5327371184904), np.float64(1745.3249102965085), np.float64(78.95300970413722)), (np.float64(2479.609943487729), np.float64(2382.7971253384485), np.float64(66.67054397786909)), (np.float64(736.3410146269184), np.float64(1928.1449109782654), np.float64(64.42985940133381)), (np.float64(1726.6513325296478), np.float64(467.872819642929), np.float64(126.19192850057505)), (np.float64(730.7131511088231), np.float64(1210.8889796068477), np.float64(150.0)), (np.float64(955.1143834972609), np.float64(626.4327612454526), np.float64(137.04471177038755))]",-22.96823108012907,0.8553208498524825,6,0,0,1.3807071990372373,37.590185876856744
28,22.4146699660718,209703.61512033903,11,76.0,5478.017074441374,10.0,6.837532184014217,0.0,181.8181818181818,70.02724795640327,"[(np.float64(622.8185147349715), np.float64(1742.967248913533), np.float64(74.88843678403892)), (np.float64(2475.884920701984), np.float64(2381.4854411230217), np.float64(64.55430699974295)), (np.float64(734.4123554182178), np.float64(1928.5772992920486), np.float64(65.8385077073416)), (np.float64(1727.655725060792), np.float64(468.75775891803227), np.float64(126.97031925550328)), (np.float64(730.1165027794299), np.float64(1211.9494072644093), np.float64(146.74841883123682)), (np.float64(955.0588577542893), np.float64(628.7822639884752), np.float64(136.3189323885491))]",-22.96823108012907,0.8548582246411427,6,0,0,1.3878756340193021,41.97134294475555
29,21.722183761987726,164022.6690571898,8,75.0,5672.565991783927,10.0,6.918907427911034,0.0,150.0,78.2016348773842,"[(np.float64(622.7948276664057), np.float64(1742.1767897506325), np.float64(74.17902482248782)), (np.float64(2475.4503180100023), np.float64(2381.2723992243905), np.float64(63.49285951892743)), (np.float64(735.1053729353795), np.float64(1932.3809544038202), np.float64(67.11552746974209)), (np.float64(1725.1400829392983), np.float64(469.5744145294695), np.float64(125.5876714951781)), (np.float64(730.0692223271153), np.float64(1212.2870818465776), np.float64(146.51545042816986)), (np.float64(954.0752802153596), np.float64(628.6450089539902), np.float64(139.7752816067071))]",-22.96823108012907,0.8543991543281226,6,0,0,1.3772109390602365,33.08269722790321
30,22.141581814298362,201947.5125837155,11,77.33333333333333,5829.040065599954,10.0,6.918907427911034,0.0,145.45454545454547,70.02724795640327,"[(np.float64(622.1581939980252), np.float64(1744.2019702511247), np.float64(74.49089522790035)), (np.float64(2478.012951088599), np.float64(2378.0412657132174), np.float64(64.31590638936994)), (np.float64(737.3285804283165), np.float64(1932.658825645201), np.float64(67.97507142056007)), (np.float64(1724.6859397334756), np.float64(468.85386656653947), np.float64(125.09771819108875)), (np.float64(730.8573244127379), np.float64(1210.4001205333807), np.float64(147.68579187196804)), (np.float64(955.4761785602661), np.float64(627.5259460295101), np.float64(141.96773777959143))]",-12.492391875428256,0.8539400092214596,6,0,0,1.377435319988763,40.72534692497354
31,22.04454579720878,199814.53457168842,6,77.33333333333333,5987.3471174280085,10.0,6.9603257501150715,0.0,200.0,83.65122615803816,"[(np.float64(621.6774115726051), np.float64(1746.5236883724576), np.float64(71.07053555010211)), (np.float64(2477.898646426622), np.float64(2377.111162525178), np.float64(61.917737963023185)), (np.float64(735.6887416832932), np.float64(1933.5741236591716), np.float64(64.54712667290087)), (np.float64(1725.4985082622934), np.float64(468.48219649273716), np.float64(127.19831160498049)), (np.float64(729.5812448017821), np.float64(1212.879243811304), np.float64(150.0)), (np.float64(958.2135019385648), np.float64(627.8291108387228), np.float64(139.58100881072662))]",-12.492391875428256,0.8534765734991464,6,0,0,1.3903071669397578,39.922140013991275
32,19.161505123976784,244707.05210687587,186,71.0,6117.011651720875,10.0,8.185309171904281,0.0,115.05376344086022,-406.8119891008174,"[(np.float64(620.6421991431718), np.float64(1748.1182951980315), np.float64(69.42250304632712)), (np.float64(2473.5540943094456), np.float64(2378.796296962571), np.float64(60.178944321463675)), (np.float64(736.8472830286087), np.float64(1934.3463005274455), np.float64(66.18582950865176)), (np.float64(1725.381912020505), np.float64(467.1538984421096), np.float64(128.15259524405772)), (np.float64(730.2417937986969), np.float64(1213.2920630848544), np.float64(148.04844796051586)), (np.float64(959.3927766085214), np.float64(626.3461466883614), np.float64(143.22263671129326))]",-12.492391875428256,0.8530151155174984,6,0,0,1.3843739449437402,49.10102605518284
33,19.441236774623533,243623.30759522153,11,71.0,6232.709930525397,10.0,8.361907846897406,0.0,163.63636363636365,70.02724795640327,"[(np.float64(622.4960341759677), np.float64(1748.7646594383395), np.float64(65.80725571061699)), (np.float64(2471.401385747214), np.float64(2379.8662226914494), np.float64(57.074490642290755)), (np.float64(736.8677428581162), np.float64(1936.75548026483), np.float64(66.65018318338366)), (np.float64(1729.240839296012), np.float64(468.98526448303215), np.float64(128.2127182437026)), (np.float64(731.8880992756414), np.float64(1214.8630858538975), np.float64(150.0)), (np.float64(957.6747869121837), np.float64(622.2498430998412), np.float64(145.6558304577919))]",-12.492391875428256,0.8525520191104784,6,0,0,1.3892892210603152,48.71062121033664
34,20.10412724227252,303517.3626849597,9,74.66666666666667,6288.61415424018,10.0,8.361907846897406,0.0,177.77777777777777,75.47683923705722,"[(np.float64(620.4995526387283), np.float64(1746.8052421905231), np.float64(64.19981562154935)), (np.float64(2468.7326672313775), np.float64(2382.410468555055), np.float64(57.6921533385597)), (np.float64(738.4677221176374), np.float64(1937.424680375241), np.float64(69.673522809139)), (np.float64(1730.8587027657052), np.float64(469.93095458577756), np.float64(128.01313990879146)), (np.float64(729.7118099420766), np.float64(1214.1953811125147), np.float64(150.0)), (np.float64(958.7466978176908), np.float64(620.3327597695071), np.float64(144.8187351747547))]",-12.492391875428256,0.8520922855475255,6,0,0,1.379200688858568,61.12988429071591
35,20.463348787065684,333382.0676441418,6,74.0,6313.653672995782,10.0,8.361907846897406,0.0,100.0,83.65122615803816,"[(np.float64(620.4920645761102), np.float64(1746.5956738870332), np.float64(64.70589788368379)), (np.float64(2468.537625495225), np.float64(2382.7518921430456), np.float64(57.26501071764182)), (np.float64(740.5996390701587), np.float64(1940.0812798657826), np.float64(69.20802175535694)), (np.float64(1730.0441776035984), np.float64(470.67651056639585), np.float64(126.27666663427847)), (np.float64(728.0078245284872), np.float64(1214.7461502536937), np.float64(150.0)), (np.float64(958.9257317085201), np.float64(622.9208384050803), np.float64(141.56183893811237))]",-12.492391875428256,0.85163391001163,6,0,0,1.3751266076864541,67.34371175971444
36,20.017094875908253,335242.56381476764,6,74.33333333333333,6337.282695580757,10.0,8.361907846897406,0.0,100.0,83.65122615803816,"[(np.float64(619.4171346477842), np.float64(1746.7058560366565), np.float64(63.20455089252579)), (np.float64(2466.7546631510522), np.float64(2380.1270083265836), np.float64(55.30006594770899)), (np.float64(744.5035183855089), np.float64(1936.4497498759208), np.float64(69.29976830966963)), (np.float64(1731.535733014892), np.float64(470.084473506415), np.float64(124.99824265548733)), (np.float64(730.0005715791544), np.float64(1215.4275911045563), np.float64(150.0)), (np.float64(955.3708217186431), np.float64(622.1057485109036), np.float64(141.27104257810478))]",-12.492391875428256,0.851174051975737,6,0,0,1.3795741076788222,67.50121930722037
37,19.6098150525285,215842.30147983145,27,70.66666666666667,6482.111980500668,10.0,8.361907846897406,0.0,192.59259259259258,26.430517711171664,"[(np.float64(617.1835243096178), np.float64(1746.3503478542166), np.float64(65.141159968045)), (np.float64(2463.3655796667176), np.float64(2381.2454048747186), np.float64(53.84038854261742)), (np.float64(745.4193568120929), np.float64(1937.4918894833584), np.float64(69.0620604743006)), (np.float64(1731.708229301939), np.float64(471.7541919040821), np.float64(125.26880210522343)), (np.float64(728.1955521657495), np.float64(1215.8702436477472), np.float64(150.0)), (np.float64(959.6639365053553), np.float64(622.3385167051104), np.float64(142.1839391270087))]",-12.492391875428256,0.8507148620962144,6,0,0,1.377569638568126,43.523168032237145
38,19.861157802024625,254660.69565689928,8,73.33333333333333,6586.522871243513,10.0,8.361907846897406,0.0,175.0,78.2016348773842,"[(np.float64(613.4784026035979), np.float64(1743.2905955787623), np.float64(66.33272770832617)), (np.float64(2459.126682796592), np.float64(2382.290597906784), np.float64(52.99858109316086)), (np.float64(749.2229297568615), np.float64(1935.205639970528), np.float64(66.41874510765017)), (np.float64(1729.3119163615086), np.float64(473.3161461341742), np.float64(126.09007281173541)), (np.float64(731.7157599830646), np.float64(1218.6664104981853), np.float64(149.60968204945283)), (np.float64(956.5133656744167), np.float64(623.329792921136), np.float64(139.21535391806793))]",-12.492391875428256,0.8502512428844918,6,0,0,1.3908576351683168,50.8600451536191
39,21.381928465936113,255938.3741212783,13,75.0,6689.206083521977,10.0,8.361907846897406,0.0,107.6923076923077,64.57765667574932,"[(np.float64(614.3022571737005), np.float64(1740.3642510013233), np.float64(63.714069583492694)), (np.float64(2457.8845153932944), np.float64(2380.663258998956), np.float64(51.10065369066476)), (np.float64(748.1492804271022), np.float64(1935.7813546198365), np.float64(61.060854193063115)), (np.float64(1732.822369872416), np.float64(474.14324002164386), np.float64(125.70402378371894)), (np.float64(734.1169848287595), np.float64(1218.6436841188486), np.float64(149.32741958490965)), (np.float64(954.1611105650034), np.float64(625.7487724046589), np.float64(140.04156360265145))]",-12.492391875428256,0.849788844009348,6,0,0,1.3871966254307966,51.250119491451194
40,21.72533805175351,246939.65301360574,11,76.66666666666667,6800.688016908114,10.0,8.361907846897406,0.0,72.72727272727273,70.02724795640327,"[(np.float64(614.5890323900971), np.float64(1743.5265466908957), np.float64(60.07654741444291)), (np.float64(2457.0379155494934), np.float64(2382.177554004397), np.float64(52.950024836634505)), (np.float64(748.6614083114476), np.float64(1935.4445460929337), np.float64(59.08516696347901)), (np.float64(1734.094465535401), np.float64(476.36326428529145), np.float64(125.4792822474463)), (np.float64(733.2335618317135), np.float64(1216.8979413327413), np.float64(150.0)), (np.float64(952.2185032504522), np.float64(627.4950673956088), np.float64(140.96806626501103))]",-12.687386455349532,0.8493282529558343,6,0,0,1.3817731605416155,49.64226402577388
41,21.99037673715189,257735.9400608302,7,78.33333333333333,6901.073663247027,10.0,8.361907846897406,0.0,85.71428571428571,80.92643051771118,"[(np.float64(615.276764377643), np.float64(1738.9927336051055), np.float64(64.92650142531049)), (np.float64(2456.8052120900757), np.float64(2383.6049086284297), np.float64(51.38776616319028)), (np.float64(747.3594740747645), np.float64(1937.2215123929966), np.float64(56.759571980794554)), (np.float64(1733.0999233372718), np.float64(473.3878819069965), np.float64(122.46929369685536)), (np.float64(731.8861102366341), np.float64(1218.8671260649967), np.float64(148.42557707368144)), (np.float64(949.754809968859), np.float64(628.1680874112071), np.float64(143.2284631946754))]",-12.687386455349532,0.8488637298987616,6,0,0,1.3935691712176763,51.37406751112826
42,25.330357548640336,322587.4677977394,24,85.0,6935.657781849031,10.0,7.748902941671575,0.0,166.66666666666669,34.60490463215259,"[(np.float64(612.3020588122831), np.float64(1739.872373333432), np.float64(67.0961517522867)), (np.float64(2452.8232277875204), np.float64(2383.2945602735067), np.float64(48.18594460417976)), (np.float64(750.5805819326099), np.float64(1938.0177749066086), np.float64(58.92400019168984)), (np.float64(1732.2665110701762), np.float64(471.58491683133025), np.float64(121.69370650790788)), (np.float64(731.9962856027058), np.float64(1219.471983050234), np.float64(150.0)), (np.float64(949.3906442430434), np.float64(628.5210874009813), np.float64(143.74654006586744))]",-12.687386455349532,0.8484023792335506,6,0,0,1.3840519956329569,64.74296502338913
43,26.076190300039396,242079.42257842876,39,87.0,7052.699945670345,10.0,7.219637165750281,0.0,82.05128205128204,-6.267029972752036,"[(np.float64(612.0985743605833), np.float64(1737.0017531440003), np.float64(64.35178576100506)), (np.float64(2453.644022918916), np.float64(2383.6806481114654), np.float64(48.49849414343957)), (np.float64(754.7485536265158), np.float64(1935.12086376364), np.float64(58.683737427237816)), (np.float64(1729.593477111977), np.float64(470.95176881397003), np.float64(121.01340596311786)), (np.float64(731.3006466855358), np.float64(1218.467880033282), np.float64(150.0)), (np.float64(947.8793465340847), np.float64(630.4635295892001), np.float64(142.44954945586642))]",-12.687386455349532,0.8479429122477042,6,0,0,1.3784009575389824,48.7842696871181
44,25.70159960577721,241336.60466058578,142,85.33333333333334,7181.534927409501,10.0,7.219637165750281,0.0,4.225352112676056,-286.9209809264305,"[(np.float64(613.5940225857695), np.float64(1739.187600965826), np.float64(64.27878325657366)), (np.float64(2449.7945595456995), np.float64(2381.911636399375), np.float64(50.05990205597324)), (np.float64(753.1774363144592), np.float64(1931.8138722517876), np.float64(59.67194748526043)), (np.float64(1727.9930423892285), np.float64(471.3324175086055), np.float64(117.06510034099077)), (np.float64(729.9864712793607), np.float64(1219.7556152411707), np.float64(150.0)), (np.float64(944.9014529678258), np.float64(631.0751658518309), np.float64(141.7827883420637))]",-12.687386455349532,0.8474820416826468,6,0,0,1.3826116951726062,48.48645933859437
45,26.57143599856064,342960.08101785614,5,88.0,7194.746432791388,10.0,7.219637165750281,0.0,120.0,86.37602179836512,"[(np.float64(616.0863625329438), np.float64(1741.63294287693), np.float64(63.14015815011338)), (np.float64(2448.8787703519674), np.float64(2382.800274668577), np.float64(50.68837293627168)), (np.float64(753.1396820016314), np.float64(1928.6508732266448), np.float64(60.92957467909674)), (np.float64(1728.2431984581065), np.float64(470.99241369886835), np.float64(118.61148792353627)), (np.float64(727.7553110255184), np.float64(1221.289439439351), np.float64(149.86784984504027)), (np.float64(939.9128255062743), np.float64(631.3198960189378), np.float64(142.57071362548425))]",-12.687386455349532,0.8470222619155225,6,0,0,1.3793393013722628,69.06689969382354
46,24.97516507232795,246821.46740364446,8,84.33333333333334,7305.196551787487,10.0,7.310421999255331,0.0,150.0,78.2016348773842,"[(np.float64(617.6370198391717), np.float64(1741.9230983783484), np.float64(60.54621088974304)), (np.float64(2446.401187578517), np.float64(2384.64720247211), np.float64(47.926102566357976)), (np.float64(755.551206501769), np.float64(1933.6304192197479), np.float64(63.474371702679406)), (np.float64(1727.5941817689338), np.float64(470.07305422584665), np.float64(120.43838395486846)), (np.float64(730.1418602290779), np.float64(1220.7515611396884), np.float64(149.2657162631572)), (np.float64(940.6324114382917), np.float64(631.7342495460596), np.float64(144.1037483307872))]",-12.687386455349532,0.8465599356688247,6,0,0,1.3869787400939033,49.43227804529486
47,24.52850761277393,286954.1884265873,17,84.0,7375.663949760643,10.0,7.648957032773736,0.0,152.94117647058823,53.67847411444142,"[(np.float64(617.8812940545542), np.float64(1742.3914537306343), np.float64(61.546804782283694)), (np.float64(2445.9642198480174), np.float64(2385.0666835305096), np.float64(44.54604388551944)), (np.float64(754.2964286959469), np.float64(1932.6186696317397), np.float64(60.124540291083726)), (np.float64(1724.6987984946984), np.float64(468.40059727073185), np.float64(118.92928183493112)), (np.float64(728.4417443174083), np.float64(1220.6045071750696), np.float64(149.63401106058936)), (np.float64(940.6319681933626), np.float64(629.444834553221), np.float64(142.227741129404))]",-12.687386455349532,0.8460990397752647,6,0,0,1.3826876806794237,57.648229530761114
48,24.27293662140462,315065.74898461805,30,83.0,7419.5697871757675,10.0,8.016015559223106,0.0,143.33333333333334,18.25613079019074,"[(np.float64(614.2691968655317), np.float64(1738.9104277237002), np.float64(59.44241513496818)), (np.float64(2446.2599660958626), np.float64(2380.7683994475856), np.float64(42.62322522618291)), (np.float64(752.0072265679665), np.float64(1932.5464775502105), np.float64(63.656364356913244)), (np.float64(1725.966714270934), np.float64(468.3506978302354), np.float64(118.76060787884818)), (np.float64(725.9737796096259), np.float64(1221.1754554887864), np.float64(150.0)), (np.float64(940.0740009331029), np.float64(633.371162446887), np.float64(143.93497352295344))]",-12.687386455349532,0.8456363403481225,6,0,0,1.3880982814266984,63.04903966661955
49,24.403895196996107,323625.78145123285,140,84.0,7466.065592124278,10.0,8.302200970042813,0.0,105.0,-281.4713896457765,"[(np.float64(615.3608812309571), np.float64(1737.2970826536516), np.float64(56.27095955183452)), (np.float64(2447.094044293587), np.float64(2377.400397291349), np.float64(42.85133893896724)), (np.float64(751.3521982821933), np.float64(1934.869268408135), np.float64(62.706017223063256)), (np.float64(1726.34639439586), np.float64(468.2658015073272), np.float64(118.12373775260832)), (np.float64(725.2777144677274), np.float64(1221.8716560267842), np.float64(149.84568911049263)), (np.float64(940.0453557456523), np.float64(636.8244457229805), np.float64(140.95927431411508))]",-12.687386455349532,0.8451762886680267,6,0,0,1.380155040287049,65.13474774864667
50,23.807403135455097,364524.36061768205,4,84.0,7466.06559212428,10.0,8.302200970042813,0.0,100.0,89.1008174386921,"[(np.float64(614.019377122473), np.float64(1737.6674434568113), np.float64(58.05811570347986)), (np.float64(2446.494278228682), np.float64(2380.851033597368), np.float64(43.950931718267974)), (np.float64(750.5506289547801), np.float64(1935.2750424979304), np.float64(61.59340339748557)), (np.float64(1729.9316202360224), np.float64(470.07171537776804), np.float64(117.10210195610829)), (np.float64(725.2216687768316), np.float64(1224.085404998928), np.float64(150.0)), (np.float64(944.2953344191044), np.float64(638.0684243841255), np.float64(142.41578589578234))]",-22.27137677154745,0.844715871266557,6,0,0,1.3812522044097402,73.30794949320334
51,24.11151914766231,326102.0897415285,9,83.0,7504.487863000435,10.0,8.361907846897406,0.0,133.33333333333331,75.47683923705722,"[(np.float64(612.8693259239594), np.float64(1738.4850772999564), np.float64(54.786706688869046)), (np.float64(2447.7153009992926), np.float64(2379.827209171538), np.float64(46.7608378831837)), (np.float64(751.5665348685067), np.float64(1936.1939369453748), np.float64(62.3108246281037)), (np.float64(1728.859954151625), np.float64(468.0258281151944), np.float64(118.18000915066644)), (np.float64(725.4738360447008), np.float64(1225.4473703109265), np.float64(150.0)), (np.float64(940.8998402949522), np.float64(639.0754353850922), np.float64(140.48060005176325))]",-22.27137677154745,0.8442553257735628,6,0,0,1.3816364789830167,65.56276936446227
52,24.013258032259024,364296.9408680566,13,83.33333333333334,7505.015282750062,10.0,8.483935565671231,0.0,153.84615384615387,64.57765667574932,"[(np.float64(614.3587211639325), np.float64(1740.3703855860128), np.float64(53.04812241482222)), (np.float64(2450.258496632484), np.float64(2382.1511898985304), np.float64(47.59016367175638)), (np.float64(753.2474239070897), np.float64(1937.166800301071), np.float64(59.83707391801827)), (np.float64(1727.2019572030686), np.float64(469.31505120412606), np.float64(116.34257988958645)), (np.float64(723.6139383573378), np.float64(1222.6283837707315), np.float64(150.0)), (np.float64(937.4217948567524), np.float64(639.7120122939021), np.float64(139.96252859119338))]",-22.27137677154745,0.8437944558275841,6,0,0,1.3826098379356195,73.19027531054158
53,23.259013032604138,412239.9954575984,24,83.0,7505.015282750061,10.0,9.009870138366578,0.0,141.66666666666669,34.60490463215259,"[(np.float64(610.9154482940355), np.float64(1741.3440099216061), np.float64(50.39891226257316)), (np.float64(2452.048070884065), np.float64(2378.6526508544466), np.float64(47.07888497201121)), (np.float64(753.1658160921102), np.float64(1937.5703873711907), np.float64(58.43651811027006)), (np.float64(1727.469637416701), np.float64(469.23999516603425), np.float64(118.65522015388827)), (np.float64(721.5849760579468), np.float64(1223.472511607812), np.float64(149.22834684766633)), (np.float64(937.2143269517284), np.float64(637.9263334453638), np.float64(141.55747747621317))]",-22.27137677154745,0.8433340132068281,6,0,0,1.38132786226807,82.89929782586987
54,22.850686537459303,362510.08984282904,148,81.33333333333333,7565.595188364829,10.0,9.449200074237993,0.0,107.43243243243244,-303.2697547683924,"[(np.float64(610.2082826681352), np.float64(1740.592585349052), np.float64(51.70314909509486)), (np.float64(2453.2084225504186), np.float64(2376.2380680481824), np.float64(46.850944398565055)), (np.float64(750.55141784174), np.float64(1937.0920758159111), np.float64(63.248489180454364)), (np.float64(1725.0914712247916), np.float64(473.03186534002975), np.float64(117.05390204250934)), (np.float64(717.8166058361755), np.float64(1226.3309275525578), np.float64(150.0)), (np.float64(937.0358598738568), np.float64(639.6816839677844), np.float64(142.12421898175614))]",-22.27137677154745,0.8428721210355944,6,0,0,1.3856765137011788,72.67009737330294
55,23.08663008273699,458589.9522335015,3,84.0,7565.595188364827,10.0,9.37302709550319,0.0,66.66666666666666,91.82561307901908,"[(np.float64(607.941226322805), np.float64(1742.5807287778666), np.float64(52.32419292268894)), (np.float64(2451.350039487099), np.float64(2378.465621025032), np.float64(47.11757694086918)), (np.float64(748.117192740946), np.float64(1938.6127908828682), np.float64(62.54314485254014)), (np.float64(1726.070524795944), np.float64(477.1562744875779), np.float64(119.18815829177835)), (np.float64(716.4688670668776), np.float64(1223.698541735916), np.float64(147.6615323849651)), (np.float64(936.0859104443704), np.float64(643.4075083800512), np.float64(143.35645765845416))]",-22.27137677154745,0.842410456819023,6,0,0,1.3849926497139626,91.97601003077372
56,22.444157526762876,462467.55349959206,11,81.33333333333333,7565.595188364829,10.0,9.37302709550319,0.0,145.45454545454547,70.02724795640327,"[(np.float64(607.1935261838867), np.float64(1739.7988726632516), np.float64(54.946226368665506)), (np.float64(2448.6930983218867), np.float64(2376.4601117880716), np.float64(46.66256615816853)), (np.float64(750.6963838043145), np.float64(1938.9624998036688), np.float64(62.49837634566848)), (np.float64(1724.8661354122519), np.float64(476.9863903994329), np.float64(123.0844740131168)), (np.float64(713.6103153410988), np.float64(1219.1138081892043), np.float64(148.45768133979652)), (np.float64(933.1093310043346), np.float64(647.2243061472777), np.float64(143.57682511018098))]",-22.27137677154745,0.8419483282739056,6,0,0,1.3863856353525037,92.66051669150416
57,22.184123255146673,429225.08388100454,14,81.0,7598.637657983418,10.0,9.526621290434244,0.0,100.0,61.85286103542234,"[(np.float64(607.2552344545485), np.float64(1741.3818171139203), np.float64(54.87697963683807)), (np.float64(2448.028954951843), np.float64(2380.5871853561553), np.float64(44.09101467095415)), (np.float64(749.6251209893597), np.float64(1936.5622350187612), np.float64(59.73536058212285)), (np.float64(1722.2970822511727), np.float64(478.9132977347002), np.float64(121.62484916744538)), (np.float64(713.6123320059844), np.float64(1218.5964444806284), np.float64(148.45511679982027)), (np.float64(932.2682276281371), np.float64(648.2642054560033), np.float64(147.1193229576214))]",-22.27137677154745,0.8414869931281467,6,0,0,1.3840054372767767,86.14792020004323
58,21.687357912353413,461184.77159691724,20,81.0,7599.920439886093,10.0,10.470282670207418,0.0,170.0,45.5040871934605,"[(np.float64(608.1763089845044), np.float64(1745.1870651976915), np.float64(57.964211831456595)), (np.float64(2447.258342776789), np.float64(2383.1082861254627), np.float64(41.51748126044556)), (np.float64(748.8264480226757), np.float64(1934.030926852628), np.float64(55.75964186943912)), (np.float64(1720.3640552730317), np.float64(479.48607028719056), np.float64(119.47847301885331)), (np.float64(710.7713886376756), np.float64(1218.5406760061962), np.float64(148.16033273580967)), (np.float64(935.2915897267162), np.float64(652.6785049740976), np.float64(148.33314851375192))]",-22.27137677154745,0.8410226692007523,6,0,0,1.3929717821833347,91.96660164813233
59,20.520333031752205,400737.68991485395,21,78.33333333333333,7663.050303470833,10.0,10.66231136446834,0.0,171.42857142857142,42.779291553133525,"[(np.float64(610.120771992043), np.float64(1744.4465923728953), np.float64(61.74297332293658)), (np.float64(2446.2297323139996), np.float64(2382.4538593561224), np.float64(39.15329693754606)), (np.float64(744.5430436813009), np.float64(1934.5166254445114), np.float64(56.537786369146154)), (np.float64(1721.1317641717283), np.float64(480.51039205642024), np.float64(118.39524187333865)), (np.float64(712.2577119959226), np.float64(1218.7075238353586), np.float64(150.0)), (np.float64(932.4339224970108), np.float64(653.3560736988704), np.float64(148.37432152468554))]",-22.27137677154745,0.8405616140375646,6,0,0,1.3831654895629213,80.47918041356284
60,21.03224236315821,431408.740006195,1,79.66666666666666,7694.359116964231,10.0,10.66231136446834,0.0,200.0,97.27520435967303,"[(np.float64(606.5640373467809), np.float64(1742.129847177517), np.float64(58.27715117400572)), (np.float64(2444.154494235434), np.float64(2381.183705927998), np.float64(41.07216271425945)), (np.float64(743.3189848980434), np.float64(1934.014577714746), np.float64(55.33865947938308)), (np.float64(1721.6547788111664), np.float64(480.7407461747969), np.float64(119.29114502588276)), (np.float64(714.2165824489875), np.float64(1218.8811722789649), np.float64(150.0)), (np.float64(932.5586976315021), np.float64(648.5084040724288), np.float64(146.00303816058963))]",-13.633618521758725,0.8401000011258075,6,0,0,1.3848387352712779,86.53409098161681
61,19.280182701735644,412096.40614821314,35,75.0,7748.580264315611,10.0,11.174680496324852,0.0,131.42857142857142,4.632152588555871,"[(np.float64(608.3343111885173), np.float64(1744.536830208816), np.float64(57.519720938636866)), (np.float64(2446.176290574314), np.float64(2384.1421144268434), np.float64(39.40416807627501)), (np.float64(741.4880641831338), np.float64(1933.2286352285848), np.float64(53.855884171624396)), (np.float64(1719.2938739289866), np.float64(480.2073217665594), np.float64(118.39677620882199)), (np.float64(711.9651246159058), np.float64(1217.143366134014), np.float64(150.0)), (np.float64(929.3012178090337), np.float64(647.2886821562664), np.float64(147.3609288418465))]",-13.633618521758725,0.8396395639169129,6,0,0,1.3813116266834822,82.87139680775992
62,19.32003153129792,409977.92407164257,58,78.0,7807.519893743562,10.0,11.455656634135346,0.0,115.51724137931035,-58.03814713896456,"[(np.float64(610.4344709703047), np.float64(1744.8148657136496), np.float64(57.07159309110349)), (np.float64(2443.769372570398), np.float64(2383.757352887466), np.float64(38.86358385603648)), (np.float64(744.1721773792202), np.float64(1932.7836693757947), np.float64(53.86790209399887)), (np.float64(1717.6886468415698), np.float64(479.81303377412235), np.float64(117.52948028732455)), (np.float64(707.9254720636559), np.float64(1220.8761078776456), np.float64(148.8845518387578)), (np.float64(930.7140509296792), np.float64(647.8720747072045), np.float64(147.8460676653774))]",-13.633618521758725,0.8391807474142121,6,0,0,1.3764495081025738,82.73660313450507
63,18.972660722655316,449526.1206348115,68,73.33333333333333,7826.111326608345,10.0,11.088220562080963,0.0,130.88235294117646,-85.28610354223432,"[(np.float64(612.9320434903201), np.float64(1744.8836329932024), np.float64(54.097259078491476)), (np.float64(2439.182752210834), np.float64(2383.2252513084477), np.float64(37.7580857159895)), (np.float64(745.0412739060542), np.float64(1932.095123664075), np.float64(56.27486897896391)), (np.float64(1720.4693232295415), np.float64(483.876074539017), np.float64(114.26401168922365)), (np.float64(705.1626795758146), np.float64(1214.5115800339684), np.float64(150.0)), (np.float64(926.5675967365944), np.float64(650.6418518236246), np.float64(145.80874811362725))]",-13.633618521758725,0.8387150303806732,6,0,0,1.397151100617226,89.37355937223936
64,19.5432445488485,414766.99423211097,5,77.33333333333333,7874.411885875827,10.0,11.174680496324852,0.0,120.0,86.37602179836512,"[(np.float64(613.6745940401248), np.float64(1746.832121206607), np.float64(55.169795556669094)), (np.float64(2440.520370612713), np.float64(2382.9585778807527), np.float64(39.89340470781876)), (np.float64(749.8995783896584), np.float64(1934.176555014453), np.float64(59.262080151081605)), (np.float64(1719.1272442153183), np.float64(486.04525074282776), np.float64(113.53367987907635)), (np.float64(703.2045676551), np.float64(1216.1260284734371), np.float64(150.0)), (np.float64(929.7983575159627), np.float64(649.0248804731766), np.float64(142.15964094334493))]",-13.633618521758725,0.8382525136743547,6,0,0,1.3875501189556139,83.03343596704322
65,19.076883974325906,440724.18174451444,11,72.66666666666667,7897.405257630904,10.0,11.393686476663255,0.0,181.8181818181818,70.02724795640327,"[(np.float64(609.4042743527999), np.float64(1748.210520387971), np.float64(57.65868785183867)), (np.float64(2439.3821426449404), np.float64(2384.7819955470004), np.float64(39.01886673629196)), (np.float64(754.5779744506001), np.float64(1932.7660517971483), np.float64(58.60283822365454)), (np.float64(1721.012932324756), np.float64(486.12823063120345), np.float64(113.89431121599912)), (np.float64(701.8139640514867), np.float64(1213.4891105595407), np.float64(149.98210658980645)), (np.float64(933.0861760735461), np.float64(647.7575143178497), np.float64(138.8413203098439))]",-13.633618521758725,0.8377906299743887,6,0,0,1.3856510998977176,88.35080044822062
66,18.478049207573434,433826.4989235925,19,72.33333333333334,7928.296312206905,10.0,11.738778664622158,0.0,157.89473684210526,48.228882833787466,"[(np.float64(604.1951214774364), np.float64(1749.8761320330682), np.float64(53.92289213019778)), (np.float64(2436.4936065690235), np.float64(2381.175753536464), np.float64(39.19997189193506)), (np.float64(752.2790075137762), np.float64(1931.4647364770694), np.float64(59.70601069272698)), (np.float64(1723.03548090218), np.float64(489.65967636570775), np.float64(113.30930831909797)), (np.float64(702.8501578840848), np.float64(1214.6298285804428), np.float64(147.85530396316128)), (np.float64(928.3945968769821), np.float64(646.0811779647645), np.float64(141.3484659667118))]",-13.633618521758725,0.8373266330440844,6,0,0,1.3919907909128566,86.5719526298599
67,18.74958927732125,415344.7366835806,5,71.66666666666667,7976.169129022917,10.0,11.738778664622158,0.0,160.0,86.37602179836512,"[(np.float64(602.8632397865906), np.float64(1753.846942745402), np.float64(53.45083746373477)), (np.float64(2436.217096388648), np.float64(2379.4723065543617), np.float64(43.15830733344953)), (np.float64(756.3648327247265), np.float64(1932.2517393361657), np.float64(60.99044828872975)), (np.float64(1723.4525055748768), np.float64(489.78612764546807), np.float64(113.3155948315105)), (np.float64(701.9147054013004), np.float64(1216.2123636727085), np.float64(149.9494844110939)), (np.float64(926.4497134419166), np.float64(644.0296394271259), np.float64(144.58542387807216))]",-13.633618521758725,0.8368645229501954,6,0,0,1.3863302816665626,83.22225914950526
68,19.006137963231357,476561.9660270797,7,75.0,7976.169129022917,10.0,11.738778664622158,0.0,85.71428571428571,80.92643051771118,"[(np.float64(603.9965117081435), np.float64(1752.42201818532), np.float64(48.65999691930055)), (np.float64(2435.5920370766034), np.float64(2379.0718439424572), np.float64(38.93562387109787)), (np.float64(760.1943190891442), np.float64(1931.0269623547913), np.float64(60.617945851453555)), (np.float64(1727.2751444893709), np.float64(488.7858617934032), np.float64(113.2009287375184)), (np.float64(703.1861290967599), np.float64(1216.3154509086758), np.float64(150.0)), (np.float64(926.94508831338), np.float64(644.6885499434346), np.float64(147.76880565269303))]",-13.633618521758725,0.8364023398496263,6,0,0,1.3865493017079358,95.47321810580333
69,19.14506717513988,484383.5684721213,18,76.0,7976.169129022917,10.0,12.495720211808479,0.0,161.11111111111111,50.95367847411445,"[(np.float64(604.1716041444985), np.float64(1753.8123417394754), np.float64(50.17257318682208)), (np.float64(2434.6411375251246), np.float64(2374.980684311938), np.float64(40.7796440661294)), (np.float64(762.2646505261821), np.float64(1927.634041274173), np.float64(59.02858563761407)), (np.float64(1725.0784030676314), np.float64(488.747298992523), np.float64(113.26780713658727)), (np.float64(700.3152978800362), np.float64(1218.3087827625332), np.float64(150.0)), (np.float64(924.7290092174972), np.float64(644.2198448121324), np.float64(147.73211270288138))]",-13.633618521758725,0.8359423539390668,6,0,0,1.3799577316784688,97.50370475376734
70,18.618453635908274,491444.2752247786,124,74.66666666666667,7978.358422270263,10.0,13.057016766484809,0.0,115.3225806451613,-237.87465940054494,"[(np.float64(605.0784900930832), np.float64(1756.0556396944758), np.float64(49.1030987696428)), (np.float64(2435.466617665384), np.float64(2373.4748728005184), np.float64(38.51982806555987)), (np.float64(761.3328458834545), np.float64(1926.567747051908), np.float64(58.366722278723216)), (np.float64(1726.4392449845625), np.float64(488.4400624717324), np.float64(114.91484611537885)), (np.float64(694.2955164020706), np.float64(1220.5390418704364), np.float64(150.0)), (np.float64(925.1880104910852), np.float64(643.283060827186), np.float64(148.71176958455396))]",-16.72065253185697,0.8354825093140618,6,0,0,1.3795338750144823,98.95537989026656
71,17.894348056672303,482933.0193618163,15,75.66666666666667,7980.758971380568,10.0,13.671111150130903,0.0,186.66666666666666,59.12806539509536,"[(np.float64(605.3102291289925), np.float64(1755.8121828415683), np.float64(43.132541975788456)), (np.float64(2438.948970736426), np.float64(2371.7336039764728), np.float64(36.196950323587735)), (np.float64(761.3686515558895), np.float64(1922.0512249368298), np.float64(62.77484096364144)), (np.float64(1723.5290216803749), np.float64(489.0026790351575), np.float64(114.26497673408132)), (np.float64(695.0463631997702), np.float64(1225.0140591591976), np.float64(150.0)), (np.float64(923.7808721401254), np.float64(642.8453139674859), np.float64(148.85013295042074))]",-16.72065253185697,0.8350185636134811,6,0,0,1.3918371017424769,96.38201249693259
72,19.373120023618203,508533.98809962743,2,75.33333333333333,7980.758971380568,10.0,13.512235091617015,0.0,0.0,94.55040871934605,"[(np.float64(607.7853171363754), np.float64(1754.9722024839664), np.float64(42.46613457203461)), (np.float64(2436.8972032138286), np.float64(2375.759783466901), np.float64(39.8243340799741)), (np.float64(763.4058803574418), np.float64(1918.9675023236746), np.float64(58.49116366524244)), (np.float64(1721.405806210613), np.float64(487.39947755556796), np.float64(114.74349853619148)), (np.float64(693.5730843921615), np.float64(1227.0908937684671), np.float64(150.0)), (np.float64(923.5186650025798), np.float64(644.1102839263721), np.float64(150.0))]",-16.72065253185697,0.8345562478002334,6,0,0,1.3869474397427863,101.84916680403
73,18.63351513700045,505994.26559765264,4,76.66666666666667,7983.498693882542,10.0,13.671111150130903,0.0,150.0,89.1008174386921,"[(np.float64(604.3705882399464), np.float64(1755.0146937242441), np.float64(44.64579460860884)), (np.float64(2432.6717582465453), np.float64(2373.7727046131436), np.float64(40.41821861376191)), (np.float64(761.9979452884638), np.float64(1916.8426838121613), np.float64(60.88652566421822)), (np.float64(1719.004002097066), np.float64(485.37457573516474), np.float64(114.3484936559779)), (np.float64(692.3333305149743), np.float64(1226.260286690913), np.float64(150.0)), (np.float64(919.2532117123158), np.float64(643.53958195142), np.float64(148.71675877970918))]",-16.72065253185697,0.8340948637898142,6,0,0,1.3841520312577136,101.54517675222417
74,19.061111061421627,472340.68553277495,15,74.66666666666667,8020.041996449396,10.0,13.512235091617015,0.0,160.0,59.12806539509536,"[(np.float64(603.184902184131), np.float64(1758.4258761993756), np.float64(44.42462322724939)), (np.float64(2435.7839196074624), np.float64(2374.6249560574065), np.float64(33.17562161985946)), (np.float64(763.016452209581), np.float64(1917.0472123762327), np.float64(59.2272137684502)), (np.float64(1718.0247049673378), np.float64(482.4605453434655), np.float64(111.7107317518187)), (np.float64(690.5112336424713), np.float64(1225.7969307712958), np.float64(149.32437767019678)), (np.float64(921.4277239709683), np.float64(645.608318874722), np.float64(150.0))]",-16.72065253185697,0.8336313363543021,6,0,0,1.3905823065362326,94.35309608400206
75,20.626639118458055,499730.3958034197,14,80.33333333333333,8028.345588745604,10.0,13.671111150130903,0.0,200.0,61.85286103542234,"[(np.float64(604.6232014749377), np.float64(1757.571451255259), np.float64(46.53397257606397)), (np.float64(2435.751893335718), np.float64(2373.6926516781587), np.float64(30.0)), (np.float64(762.2285871179388), np.float64(1918.354511112336), np.float64(62.17078176174494)), (np.float64(1720.0323888322803), np.float64(482.2989419960761), np.float64(110.24080826761934)), (np.float64(690.0905987669213), np.float64(1221.1917751531917), np.float64(148.7360951276114)), (np.float64(921.0911691954745), np.float64(647.9319692086763), np.float64(150.0))]",-16.72065253185697,0.8331701521513161,6,0,0,1.3835526089582586,100.33156522960324
76,20.708110393654856,493374.586199105,12,80.33333333333333,8043.004990646128,10.0,13.671111150130903,0.0,166.66666666666669,67.3024523160763,"[(np.float64(603.796727008957), np.float64(1757.3828285796521), np.float64(45.91946603866733)), (np.float64(2435.3100004051994), np.float64(2374.061796376398), np.float64(32.208157042119296)), (np.float64(761.9228113517194), np.float64(1922.0139335852732), np.float64(60.60244535325876)), (np.float64(1719.841033143162), np.float64(484.1810595630433), np.float64(107.21978075229427)), (np.float64(688.7141182874544), np.float64(1222.6751742265226), np.float64(150.0)), (np.float64(920.1939359234434), np.float64(647.3693700802905), np.float64(148.15159186509658))]",-16.72065253185697,0.8327097047167297,6,0,0,1.3813423037595958,99.21400060898267
77,21.5013197127101,507869.9850503283,16,81.33333333333333,8043.004990646128,10.0,12.91201767369535,0.0,106.25,56.403269754768395,"[(np.float64(602.4815395399772), np.float64(1756.6459515964357), np.float64(46.558058661941445)), (np.float64(2437.1978112872744), np.float64(2374.4843819662783), np.float64(33.748367668690975)), (np.float64(761.1081419245971), np.float64(1918.3364418391168), np.float64(57.21004102088844)), (np.float64(1715.1448024000274), np.float64(487.59350218896094), np.float64(108.02652160596575)), (np.float64(688.1601721128051), np.float64(1223.3340342028507), np.float64(150.0)), (np.float64(917.6430359088753), np.float64(650.333158994323), np.float64(147.277738251972))]",-16.72065253185697,0.8322486293410424,6,0,0,1.3832261270615245,101.98982876863961
78,20.75174364384763,453079.33324097627,108,79.66666666666666,8107.74564245548,10.0,13.205309480531374,0.0,105.55555555555556,-194.27792915531336,"[(np.float64(601.2904421764187), np.float64(1757.7826334062634), np.float64(47.97281477790789)), (np.float64(2437.284999965252), np.float64(2371.676216602105), np.float64(34.94213120590274)), (np.float64(759.6297279970909), np.float64(1920.6588754791342), np.float64(55.99419286031528)), (np.float64(1716.0200703410621), np.float64(489.11548925677766), np.float64(107.05786180058287)), (np.float64(688.9183292829073), np.float64(1224.1492575801037), np.float64(149.8712469991635)), (np.float64(916.1613687466814), np.float64(649.8201929823234), np.float64(149.23301576792178))]",-16.72065253185697,0.8317894327467901,6,0,0,1.3775897827568337,91.35910553347294
79,21.054690421094712,550631.1520638856,14,80.33333333333333,8107.74564245548,10.0,13.833767795439117,0.0,171.42857142857142,61.85286103542234,"[(np.float64(601.003472864388), np.float64(1758.1228649577345), np.float64(43.350996603731254)), (np.float64(2436.47326648669), np.float64(2369.5624097879863), np.float64(39.850464614341)), (np.float64(755.3025282581887), np.float64(1922.3276840686765), np.float64(54.98295226225157)), (np.float64(1716.7846349156534), np.float64(488.43612533019297), np.float64(107.90508382076251)), (np.float64(689.538872306343), np.float64(1225.3220343238354), np.float64(150.0)), (np.float64(916.0746775734502), np.float64(650.091299414859), np.float64(150.0))]",-16.72065253185697,0.8313281951326177,6,0,0,1.383712842517145,110.53817894562802
80,20.368919426631827,519658.2541850533,12,80.66666666666666,8139.118540334315,10.0,13.671111150130903,0.0,166.66666666666669,67.3024523160763,"[(np.float64(602.4173282847444), np.float64(1756.931155669043), np.float64(43.20859596422338)), (np.float64(2434.483887802956), np.float64(2368.9339354099266), np.float64(39.76386632206284)), (np.float64(754.8279174579582), np.float64(1922.3724866053035), np.float64(53.741048964643134)), (np.float64(1714.2157230443056), np.float64(490.3636663009156), np.float64(108.71438707806394)), (np.float64(691.0933835900036), np.float64(1225.1001597272787), np.float64(149.02007585992115)), (np.float64(914.0654044385162), np.float64(654.7958791068737), np.float64(150.0))]",-9.567926328281345,0.8308699331150452,6,0,0,1.3747860527177675,104.99780294253355
81,20.34279394584378,531571.2250710229,5,79.33333333333333,8158.078467327181,10.0,14.029857225489259,0.0,160.0,86.37602179836512,"[(np.float64(595.2434633609347), np.float64(1753.3313271259256), np.float64(42.375236792392215)), (np.float64(2429.7486978499205), np.float64(2367.884210693784), np.float64(39.91190396269012)), (np.float64(758.6401567453394), np.float64(1924.7159760870288), np.float64(52.75825278094022)), (np.float64(1714.4959611908032), np.float64(490.183789468876), np.float64(107.6871858537405)), (np.float64(689.6898021843006), np.float64(1228.822332180397), np.float64(148.79279740382356)), (np.float64(910.9983887898991), np.float64(654.4665569836231), np.float64(149.16929834502227))]",-9.567926328281345,0.8304084064176527,6,0,0,1.3845800921774205,106.64509367502784
82,20.726971597937926,545473.6731947169,7,80.0,8162.635946196351,10.0,14.170975780692343,0.0,171.42857142857142,80.92643051771118,"[(np.float64(594.2450740344874), np.float64(1752.7588569160257), np.float64(45.97410339069616)), (np.float64(2431.4320356979374), np.float64(2369.0698881459793), np.float64(41.71129638037414)), (np.float64(757.7492792847808), np.float64(1924.069917963078), np.float64(54.66611486162784)), (np.float64(1713.6355606772402), np.float64(489.9520197577042), np.float64(108.91457675222058)), (np.float64(691.1223186463438), np.float64(1229.2113058688), np.float64(150.0)), (np.float64(910.6938993086557), np.float64(654.4463433263729), np.float64(150.0))]",-9.567926328281345,0.8299487925322073,6,0,0,1.3788416563360348,109.88967738249379
83,19.56842987802022,498280.2572752926,5,79.66666666666666,8215.236840984944,10.0,14.00034159658831,0.0,160.0,86.37602179836512,"[(np.float64(593.6637673700832), np.float64(1755.1719263722175), np.float64(43.976188736396566)), (np.float64(2431.3004967893803), np.float64(2371.304979985607), np.float64(40.92271758002142)), (np.float64(754.4712264079095), np.float64(1926.9178932100776), np.float64(56.10824124635988)), (np.float64(1712.5520819899427), np.float64(494.0457016326182), np.float64(110.83261746711943)), (np.float64(693.9210079816063), np.float64(1231.4791206513548), np.float64(149.49132726648557)), (np.float64(907.4248939860208), np.float64(653.0188251082267), np.float64(150.0))]",-9.567926328281345,0.8294872481961225,6,0,0,1.3846330082545835,99.96235952149236
84,20.033220298476525,502928.26509853423,7,77.33333333333333,8262.539727950298,10.0,14.525033991874826,0.0,200.0,80.92643051771118,"[(np.float64(593.7921367580652), np.float64(1757.9339084509227), np.float64(42.219344858895134)), (np.float64(2431.019658751295), np.float64(2372.085959134848), np.float64(43.00707426944149)), (np.float64(757.2571926633005), np.float64(1926.9742478220403), np.float64(57.0244617762785)), (np.float64(1711.341463826773), np.float64(492.73641508655203), np.float64(111.24977533732478)), (np.float64(695.1075565461131), np.float64(1229.7839966805582), np.float64(150.0)), (np.float64(909.3140608154755), np.float64(654.1337999208907), np.float64(148.43502314120653))]",-9.567926328281345,0.8290276626900864,6,0,0,1.3787565181075074,101.32484889533684
85,19.630191846206912,528109.1565259348,20,80.33333333333333,8285.41172348825,10.0,16.376000477070207,0.0,180.0,45.5040871934605,"[(np.float64(591.1660507041428), np.float64(1757.0566453715644), np.float64(41.689079086876696)), (np.float64(2428.094003593429), np.float64(2372.9250636848396), np.float64(43.29994428925916)), (np.float64(755.133374301313), np.float64(1925.0980109285167), np.float64(53.807824181052034)), (np.float64(1715.0269445330741), np.float64(494.97471584949164), np.float64(111.87260834584164)), (np.float64(694.698257226351), np.float64(1229.1222852821488), np.float64(149.20847639775357)), (np.float64(908.5163770800518), np.float64(655.5239873235745), np.float64(149.36817495382746))]",-9.567926328281345,0.8285676670009487,6,0,0,1.3799870674133565,106.30316137588098
86,18.62329729205034,530136.1851905533,91,76.0,8313.456690361585,10.0,17.603829487798826,0.0,127.47252747252746,-147.95640326975476,"[(np.float64(592.9429514347203), np.float64(1757.4724744914424), np.float64(40.73697329740946)), (np.float64(2425.5387584266205), np.float64(2373.3798458777555), np.float64(41.806719549631964)), (np.float64(754.8530465007805), np.float64(1926.1471924341329), np.float64(56.80461878131173)), (np.float64(1718.5209631274581), np.float64(494.0071708113041), np.float64(112.41855819925264)), (np.float64(695.7155388733245), np.float64(1227.724248891291), np.float64(147.14732571653806)), (np.float64(911.4601682038784), np.float64(655.9028806970583), np.float64(149.47995886075503))]",-9.567926328281345,0.8281072696290126,6,0,0,1.3811921158084337,106.61807995886707
87,16.959143666707465,554146.7235732885,26,75.0,8313.456690361589,10.0,18.575273406695846,0.0,165.3846153846154,29.155313351498645,"[(np.float64(588.256674703255), np.float64(1757.878109290215), np.float64(41.17381994239107)), (np.float64(2426.5852559973), np.float64(2372.542918164996), np.float64(44.4667827931922)), (np.float64(752.9261921958117), np.float64(1925.7572850518543), np.float64(58.10909894567873)), (np.float64(1718.7383942747092), np.float64(495.2340592099289), np.float64(111.24869837674144)), (np.float64(695.1299155302831), np.float64(1227.9958364194033), np.float64(146.67878085560068)), (np.float64(912.4884884164494), np.float64(657.4259045185923), np.float64(150.0))]",-9.567926328281345,0.8276481940780638,6,0,0,1.3772266528465833,111.76783800899302
88,16.664869654085003,594566.8703602843,5,73.0,8313.456690361589,10.0,18.73867183895545,0.0,160.0,86.37602179836512,"[(np.float64(584.8726896960837), np.float64(1756.418731303452), np.float64(41.07115598620075)), (np.float64(2423.7513051093956), np.float64(2372.351923769983), np.float64(45.15452064012753)), (np.float64(752.2086255257151), np.float64(1928.7942042321076), np.float64(58.446081037900775)), (np.float64(1717.6682501334217), np.float64(493.51897973170657), np.float64(111.45718910247135)), (np.float64(695.1201381088256), np.float64(1229.9862114763175), np.float64(144.05042902098043)), (np.float64(913.3994123894244), np.float64(652.7777916648433), np.float64(150.0))]",-9.567926328281345,0.8271884713790622,6,0,0,1.3791680970049693,119.75151132601407
89,17.101048881854208,599016.5411747693,4,73.0,8313.456690361585,10.0,20.029915374305546,0.0,50.0,89.1008174386921,"[(np.float64(584.9761758480115), np.float64(1754.3975774264857), np.float64(39.50411997534345)), (np.float64(2421.341831850936), np.float64(2372.9747810950857), np.float64(44.547375177998006)), (np.float64(753.2148499791924), np.float64(1926.998008183429), np.float64(54.23818642739572)), (np.float64(1718.9622159808166), np.float64(493.3508003593464), np.float64(109.23670206282395)), (np.float64(694.7210135389136), np.float64(1232.2928760467191), np.float64(142.31268273934523)), (np.float64(911.2726575896542), np.float64(651.9855008846141), np.float64(149.40740118995956))]",-9.567926328281345,0.82672716355737,6,0,0,1.3839234650763357,120.23315440386733
90,16.971997961718653,533701.3130724714,6,74.33333333333333,8379.32191846388,10.0,19.690703632456266,0.0,100.0,83.65122615803816,"[(np.float64(582.2847519015213), np.float64(1756.7418331186382), np.float64(40.84741651596174)), (np.float64(2421.1714709068724), np.float64(2374.9879197725677), np.float64(44.96973431990284)), (np.float64(756.1209784250107), np.float64(1929.6790985915002), np.float64(53.5643593286145)), (np.float64(1718.3980026484596), np.float64(488.3301149417905), np.float64(111.37899711865357)), (np.float64(694.926602015004), np.float64(1230.4928880083366), np.float64(144.83037989788446)), (np.float64(909.6864020811987), np.float64(653.3332311531492), np.float64(150.0))]",-7.952430477811954,0.8262656888070344,6,0,0,1.3844242510065212,107.08448991309591
91,13.803630594165961,527553.4452118067,67,71.33333333333334,8455.485014426842,10.0,25.173531611409132,0.0,158.2089552238806,-82.56130790190734,"[(np.float64(578.9804906510915), np.float64(1758.4353608644815), np.float64(38.843952541410076)), (np.float64(2421.607108445677), np.float64(2374.768800613257), np.float64(46.12419313026255)), (np.float64(754.6713120118791), np.float64(1926.8626182249216), np.float64(57.054370654973326)), (np.float64(1720.2313641589014), np.float64(490.37567162645973), np.float64(111.06800953655272)), (np.float64(695.1456043940917), np.float64(1231.4734093964432), np.float64(150.0)), (np.float64(907.6517143221632), np.float64(653.4382647923801), np.float64(149.85779214749363))]",-7.952430477811954,0.8258035753301898,6,0,0,1.3863404305342168,105.70464544085836
92,14.591790585772511,571015.1465183666,18,69.66666666666667,8485.736409083245,10.0,28.48741985097034,0.0,188.88888888888889,50.95367847411445,"[(np.float64(577.3167865613257), np.float64(1758.4902280806841), np.float64(38.817238485905804)), (np.float64(2420.7917781525575), np.float64(2373.6724272498705), np.float64(46.682766217581694)), (np.float64(754.6631355620353), np.float64(1929.1976669119051), np.float64(55.46752640606363)), (np.float64(1718.073653715119), np.float64(490.95623442407424), np.float64(106.84838104929817)), (np.float64(695.3370170541428), np.float64(1231.7768823417077), np.float64(150.0)), (np.float64(909.1078463062975), np.float64(654.3012020656652), np.float64(150.0))]",-7.952430477811954,0.825345091497487,6,0,0,1.3754514981085615,115.31872893769236
93,13.847356607136984,573122.138694462,6,68.33333333333333,8512.880811563551,10.0,28.464271109598297,0.0,166.66666666666669,83.65122615803816,"[(np.float64(574.8285264803161), np.float64(1760.6750005733804), np.float64(37.744187284799146)), (np.float64(2417.871976449787), np.float64(2373.9440797000657), np.float64(48.042890195311216)), (np.float64(752.7426953459411), np.float64(1931.0620866827849), np.float64(53.20133935973221)), (np.float64(1718.3275952730105), np.float64(491.3863953340545), np.float64(109.21522714002418)), (np.float64(694.2475480137848), np.float64(1233.3186790485265), np.float64(149.76311952856858)), (np.float64(908.7700363155352), np.float64(650.0079075095998), np.float64(150.0))]",-7.952430477811954,0.824884595364377,6,0,0,1.381488399330052,115.23845886726141
94,13.71077593716712,523528.1215171243,5,68.33333333333333,8589.969231221196,10.0,29.829795233794783,0.0,40.0,86.37602179836512,"[(np.float64(574.2383111319604), np.float64(1759.182939380999), np.float64(40.62667002490989)), (np.float64(2416.8842678111514), np.float64(2371.092613904814), np.float64(47.849340124430384)), (np.float64(753.187306833774), np.float64(1929.6572939911186), np.float64(54.80744892503741)), (np.float64(1717.1163811255144), np.float64(494.1893292616716), np.float64(109.02249931354001)), (np.float64(694.5081951636399), np.float64(1231.6336524048631), np.float64(150.0)), (np.float64(910.7339482811125), np.float64(649.3969183307669), np.float64(150.0))]",-7.952430477811954,0.8244258646528181,6,0,0,1.3761921346764023,105.67163881763958
95,14.168223009634806,547368.9982313367,13,66.66666666666666,8643.316774164625,10.0,29.59246702435357,0.0,176.9230769230769,64.57765667574932,"[(np.float64(570.3456103326135), np.float64(1758.142425778518), np.float64(40.54124570240545)), (np.float64(2415.5711854348415), np.float64(2367.02071288823), np.float64(48.3087564138572)), (np.float64(755.1804082535591), np.float64(1928.9200310896836), np.float64(53.629418653868406)), (np.float64(1718.009599222502), np.float64(489.9922470449106), np.float64(108.54472288941064)), (np.float64(696.9465052038573), np.float64(1232.021405234723), np.float64(148.25957314940442)), (np.float64(909.2922746745394), np.float64(647.6074889585213), np.float64(145.3864207010103))]",-7.952430477811954,0.8239637122777781,6,0,0,1.3864571251203897,109.66581021389065
96,15.302710365892478,606204.8792252986,31,68.66666666666667,8643.316774164625,10.0,34.312625106162066,0.0,148.38709677419354,15.531335149863768,"[(np.float64(567.2623763959049), np.float64(1756.9447251424722), np.float64(40.29858092601259)), (np.float64(2419.045319635723), np.float64(2365.4807097718194), np.float64(49.446236740472564)), (np.float64(758.4915744580884), np.float64(1930.2742744782017), np.float64(53.91228036129864)), (np.float64(1718.2345961785475), np.float64(493.95467271168684), np.float64(108.63656932038693)), (np.float64(694.1892714882537), np.float64(1231.355943480097), np.float64(147.88002259181877)), (np.float64(908.6805094280725), np.float64(644.0880884592481), np.float64(143.7839166084374))]",-7.952430477811954,0.8235033537173143,6,0,0,1.3810756813909517,121.92687663550434
97,17.008277972813026,559554.0565350946,28,74.0,8689.367596854827,10.0,31.383528451223246,0.0,107.14285714285714,23.705722070844693,"[(np.float64(569.5540485292781), np.float64(1757.0756497648092), np.float64(41.69160282254792)), (np.float64(2418.198370100736), np.float64(2364.577325421122), np.float64(48.145074117578226)), (np.float64(758.3572046356018), np.float64(1933.4425430245708), np.float64(54.22801852818854)), (np.float64(1718.6768223622132), np.float64(496.82959378182915), np.float64(107.78058527750653)), (np.float64(693.2658967864478), np.float64(1231.0540330545598), np.float64(147.33759256499792)), (np.float64(911.177039866754), np.float64(644.8462856406526), np.float64(139.70614719281983))]",-7.952430477811954,0.8230429821370904,6,0,0,1.3811147406717128,112.54074538026039
98,16.152827418329586,513053.2272074038,7,72.0,8781.41924887272,10.0,34.1488064355925,0.0,28.57142857142857,80.92643051771118,"[(np.float64(568.841934696611), np.float64(1757.9650019496169), np.float64(41.85699350062289)), (np.float64(2420.5277723062495), np.float64(2364.3691290374445), np.float64(49.551178260515876)), (np.float64(757.2087312967866), np.float64(1933.8783539038511), np.float64(55.61855618425789)), (np.float64(1715.2780184939616), np.float64(496.204300093896), np.float64(104.91433959126013)), (np.float64(692.0107480888186), np.float64(1229.7057581459212), np.float64(148.50723684759862)), (np.float64(908.8029982403195), np.float64(648.0093663084484), np.float64(140.16750740592607))]",-7.952430477811954,0.82258287343186,6,0,0,1.3803261156915358,103.24718464374689
99,17.89891973871898,639495.6545248306,8,77.66666666666666,8781.41924887272,10.0,31.383528451223246,0.0,175.0,78.2016348773842,"[(np.float64(570.636071580564), np.float64(1758.6619206575353), np.float64(45.12642953941284)), (np.float64(2420.5259179205395), np.float64(2367.4899168693005), np.float64(50.852225559045124)), (np.float64(757.161340832479), np.float64(1937.8090123076038), np.float64(54.81095455836444)), (np.float64(1718.1140117765374), np.float64(497.46745569438673), np.float64(103.13582690897765)), (np.float64(692.299945659412), np.float64(1226.979663602782), np.float64(148.84336536570768)), (np.float64(907.9059413050021), np.float64(649.0485224722376), np.float64(138.09959956545416))]",-7.952430477811954,0.8221211707580892,6,0,0,1.3851080213121292,128.24825145707746
100,19.396926566814425,540267.821963483,57,75.66666666666667,8884.24708143407,10.0,23.70525974639965,0.0,135.08771929824562,-55.31335149863759,"[(np.float64(567.934231213307), np.float64(1757.1505745174945), np.float64(43.41285324332396)), (np.float64(2421.654403152494), np.float64(2370.352682571131), np.float64(50.53610055769342)), (np.float64(759.1142271118546), np.float64(1936.6672797045478), np.float64(55.16936485848131)), (np.float64(1722.9543013365676), np.float64(496.46814078832546), np.float64(105.99235644425801)), (np.float64(693.6400836384205), np.float64(1225.8349237029447), np.float64(150.0)), (np.float64(907.15301218173), np.float64(649.5424311917981), np.float64(139.5067798131539))]",-11.673068666860567,0.8216603222684786,6,0,0,1.3825454688317367,108.54933770581202
101,18.470817198021265,630015.9938364894,14,74.66666666666667,8893.726742122417,10.0,22.776518580212045,0.0,142.85714285714286,61.85286103542234,"[(np.float64(570.6315321882936), np.float64(1761.717072331663), np.float64(42.04259120209078)), (np.float64(2418.2330869567604), np.float64(2368.8809294205944), np.float64(47.21618724492782)), (np.float64(762.3186760523787), np.float64(1938.3116614164264), np.float64(55.515928162632314)), (np.float64(1724.6987934344502), np.float64(493.3790373244107), np.float64(105.52862024894692)), (np.float64(695.3777526817385), np.float64(1225.951150150821), np.float64(150.0)), (np.float64(905.3329105855049), np.float64(650.7140855994033), np.float64(139.09912051107494))]",-11.673068666860567,0.8211992304650071,6,0,0,1.383275410414717,126.5145331253235
102,17.077523314875116,526381.8423475621,17,75.0,9007.890554299687,10.0,24.72950632327995,0.0,176.47058823529412,53.67847411444142,"[(np.float64(574.8737203547703), np.float64(1760.540652520021), np.float64(42.99005101772775)), (np.float64(2417.564089362893), np.float64(2368.1970046217302), np.float64(47.46154281802074)), (np.float64(766.4460275668183), np.float64(1934.2840853175412), np.float64(51.158972755492584)), (np.float64(1725.1050093673107), np.float64(494.3197677850408), np.float64(105.09542029217073)), (np.float64(696.3044712302385), np.float64(1224.6948008541779), np.float64(150.0)), (np.float64(906.4097027069037), np.float64(652.9180467977519), np.float64(134.6683694939464))]",-11.673068666860567,0.8207371413443129,6,0,0,1.386267362083051,105.4754533138309
103,17.335387963543134,525374.5172825919,11,72.66666666666667,9122.56169154193,10.0,24.712963423154225,0.0,163.63636363636365,70.02724795640327,"[(np.float64(573.6903029506242), np.float64(1760.4928810119743), np.float64(41.77112590656908)), (np.float64(2419.9717283684577), np.float64(2366.565177881737), np.float64(48.992451368294745)), (np.float64(768.6097473078985), np.float64(1931.8299662960244), np.float64(47.94665545832616)), (np.float64(1722.6232075651396), np.float64(491.34647480847923), np.float64(103.3137806925371)), (np.float64(693.929782333812), np.float64(1223.4158866251844), np.float64(150.0)), (np.float64(905.4519012657447), np.float64(654.3341519768978), np.float64(132.80394292180677))]",-11.673068666860567,0.820275569647996,6,0,0,1.3847150889501858,105.39161960203144
104,16.953015543472816,588227.3819978981,9,72.66666666666667,9173.929964068862,10.0,24.481951128440514,0.0,111.11111111111111,75.47683923705722,"[(np.float64(572.90851503787), np.float64(1762.5455666180608), np.float64(40.05349934242008)), (np.float64(2418.2875611505024), np.float64(2367.5523302091474), np.float64(49.08276962528241)), (np.float64(770.8333962126491), np.float64(1934.0308537880499), np.float64(49.13242381232431)), (np.float64(1721.6157637475776), np.float64(492.7952581939812), np.float64(102.76681822057914)), (np.float64(694.7038787308046), np.float64(1221.983581519476), np.float64(149.00364052180586)), (np.float64(906.679671669594), np.float64(658.1583704148627), np.float64(133.9668237997998))]",-11.673068666860567,0.8198160734254647,6,0,0,1.3784886675941947,118.5330709207669
105,18.703225285536544,590524.7161148785,12,77.0,9222.600902478815,10.0,24.712963423154225,0.0,50.0,67.3024523160763,"[(np.float64(574.7573320293714), np.float64(1764.1462564282087), np.float64(37.373935930625095)), (np.float64(2420.5231207082215), np.float64(2367.228823888791), np.float64(49.13980156631314)), (np.float64(774.3816368164925), np.float64(1933.1112972352007), np.float64(50.26899326398068)), (np.float64(1718.5259677410102), np.float64(489.25696306959367), np.float64(101.24250045271692)), (np.float64(691.6594654889896), np.float64(1222.2561720738602), np.float64(149.59354777801843)), (np.float64(908.928021335615), np.float64(655.3957104554823), np.float64(136.67592760403653))]",-11.673068666860567,0.8193538012187401,6,0,0,1.3868166201734977,118.28142306567
106,17.33667361365227,600947.0243532882,19,76.33333333333333,9262.399532650357,10.0,23.731272421154557,0.0,147.36842105263156,48.228882833787466,"[(np.float64(577.4177307013305), np.float64(1764.9209483747225), np.float64(37.13220073338512)), (np.float64(2420.1727365250117), np.float64(2365.0152726730144), np.float64(46.17346221593444)), (np.float64(776.1109897484114), np.float64(1933.383667381338), np.float64(50.938600663705664)), (np.float64(1717.6092757191439), np.float64(488.8985279304399), np.float64(100.63631085958106)), (np.float64(688.3875136167416), np.float64(1220.6211561298333), np.float64(150.0)), (np.float64(906.0332494105043), np.float64(658.6594461094655), np.float64(136.65754668449804))]",-11.673068666860567,0.8188943711120938,6,0,0,1.3782903199389238,121.11361922241585
107,18.391364280196534,630660.4128857959,10,76.0,9270.834774289397,10.0,31.416173167491927,0.0,180.0,72.75204359673025,"[(np.float64(578.3462366227883), np.float64(1760.5888297721983), np.float64(35.78645491087536)), (np.float64(2421.477675789491), np.float64(2366.605350334478), np.float64(46.24058438103973)), (np.float64(774.3112432538792), np.float64(1935.1097333034402), np.float64(48.67739478053066)), (np.float64(1720.3418395057538), np.float64(490.3054081021459), np.float64(101.37537968846149)), (np.float64(689.9321228616237), np.float64(1219.318920763379), np.float64(145.5455668889454)), (np.float64(910.0473526686272), np.float64(655.6882511659252), np.float64(136.26910469229657))]",-11.673068666860567,0.8184320111850747,6,0,0,1.3870797810572788,126.29659116673264
108,20.733593711342124,586784.4445952763,34,80.0,9323.845984218955,10.0,24.72692039094981,0.0,135.29411764705884,7.3569482288828425,"[(np.float64(577.9054107710277), np.float64(1761.9358718708456), np.float64(34.82673632935069)), (np.float64(2420.7419727776523), np.float64(2366.078400900967), np.float64(45.4624527620866)), (np.float64(774.3155083955439), np.float64(1939.3578030320484), np.float64(47.017031763263944)), (np.float64(1721.8779751419393), np.float64(490.87193215152104), np.float64(100.80545842532523)), (np.float64(690.745908616551), np.float64(1219.5537680710102), np.float64(148.8387226681986)), (np.float64(908.968599942424), np.float64(655.0036977550586), np.float64(132.9464657305655))]",-11.673068666860567,0.8179714633701108,6,0,0,1.3816434448915993,117.97231742885133
109,22.246160616830316,544113.7744061704,29,83.0,9418.827864337618,10.0,17.341276216652332,0.0,137.93103448275863,20.98092643051772,"[(np.float64(576.530003625934), np.float64(1762.5082917875989), np.float64(34.90380452270544)), (np.float64(2418.8642668069056), np.float64(2367.1018906761774), np.float64(41.139970485816065)), (np.float64(780.434670452512), np.float64(1941.460621118958), np.float64(45.22592612795952)), (np.float64(1717.7714612806728), np.float64(494.79672436594404), np.float64(100.95280801551415)), (np.float64(690.0004233848875), np.float64(1218.2877817176648), np.float64(149.20812237361642)), (np.float64(908.9350347644366), np.float64(655.0422544884163), np.float64(139.2545986175327))]",-11.673068666860567,0.8175078544831957,6,0,0,1.3908266607452602,108.67113737368021
110,23.57970497149777,583751.4151303904,30,85.0,9474.42210373206,10.0,17.603829487798826,0.0,40.0,18.25613079019074,"[(np.float64(572.5422396523298), np.float64(1761.3928494002582), np.float64(33.65073014572005)), (np.float64(2419.3512162361503), np.float64(2363.5987720215667), np.float64(36.703120744790574)), (np.float64(781.8197028083981), np.float64(1941.6392904059587), np.float64(41.65290446147382)), (np.float64(1720.2794847318953), np.float64(496.1120882964758), np.float64(97.27411118869742)), (np.float64(693.6522248762635), np.float64(1218.1215273397431), np.float64(150.0)), (np.float64(908.5747533065411), np.float64(652.9589538460604), np.float64(136.6902058165871))]",-3.7072597504984195,0.8170426213828529,6,0,0,1.3956993010287613,116.18059187249776
111,23.674849582652396,628018.0493279122,34,86.33333333333333,9485.599708928981,10.0,15.090585901312696,0.0,82.35294117647058,7.3569482288828425,"[(np.float64(571.3765919854255), np.float64(1760.4144721105547), np.float64(35.41539446704621)), (np.float64(2419.9493016603733), np.float64(2362.7432079344358), np.float64(32.75516683726888)), (np.float64(781.6087647569781), np.float64(1941.0594299824236), np.float64(40.090604221142)), (np.float64(1721.5618089676657), np.float64(498.5260898588006), np.float64(95.85268655569503)), (np.float64(692.9908592252968), np.float64(1222.1253647888443), np.float64(150.0)), (np.float64(904.9337374144654), np.float64(651.7315633084584), np.float64(136.9300713527547))]",-3.7072597504984195,0.8165818685213684,6,0,0,1.3822585844536253,126.20609494394861
112,22.894215400038764,520843.9161151624,4,83.66666666666667,9601.601447338653,10.0,15.090585901312696,0.0,150.0,89.1008174386921,"[(np.float64(570.4652310282664), np.float64(1761.1984882454694), np.float64(34.73975604167121)), (np.float64(2418.807373663768), np.float64(2365.6740908352376), np.float64(34.478958304205165)), (np.float64(782.4745531019381), np.float64(1944.4079029986392), np.float64(42.61939755151159)), (np.float64(1721.3873893027348), np.float64(498.29893236297755), np.float64(96.0002469039284)), (np.float64(691.3040331800862), np.float64(1226.1167984488784), np.float64(150.0)), (np.float64(906.3452332847825), np.float64(652.3268610289991), np.float64(138.12258496076973))]",-3.7072597504984195,0.816122311589695,6,0,0,1.3786707950201593,104.94083584720427
113,23.58932137718238,534385.9723798756,14,84.66666666666667,9704.51112948361,10.0,18.153531994952694,0.0,185.71428571428572,61.85286103542234,"[(np.float64(573.0091669833608), np.float64(1763.3598504039826), np.float64(38.877124518725566)), (np.float64(2413.5831797273277), np.float64(2364.1595834491973), np.float64(36.35157506151599)), (np.float64(785.9058095562847), np.float64(1944.055187450517), np.float64(41.050088131710545)), (np.float64(1718.980586889676), np.float64(495.0454031052464), np.float64(95.03481460499557)), (np.float64(687.0250827205887), np.float64(1227.4202405037677), np.float64(146.14841259866415)), (np.float64(907.6870285887939), np.float64(649.1465266342354), np.float64(139.03275669120555))]",-3.7072597504984195,0.8156566515604106,6,0,0,1.3969800878529486,106.25817015863163
114,22.123161489521642,521480.0267194124,32,82.66666666666667,9821.576757289033,10.0,19.36278997456743,0.0,150.0,12.806539509536796,"[(np.float64(573.2437661928861), np.float64(1760.6697232420847), np.float64(41.32494177090526)), (np.float64(2412.3436740813668), np.float64(2364.568967800517), np.float64(37.40749349454606)), (np.float64(787.6556037850974), np.float64(1942.9851021263976), np.float64(42.8213495997535)), (np.float64(1715.6131688797016), np.float64(495.58492855834635), np.float64(94.7335930378463)), (np.float64(683.1818794819294), np.float64(1227.2363763388496), np.float64(148.70901776865324)), (np.float64(907.7507875059373), np.float64(651.5758809107405), np.float64(138.69529428764966))]",-3.7072597504984195,0.8151955769136343,6,0,0,1.3832239403289328,104.72314623412872
115,22.502466669375558,554824.9705343058,33,82.66666666666667,9905.597441279562,10.0,20.744652103643602,0.0,127.27272727272727,10.081743869209813,"[(np.float64(572.0189041591935), np.float64(1760.3233990211438), np.float64(40.80490640440753)), (np.float64(2412.4007404563386), np.float64(2363.6668751424463), np.float64(37.80367966592231)), (np.float64(787.9122366721613), np.float64(1944.5250742968528), np.float64(44.983124134378414)), (np.float64(1711.040444976464), np.float64(497.35544032325396), np.float64(93.21578423222586)), (np.float64(683.049111485617), np.float64(1227.6886978600985), np.float64(147.82416483013202)), (np.float64(907.1750823060959), np.float64(652.6031947358734), np.float64(137.8952062151482))]",-3.7072597504984195,0.8147370328995193,6,0,0,1.3756320423445536,112.03435411984874
116,21.57781183373196,542346.7965295457,33,83.33333333333334,10003.04629927485,10.0,21.91780858517315,0.0,118.18181818181819,10.081743869209813,"[(np.float64(570.9329204824994), np.float64(1762.2190077193968), np.float64(40.73455295347891)), (np.float64(2412.0033307709655), np.float64(2361.791270654713), np.float64(39.41241803869669)), (np.float64(785.5027697067749), np.float64(1947.5857632296595), np.float64(44.13904474733069)), (np.float64(1712.1739739543739), np.float64(500.15582719662297), np.float64(92.52765351166788)), (np.float64(682.2900616349579), np.float64(1229.3283724623377), np.float64(147.8497603781091)), (np.float64(905.8495080240668), np.float64(651.7668911928363), np.float64(137.8014107051824))]",-3.7072597504984195,0.8142787152238102,6,0,0,1.3749530271276011,109.56875249738457
117,22.635713379477984,553656.0221059186,8,85.0,10086.685931693763,10.0,24.712963423154225,0.0,150.0,78.2016348773842,"[(np.float64(571.0746329777536), np.float64(1762.6685660199141), np.float64(39.62748975395419)), (np.float64(2411.5791718981914), np.float64(2361.8093606213556), np.float64(34.11546350806967)), (np.float64(782.8791102972231), np.float64(1944.922842485284), np.float64(45.182166466165384)), (np.float64(1712.8621196343522), np.float64(499.78859668463855), np.float64(95.39662818812882)), (np.float64(681.6258213689051), np.float64(1228.5066092952113), np.float64(148.86350595360065)), (np.float64(905.3333294716793), np.float64(651.5233476404952), np.float64(140.40352582219796))]",-3.7072597504984195,0.8138175314605185,6,0,0,1.3835512898747084,111.15839405403865
118,21.848258628343256,597359.1916729922,13,83.0,10127.272394545602,10.0,26.396103100288446,0.0,153.84615384615387,64.57765667574932,"[(np.float64(571.5501493277794), np.float64(1764.1900651046403), np.float64(37.27775078062185)), (np.float64(2411.9468207502437), np.float64(2359.2597414870716), np.float64(34.61126880803242)), (np.float64(781.2727027744946), np.float64(1940.562443823974), np.float64(45.39522892275817)), (np.float64(1712.227272391188), np.float64(496.0787181716409), np.float64(97.20974893790613)), (np.float64(680.6874420962143), np.float64(1227.9332930308444), np.float64(149.38390202446755)), (np.float64(907.8059153579297), np.float64(652.6121987075824), np.float64(139.1434517533116))]",-3.7072597504984195,0.8133571233674268,6,0,0,1.3812242792754046,120.1348045265339
119,21.582672311992678,618547.0411693678,17,86.0,10146.72100790107,10.0,27.651629702396406,0.0,141.1764705882353,53.67847411444142,"[(np.float64(569.7461671743026), np.float64(1768.3395414282777), np.float64(40.816349418343144)), (np.float64(2411.7554866710207), np.float64(2360.7178472066007), np.float64(35.1149739485519)), (np.float64(783.888383452367), np.float64(1938.3279579246425), np.float64(43.85810216658314)), (np.float64(1713.580791689526), np.float64(495.21460388557745), np.float64(95.57210221071831)), (np.float64(678.3597073224026), np.float64(1225.5583846081574), np.float64(150.0)), (np.float64(908.0552114350285), np.float64(654.3629228482747), np.float64(140.211127434887))]",-3.7072597504984195,0.8128957428584167,6,0,0,1.3841415270304271,124.13370973391048
120,22.184118622837623,669173.8425625196,37,84.66666666666667,10146.72100790107,10.0,40.026985538215,0.0,129.72972972972974,-0.8174386920980936,"[(np.float64(568.3418776510505), np.float64(1769.96809886919), np.float64(38.618234472610325)), (np.float64(2411.771119532679), np.float64(2361.8709614942386), np.float64(31.88008588199563)), (np.float64(777.3569756704514), np.float64(1939.4284236720177), np.float64(42.699505300636424)), (np.float64(1714.37662614499), np.float64(492.09396752052277), np.float64(97.40135780877277)), (np.float64(675.7311306735123), np.float64(1221.5408468468584), np.float64(147.30930198075598)), (np.float64(907.8078822281278), np.float64(651.9219875243305), np.float64(134.8597446667709))]",-5.639630096905068,0.8124296761056361,6,0,0,1.398200258341812,132.94349062306605
121,20.623484600510032,601188.9839813854,33,82.33333333333334,10216.505866482199,10.0,44.63720238487498,0.0,133.33333333333331,10.081743869209813,"[(np.float64(568.1489874302067), np.float64(1768.6123024769547), np.float64(40.35476884199138)), (np.float64(2407.521534323284), np.float64(2361.649134873392), np.float64(33.85034520001419)), (np.float64(778.9592066505426), np.float64(1938.2397999404743), np.float64(46.739682668270575)), (np.float64(1713.370282721122), np.float64(492.40704318749766), np.float64(97.32008450931511)), (np.float64(675.6392610107584), np.float64(1219.4726239341394), np.float64(150.0)), (np.float64(908.4066195966406), np.float64(651.820675531082), np.float64(138.22311985309656))]",-5.639630096905068,0.8119673182081483,6,0,0,1.3870736924637006,120.39514620035196
122,20.882668550308317,522679.8305475724,12,83.66666666666667,10363.14987849714,10.0,46.41937788640097,0.0,133.33333333333331,67.3024523160763,"[(np.float64(565.7752814684488), np.float64(1768.2957611193583), np.float64(40.11129872670913)), (np.float64(2406.4312629085925), np.float64(2365.0485988761397), np.float64(35.00517911479207)), (np.float64(781.4951941818568), np.float64(1936.4026755030302), np.float64(49.83243033411739)), (np.float64(1713.1135301536756), np.float64(491.18245316118754), np.float64(97.32392885738244)), (np.float64(677.972810878743), np.float64(1219.3222244229235), np.float64(150.0)), (np.float64(907.557937594812), np.float64(654.4349460721849), np.float64(141.42271130548065))]",-5.639630096905068,0.8115066908291819,6,0,0,1.3818821368989644,105.06600956908204
123,21.0968231843864,586810.9592239716,20,84.0,10446.262761835686,10.0,38.72925201721102,0.0,105.0,45.5040871934605,"[(np.float64(561.7246384007152), np.float64(1768.0061872038964), np.float64(37.0461646590268)), (np.float64(2407.9189887542493), np.float64(2366.262316289948), np.float64(34.26781554546704)), (np.float64(779.5328009352909), np.float64(1940.1899549011662), np.float64(51.99654931017132)), (np.float64(1716.1512357513257), np.float64(490.5227457349176), np.float64(95.26064341623902)), (np.float64(676.3164950815245), np.float64(1219.5473338917725), np.float64(150.0)), (np.float64(904.2028152794711), np.float64(656.367325522014), np.float64(144.16972386679325))]",-5.639630096905068,0.8110436741946323,6,0,0,1.389049903648804,117.34858754944587
124,21.165974436223678,616738.7960246544,17,82.0,10498.747808373548,10.0,40.04178308767366,0.0,152.94117647058823,53.67847411444142,"[(np.float64(560.2545581590432), np.float64(1770.1593303200737), np.float64(36.78310347761768)), (np.float64(2406.348327896198), np.float64(2369.099783806704), np.float64(33.06525400361671)), (np.float64(780.0077243934577), np.float64(1942.0612627071596), np.float64(56.27905325198944)), (np.float64(1715.6902435272345), np.float64(489.16703627891235), np.float64(91.99441804655966)), (np.float64(678.1375128194609), np.float64(1225.42878128304), np.float64(149.19826995709263)), (np.float64(898.4396225901165), np.float64(655.3774223756901), np.float64(144.39006117562113))]",-5.639630096905068,0.8105803562073485,6,0,0,1.389953961851449,123.25324214398698
125,19.794904563356553,574690.5764283075,33,79.33333333333333,10595.131074507757,10.0,32.11522908407638,0.0,142.42424242424244,10.081743869209813,"[(np.float64(556.8371906259398), np.float64(1770.2521221814695), np.float64(33.498515983064685)), (np.float64(2403.1078971950137), np.float64(2366.838955152694), np.float64(32.65355898343098)), (np.float64(779.6405213643004), np.float64(1940.5452738099657), np.float64(55.229658364823784)), (np.float64(1711.8768270842418), np.float64(488.9178068245894), np.float64(89.7303433378241)), (np.float64(675.8830066514843), np.float64(1228.1065496897104), np.float64(148.51467274445642)), (np.float64(902.2805897282082), np.float64(654.9883289754212), np.float64(146.17807587796125))]",-5.639630096905068,0.8101176021694715,6,0,0,1.3882621136308677,114.99000776774919
126,20.137359690253735,535797.3254142494,33,81.0,10730.507591656024,10.0,32.278897557207614,0.0,133.33333333333331,10.081743869209813,"[(np.float64(556.668545383395), np.float64(1770.2175032738828), np.float64(32.32358948342699)), (np.float64(2402.7642111864525), np.float64(2368.59022526642), np.float64(32.58615169026543)), (np.float64(782.7784634148568), np.float64(1938.354769540995), np.float64(53.68543497778836)), (np.float64(1710.0024407356009), np.float64(487.8588876091388), np.float64(88.84101778197795)), (np.float64(677.2330631987296), np.float64(1225.1704263641989), np.float64(150.0)), (np.float64(901.2163322883915), np.float64(656.3383694629988), np.float64(146.89592997059066))]",-5.639630096905068,0.8096585228094533,6,0,0,1.3772380800549067,108.06598550260354
127,20.1678952489303,615271.0967336202,20,80.33333333333333,10785.610337484919,10.0,35.18213833363054,0.0,114.99999999999999,45.5040871934605,"[(np.float64(556.5917029479536), np.float64(1769.7578752723668), np.float64(30.0)), (np.float64(2403.657755000684), np.float64(2365.5838421165577), np.float64(33.14915687064885)), (np.float64(782.501474822499), np.float64(1938.8596412878628), np.float64(59.54520896025102)), (np.float64(1711.5726222841492), np.float64(487.9552002890024), np.float64(85.33258236527263)), (np.float64(678.7264713434), np.float64(1226.8899881948173), np.float64(148.86560520708838)), (np.float64(901.666532164551), np.float64(656.5588412697015), np.float64(147.9505511651714))]",-5.639630096905068,0.8091966885824684,6,0,0,1.3855026809542992,123.35496735657242
128,19.78541559848662,691684.2673175097,18,80.33333333333333,10785.610337484919,10.0,38.64397419372492,0.0,166.66666666666669,50.95367847411445,"[(np.float64(556.7668345443179), np.float64(1767.0207356573126), np.float64(30.83911292970977)), (np.float64(2402.1365592714947), np.float64(2364.5988578357137), np.float64(31.541659645294903)), (np.float64(786.2155640927438), np.float64(1940.1263264202942), np.float64(60.30622741614373)), (np.float64(1708.9807595071334), np.float64(487.8469454556171), np.float64(85.1283756734981)), (np.float64(676.9271404328358), np.float64(1226.8677213955514), np.float64(150.0)), (np.float64(898.6599519245868), np.float64(659.4691537581025), np.float64(148.64449864440445))]",-5.639630096905068,0.8087367466991089,6,0,0,1.3798256500784605,139.24550445078552
129,18.82956435139738,668254.3920460748,6,78.33333333333333,10808.940212756359,10.0,25.415998534181373,0.0,100.0,83.65122615803816,"[(np.float64(553.9628079312439), np.float64(1765.4658351341652), np.float64(32.999125062495985)), (np.float64(2400.8722347119674), np.float64(2362.493005714083), np.float64(32.21674554555087)), (np.float64(781.3227929604343), np.float64(1935.9135817263186), np.float64(57.71905388440682)), (np.float64(1710.5580788762418), np.float64(489.1349366215065), np.float64(81.73841912529466)), (np.float64(678.0470294829516), np.float64(1225.9043935004572), np.float64(146.9681964445492)), (np.float64(901.2112645765667), np.float64(661.8086772973958), np.float64(149.47684627852618))]",-5.639630096905068,0.8082727962793651,6,0,0,1.391851259231316,133.36642028496297
130,17.47875078237199,568738.9102502865,17,73.0,10933.035569823587,10.0,27.959042427503586,0.0,176.47058823529412,53.67847411444142,"[(np.float64(553.9187531148802), np.float64(1767.725754774081), np.float64(31.53722116000388)), (np.float64(2399.5150567495366), np.float64(2361.7954342883113), np.float64(31.432794430096557)), (np.float64(783.8192572111317), np.float64(1934.3266436560427), np.float64(57.12980407584287)), (np.float64(1711.8492809399156), np.float64(485.1647201445707), np.float64(82.05454211425483)), (np.float64(680.1116232070733), np.float64(1227.8693850796224), np.float64(147.91958550515676)), (np.float64(898.9357400604953), np.float64(664.4415160958138), np.float64(150.0))]",-3.6715107329215386,0.8078130854118347,6,0,0,1.3791326025915371,114.55245879055619
131,17.28235151668512,561319.5783363573,11,75.0,11064.150258804737,10.0,26.971267100113458,0.0,181.8181818181818,70.02724795640327,"[(np.float64(549.3680111503236), np.float64(1768.6093020206642), np.float64(36.15300302901906)), (np.float64(2400.683485663419), np.float64(2364.6467779929403), np.float64(30.0)), (np.float64(784.2947724034894), np.float64(1930.761479494899), np.float64(55.4071661278984)), (np.float64(1711.679696335846), np.float64(485.6974448761384), np.float64(84.11216083283101)), (np.float64(677.8561880857654), np.float64(1227.55604018703), np.float64(150.0)), (np.float64(896.3819021213872), np.float64(667.3127793386861), np.float64(146.92984639300056))]",-3.6715107329215386,0.8073483747357629,6,0,0,1.3941320282151952,111.84170647958514
132,17.017303423405714,587700.9817698583,9,74.66666666666667,11168.533544352387,10.0,27.447818779313955,0.0,133.33333333333331,75.47683923705722,"[(np.float64(544.8290336741522), np.float64(1767.145299016235), np.float64(39.160214534691406)), (np.float64(2401.839749084747), np.float64(2365.5607521826823), np.float64(30.0)), (np.float64(786.5033654614806), np.float64(1927.7782296132505), np.float64(53.69501522820057)), (np.float64(1710.1830761611254), np.float64(483.47503022629115), np.float64(84.00812591107616)), (np.float64(679.6078403291972), np.float64(1229.6067715488882), np.float64(150.0)), (np.float64(895.5110598452139), np.float64(669.44959910959), np.float64(148.06489777997126))]",-3.6715107329215386,0.8068879387629521,6,0,0,1.3813079184324581,118.18528695550364
133,17.901616690851863,584694.9664329983,20,77.66666666666666,11276.472845236902,10.0,38.004446147551484,0.0,140.0,45.5040871934605,"[(np.float64(544.8418548653885), np.float64(1769.1918239732793), np.float64(40.629293464481)), (np.float64(2401.2751844262266), np.float64(2368.0673896251287), np.float64(30.0)), (np.float64(788.763708191458), np.float64(1928.6948893250426), np.float64(50.64596109447201)), (np.float64(1710.1129790013297), np.float64(484.745463981222), np.float64(84.1374531382731)), (np.float64(679.2923810333825), np.float64(1228.9356549503925), np.float64(150.0)), (np.float64(892.8323676654333), np.float64(670.5518927521522), np.float64(146.40854653563287))]",-3.6715107329215386,0.8064289187514372,6,0,0,1.3770600345448525,117.94349148132262
134,15.147438703921383,604343.741618433,43,69.66666666666667,11366.26337093598,10.0,17.18794046874188,0.0,155.8139534883721,-17.166212534059945,"[(np.float64(544.2211866767877), np.float64(1768.2250481307665), np.float64(35.7307030583381)), (np.float64(2398.869432995063), np.float64(2369.558553991404), np.float64(30.0)), (np.float64(787.5474720299709), np.float64(1932.4791666477188), np.float64(48.40778226794665)), (np.float64(1712.5891126282115), np.float64(487.1927371685198), np.float64(82.89840858528285)), (np.float64(675.7271047819219), np.float64(1230.405148271329), np.float64(149.720593400561)), (np.float64(891.8255501658924), np.float64(674.1270827875226), np.float64(144.64515982303757))]",-3.6715107329215386,0.8059660380671448,6,0,0,1.3886420528768588,120.89023316908178
135,16.335583333073362,698850.1753259479,13,73.33333333333333,11366.263370935972,10.0,23.43881904840847,0.0,169.23076923076923,64.57765667574932,"[(np.float64(543.2500215603679), np.float64(1765.6457536076089), np.float64(33.06758513334211)), (np.float64(2399.6929235322696), np.float64(2367.0403895438462), np.float64(31.506707699724668)), (np.float64(787.9424013115541), np.float64(1934.7771028585807), np.float64(50.01222742493271)), (np.float64(1710.5117653690345), np.float64(490.58285282631556), np.float64(86.06195529950296)), (np.float64(675.6100140419537), np.float64(1230.3784481515675), np.float64(148.30817175963108)), (np.float64(889.2326931485231), np.float64(675.2767899636071), np.float64(142.63596591442135))]",-3.6715107329215386,0.8055034634767759,6,0,0,1.3877237711069805,139.88738446614602
136,17.491856190757385,677191.0174729325,17,77.33333333333333,11387.722528788981,10.0,25.375809938525688,0.0,117.64705882352942,53.67847411444142,"[(np.float64(544.2413343180534), np.float64(1762.5907285014669), np.float64(32.14459957482087)), (np.float64(2398.628613874974), np.float64(2368.454961887443), np.float64(30.45425996500801)), (np.float64(786.7718805748242), np.float64(1934.181255619015), np.float64(47.07833952242414)), (np.float64(1708.7647679992663), np.float64(491.02556377759606), np.float64(86.62269887175803)), (np.float64(676.5939329874261), np.float64(1229.855515999217), np.float64(150.0)), (np.float64(888.4422072886373), np.float64(676.0800060596299), np.float64(142.97683061292804))]",-3.6715107329215386,0.8050443402684979,6,0,0,1.3773696248341945,136.5709048414275
137,17.025521516893548,629480.4994303305,10,76.0,11457.092204684595,10.0,22.90631874268795,0.0,100.0,72.75204359673025,"[(np.float64(542.740347519666), np.float64(1764.727650423655), np.float64(30.0)), (np.float64(2396.9963182413185), np.float64(2368.811152643227), np.float64(31.124557602410388)), (np.float64(786.9596256131184), np.float64(1934.7255862768297), np.float64(46.151379774133176)), (np.float64(1709.1808074803191), np.float64(489.92991580610214), np.float64(85.73610633577155)), (np.float64(673.2243199954144), np.float64(1230.624095401693), np.float64(150.0)), (np.float64(889.8238239391536), np.float64(678.6130285078347), np.float64(140.40443881649446))]",-3.6715107329215386,0.8045847922803312,6,0,0,1.3786439644999342,126.8316539938773
138,16.934780689622418,706400.2503060082,9,78.33333333333333,11457.092204684595,10.0,21.138362217501665,0.0,111.11111111111111,75.47683923705722,"[(np.float64(542.9142355651691), np.float64(1766.2328418825628), np.float64(30.0)), (np.float64(2399.8580639483807), np.float64(2368.5504093514073), np.float64(30.0)), (np.float64(786.7962525585206), np.float64(1934.0849458060854), np.float64(46.81376253975815)), (np.float64(1711.071631195619), np.float64(491.67201712470086), np.float64(87.22229301785111)), (np.float64(674.0602515148579), np.float64(1232.218609975935), np.float64(150.0)), (np.float64(891.9617835099532), np.float64(680.1837564089085), np.float64(139.46645417036743))]",-3.6715107329215386,0.8041267109564134,6,0,0,1.3742439717533796,142.78563034285062
139,17.49391691007183,632917.2795396277,13,77.0,11530.375175450972,10.0,17.127982536874175,0.0,76.92307692307693,64.57765667574932,"[(np.float64(540.3869779405654), np.float64(1767.2916051515226), np.float64(30.0)), (np.float64(2398.037261346186), np.float64(2371.412926675875), np.float64(32.02063488356249)), (np.float64(785.6813967604385), np.float64(1934.804380833449), np.float64(49.53243012246735)), (np.float64(1709.947278911619), np.float64(491.3305462781525), np.float64(88.46269676689705)), (np.float64(670.4215437558092), np.float64(1233.5591321457273), np.float64(149.56213819935465)), (np.float64(888.5605147687694), np.float64(678.2074163345666), np.float64(142.09219444179752))]",-3.6715107329215386,0.8036651781107547,6,0,0,1.3845985369758917,126.9756905937967
140,21.17935066644778,716978.1925183894,50,83.66666666666667,11530.375175450972,10.0,29.77607814004045,0.0,128.0,-36.23978201634876,"[(np.float64(541.6193558929479), np.float64(1768.104827013903), np.float64(31.20907940540951)), (np.float64(2394.912608286337), np.float64(2372.391724171795), np.float64(30.0)), (np.float64(784.9343233960653), np.float64(1935.4258217804158), np.float64(52.937585508009875)), (np.float64(1707.507527162581), np.float64(489.2767388210419), np.float64(86.39558526856548)), (np.float64(671.2897823121741), np.float64(1228.2933855064011), np.float64(149.49548391673795)), (np.float64(889.3369098783534), np.float64(679.1434166590465), np.float64(140.65328325748237))]",-7.2480137593865726,0.80320337886659,6,0,0,1.3853977324943292,143.75699076272397
141,21.772020393586338,709461.2553464518,29,83.66666666666667,11536.49211262291,10.0,18.2765100317622,0.0,148.27586206896552,20.98092643051772,"[(np.float64(539.668391279149), np.float64(1768.4900609457745), np.float64(30.0)), (np.float64(2396.2844046153523), np.float64(2371.286129458957), np.float64(30.0)), (np.float64(781.7360862781954), np.float64(1936.1450719017403), np.float64(51.67745768472342)), (np.float64(1707.6363898889772), np.float64(487.5801990692045), np.float64(85.19248843006218)), (np.float64(671.4654112374731), np.float64(1227.263854140364), np.float64(149.20755749752865)), (np.float64(889.9010356584777), np.float64(678.7800263151602), np.float64(138.20847731855318))]",-7.2480137593865726,0.8027447342713647,6,0,0,1.3759337856758465,143.22823742042908
142,21.028882220745874,686907.6179823173,12,83.0,11564.11268715898,10.0,29.03256240639311,0.0,133.33333333333331,67.3024523160763,"[(np.float64(539.7669593077234), np.float64(1770.7176828468794), np.float64(30.0)), (np.float64(2393.942125415212), np.float64(2369.813442048373), np.float64(30.0)), (np.float64(783.8193123418672), np.float64(1936.5597003781425), np.float64(51.42290969667163)), (np.float64(1706.8338328549653), np.float64(489.20906947517517), np.float64(85.34979774862214)), (np.float64(671.8794304376447), np.float64(1224.9969137823484), np.float64(149.05740894940502)), (np.float64(888.3589242020854), np.float64(679.1950935420404), np.float64(139.49143764312743))]",-7.2480137593865726,0.8022875362445853,6,0,0,1.3715940803384357,139.11380516797925
143,21.287878607342243,712556.948199601,6,84.33333333333334,11565.683931477768,10.0,28.32527456126963,0.0,100.0,83.65122615803816,"[(np.float64(540.736686030052), np.float64(1771.4905603225566), np.float64(30.58054084132672)), (np.float64(2394.1686249681397), np.float64(2370.389923064684), np.float64(30.0)), (np.float64(781.862321231307), np.float64(1932.7294295918782), np.float64(51.51812912123131)), (np.float64(1713.2136423568463), np.float64(490.0791513534914), np.float64(84.20342018384831)), (np.float64(673.6424900848591), np.float64(1226.4903308094001), np.float64(149.92448296425)), (np.float64(888.0986611522037), np.float64(679.6103246612571), np.float64(139.87159564406338))]",-7.2480137593865726,0.8018290596405159,6,0,0,1.3754298122077706,143.9059149759805
144,21.26492892121286,656335.3951653166,9,84.66666666666667,11623.42672883084,10.0,29.77607814004045,0.0,133.33333333333331,75.47683923705722,"[(np.float64(540.9448282007534), np.float64(1772.319773491879), np.float64(30.490625822255904)), (np.float64(2393.2153485924773), np.float64(2371.293474891828), np.float64(30.0)), (np.float64(780.4837844978442), np.float64(1934.9814139903488), np.float64(51.509495629978304)), (np.float64(1713.3724452436618), np.float64(491.24607091358536), np.float64(87.02491041356305)), (np.float64(674.4014823903909), np.float64(1225.9191132093265), np.float64(150.0)), (np.float64(888.1819052694177), np.float64(682.0296630735886), np.float64(141.93223888506546))]",-7.2480137593865726,0.8013713418156407,6,0,0,1.3731534746260248,132.77131137549972
145,20.783305006371275,658596.5110116828,33,84.66666666666667,11679.808410337544,10.0,44.63720238487498,0.0,148.4848484848485,10.081743869209813,"[(np.float64(543.2498901222892), np.float64(1771.855763671661), np.float64(30.0)), (np.float64(2395.3666852748474), np.float64(2373.592213677462), np.float64(30.0)), (np.float64(777.9016358654179), np.float64(1928.0248861175983), np.float64(51.006778315977954)), (np.float64(1713.8783480143657), np.float64(489.8799841297131), np.float64(88.32662790339128)), (np.float64(675.5981806341841), np.float64(1225.5660410710818), np.float64(149.4217330491047)), (np.float64(888.7726027908133), np.float64(679.2453237604511), np.float64(141.490207181733))]",-7.2480137593865726,0.8009118983832931,6,0,0,1.378330297042557,132.72832765379928
146,21.916028313130212,687197.2789495277,27,85.0,11707.389323906405,10.0,64.44472294768553,0.0,140.74074074074073,26.430517711171664,"[(np.float64(541.3397836148362), np.float64(1773.6434047295127), np.float64(30.83982026807176)), (np.float64(2392.5888545435014), np.float64(2374.336450344587), np.float64(30.0)), (np.float64(778.1265478257253), np.float64(1928.1280303770452), np.float64(53.5910162759391)), (np.float64(1715.731645026953), np.float64(487.87034554773106), np.float64(87.57450709908889)), (np.float64(677.1876868886729), np.float64(1228.6065421274266), np.float64(150.0)), (np.float64(887.6938154539293), np.float64(680.1124606907343), np.float64(142.17219910138385))]",-7.2480137593865726,0.8004529125910066,6,0,0,1.3769573768593424,138.6303862774068
147,21.749028310264652,763494.3225539338,19,84.33333333333334,11707.389323906405,10.0,13.065811022991662,0.0,126.3157894736842,48.228882833787466,"[(np.float64(539.9877351692382), np.float64(1770.3869886210666), np.float64(31.901417885783314)), (np.float64(2393.223496460449), np.float64(2374.1454541245266), np.float64(34.80882889303933)), (np.float64(779.1904325900585), np.float64(1931.1358695568567), np.float64(50.296305211469466)), (np.float64(1710.9265894548482), np.float64(487.268006070123), np.float64(89.75333256792698)), (np.float64(676.097034071554), np.float64(1229.0598339876624), np.float64(150.0)), (np.float64(885.8109524188474), np.float64(681.4593043685851), np.float64(141.10683287035783))]",-7.2480137593865726,0.7999900236707832,6,0,0,1.388666760670168,152.7232899004736
148,22.253454799297476,738171.6898458452,22,85.66666666666667,11733.961956614497,10.0,30.086241094002887,0.0,104.54545454545455,40.054495912806544,"[(np.float64(537.361245290664), np.float64(1769.3397328603944), np.float64(31.666631254266957)), (np.float64(2392.088925038282), np.float64(2373.972937678787), np.float64(35.79471126773667)), (np.float64(778.7833913014008), np.float64(1930.144535046179), np.float64(48.54135563854281)), (np.float64(1714.103561016193), np.float64(487.54716789717565), np.float64(90.58080876758905)), (np.float64(672.766185513851), np.float64(1230.3772717442218), np.float64(150.0)), (np.float64(885.963837664801), np.float64(679.7719791329397), np.float64(142.6882199598752))]",-7.2480137593865726,0.7995309996848338,6,0,0,1.3770719578486843,148.90121787403135
149,21.8114779771769,683997.2056916737,24,85.0,11814.359073476764,10.0,21.013359014092636,0.0,120.83333333333333,34.60490463215259,"[(np.float64(536.7722774633551), np.float64(1769.8645402650632), np.float64(33.90567747974037)), (np.float64(2389.8676005805555), np.float64(2375.6409525302197), np.float64(38.52092273963307)), (np.float64(777.9362488952054), np.float64(1935.4048385863957), np.float64(49.35994608096347)), (np.float64(1712.4786906186982), np.float64(486.3180944462196), np.float64(90.17685407545908)), (np.float64(672.3567556322778), np.float64(1233.363080684544), np.float64(150.0)), (np.float64(884.2270493946983), np.float64(682.4042638820432), np.float64(146.8938797315471))]",-7.2480137593865726,0.7990686602447935,6,0,0,1.3870183201207082,136.98393240163372
150,23.0226845933466,866280.0889897215,23,87.66666666666667,11814.359073476764,10.0,28.32527456126963,0.0,182.6086956521739,37.32970027247957,"[(np.float64(535.3642728507161), np.float64(1769.3612794930802), np.float64(34.534894071305395)), (np.float64(2389.8973238029866), np.float64(2379.923058530724), np.float64(44.239165455839434)), (np.float64(773.3951132366086), np.float64(1940.5876135874807), np.float64(53.47110664220993)), (np.float64(1713.7484801956753), np.float64(488.7543399024586), np.float64(91.65162123370384)), (np.float64(673.3054262654924), np.float64(1234.2877897241844), np.float64(150.0)), (np.float64(884.6501728347239), np.float64(680.6608323531199), np.float64(147.8693860817869))]",-3.4757635366087682,0.7986047576894268,6,0,0,1.3917076660998347,172.90510350284907
151,22.024097505925294,711425.8994951232,30,85.66666666666667,11970.013262971363,10.0,18.181021473602524,0.0,130.0,18.25613079019074,"[(np.float64(532.3865867439101), np.float64(1773.8283647741218), np.float64(36.31384625007664)), (np.float64(2388.6802132618836), np.float64(2378.366236995068), np.float64(44.751404246559076)), (np.float64(771.4599364172392), np.float64(1941.078939354825), np.float64(54.833803946248665)), (np.float64(1710.4529169178536), np.float64(488.1038463792871), np.float64(90.29699973559465)), (np.float64(671.848249931552), np.float64(1234.34492179742), np.float64(150.0)), (np.float64(885.7221972517764), np.float64(681.4458706636597), np.float64(147.85923194996752))]",-3.4757635366087682,0.7981453543918638,6,0,0,1.3782098926886233,143.387670095588
152,21.7226130682537,708976.2774050023,13,84.33333333333334,12126.117074556096,10.0,26.08635951816081,0.0,169.23076923076923,64.57765667574932,"[(np.float64(530.2669118637382), np.float64(1777.4817970639297), np.float64(31.56914571990455)), (np.float64(2389.568578701629), np.float64(2378.878666481642), np.float64(41.50991039787406)), (np.float64(771.7428605791988), np.float64(1943.3389765227214), np.float64(56.24487710497905)), (np.float64(1709.3619860088427), np.float64(486.4116243249367), np.float64(94.70602997554863)), (np.float64(672.5914970687089), np.float64(1233.7785911813003), np.float64(150.0)), (np.float64(884.0413433849), np.float64(681.649332029216), np.float64(146.7492407309731))]",-3.4757635366087682,0.7976822909276925,6,0,0,1.3891903925145033,141.7644808774236
153,21.439415098938227,699591.0757644182,12,84.33333333333334,12292.00608778141,10.0,34.36696990240605,0.0,166.66666666666669,67.3024523160763,"[(np.float64(528.901095810854), np.float64(1779.791245403509), np.float64(30.351329160888767)), (np.float64(2387.4598916529358), np.float64(2378.639633250237), np.float64(41.65275434500963)), (np.float64(772.2887295205858), np.float64(1941.4743527027495), np.float64(55.97244532628609)), (np.float64(1706.5106170832187), np.float64(487.6156369284765), np.float64(92.52273514337328)), (np.float64(670.0616597058672), np.float64(1230.3491297220385), np.float64(149.10436517402948)), (np.float64(884.7402037992811), np.float64(681.4961305796332), np.float64(145.91061864516368))]",-3.4757635366087682,0.7972228266345628,6,0,0,1.3783928793888602,140.98364645148615
154,21.790217569242383,731205.7394962717,12,85.0,12426.180437274874,10.0,34.36696990240605,0.0,150.0,67.3024523160763,"[(np.float64(528.0237029763716), np.float64(1782.1186006119701), np.float64(30.491721210654834)), (np.float64(2387.8818921285), np.float64(2376.2020042775134), np.float64(39.399277452538826)), (np.float64(773.0187350266485), np.float64(1943.889573409206), np.float64(57.451307060127796)), (np.float64(1706.7665692865141), np.float64(487.2017283796818), np.float64(92.21269150502383)), (np.float64(672.3773767559549), np.float64(1233.9055819586315), np.float64(150.0)), (np.float64(885.9618305322581), np.float64(679.4349389119845), np.float64(145.36389066895293))]",-3.4757635366087682,0.7967633860543141,6,0,0,1.3783217407464126,147.36233160309723
155,22.87701159801459,899221.3848547975,16,86.0,12426.180437274874,10.0,52.73603613062416,0.0,187.5,56.403269754768395,"[(np.float64(528.7796244832342), np.float64(1781.7865277152694), np.float64(30.0)), (np.float64(2389.2639838715118), np.float64(2377.85874312924), np.float64(42.34430109338078)), (np.float64(767.9600884836804), np.float64(1942.9516020628453), np.float64(57.15735122087222)), (np.float64(1707.1113374096403), np.float64(484.7810710818359), np.float64(91.91529658527314)), (np.float64(672.2761884395511), np.float64(1233.2476492359963), np.float64(148.59833683110716)), (np.float64(885.246805846223), np.float64(679.8970540449498), np.float64(145.24318213242051))]",-3.4757635366087682,0.796304680236684,6,0,0,1.3761174528904725,181.51337118104428
156,21.509098399244603,729459.2778415264,38,85.33333333333334,12596.792544288139,10.0,69.11149079511861,0.0,155.26315789473685,-3.542234332425065,"[(np.float64(529.797439289312), np.float64(1782.0400026086463), np.float64(31.4164764717923)), (np.float64(2390.85415339667), np.float64(2379.8829770082452), np.float64(43.468302659726625)), (np.float64(769.0827292889388), np.float64(1942.272704689352), np.float64(56.85052364476664)), (np.float64(1706.1274266127566), np.float64(484.19733306959546), np.float64(90.04121248659332)), (np.float64(672.0722370134076), np.float64(1231.9310504763932), np.float64(150.0)), (np.float64(887.1614888175222), np.float64(679.9155753728493), np.float64(146.35992328210415))]",-3.4757635366087682,0.7958459601174538,6,0,0,1.376160357690666,147.24125429556113
157,21.083198508334018,772985.2135975963,11,84.0,12723.328715545329,10.0,33.71480630407062,0.0,54.54545454545454,70.02724795640327,"[(np.float64(531.1654906657926), np.float64(1783.1680588566767), np.float64(31.63813591726375)), (np.float64(2388.668434298241), np.float64(2378.989708862765), np.float64(43.775606367906335)), (np.float64(768.855594555271), np.float64(1942.481168698644), np.float64(56.796261328996536)), (np.float64(1703.7331081480668), np.float64(483.39388824277063), np.float64(90.3302411046669)), (np.float64(671.8579562100725), np.float64(1233.3662319466546), np.float64(150.0)), (np.float64(884.9614910926441), np.float64(678.7856888740021), np.float64(145.7529710355381))]",-3.4757635366087682,0.7953894718392575,6,0,0,1.3694648345886813,156.78979807664192
158,21.269814492195987,758168.9394676907,8,85.0,12864.481160932424,10.0,34.184903821164404,0.0,150.0,78.2016348773842,"[(np.float64(526.0285325884993), np.float64(1786.1705374616936), np.float64(32.54964681758282)), (np.float64(2387.7431014729323), np.float64(2379.1396640416956), np.float64(45.35336682645492)), (np.float64(771.5252917050146), np.float64(1941.24088218663), np.float64(57.05930861301858)), (np.float64(1698.5297502625335), np.float64(481.41320928970055), np.float64(88.420979568328)), (np.float64(671.8370166687826), np.float64(1232.01906812433), np.float64(150.0)), (np.float64(885.1313961758821), np.float64(676.1183256733458), np.float64(146.60943450359653))]",-3.4757635366087682,0.794928745276888,6,0,0,1.382179687108644,152.36982944382942
159,22.202124391910584,761239.343151666,14,87.66666666666667,13002.863202635548,10.0,90.21064512685133,0.0,128.57142857142858,61.85286103542234,"[(np.float64(525.6058346552352), np.float64(1785.420605766044), np.float64(30.0)), (np.float64(2384.0026703817534), np.float64(2373.4245884618363), np.float64(42.61216923453077)), (np.float64(773.7985387361346), np.float64(1939.5891035598338), np.float64(57.39739857351535)), (np.float64(1696.444574685773), np.float64(481.39127389124155), np.float64(92.29496543908603)), (np.float64(672.4014007030734), np.float64(1231.544664624814), np.float64(150.0)), (np.float64(889.7958077234392), np.float64(679.7810137037555), np.float64(146.87805493171865))]",-3.4757635366087682,0.7944660952180661,6,0,0,1.3879501764656568,152.35083844014136
160,22.33124269893256,808104.5563456595,10,88.0,13094.530031144677,10.0,61.831941686253266,0.0,140.0,72.75204359673025,"[(np.float64(523.6000061241914), np.float64(1786.7041602719976), np.float64(30.0)), (np.float64(2385.6181051470467), np.float64(2374.523290147031), np.float64(41.09900710844809)), (np.float64(776.6902998861328), np.float64(1939.4064214221758), np.float64(56.08306650403996)), (np.float64(1696.3128445757618), np.float64(480.8339149757757), np.float64(91.97770821893194)), (np.float64(674.3815403221871), np.float64(1233.035270662191), np.float64(150.0)), (np.float64(891.8016863697709), np.float64(676.8797704038208), np.float64(147.66394672052974))]",-3.9777082503208607,0.7940076613426839,6,0,0,1.3753016261463926,163.2176415749402
161,21.357026134058792,733282.2773005463,11,87.0,13261.019138698917,10.0,115.12862405142948,0.0,36.36363636363637,70.02724795640327,"[(np.float64(522.9620921976203), np.float64(1789.9960913084913), np.float64(30.0)), (np.float64(2387.6245048354767), np.float64(2374.0651822868085), np.float64(39.410392103535784)), (np.float64(777.0505947985018), np.float64(1941.004822281018), np.float64(56.56951363786069)), (np.float64(1698.0849587567136), np.float64(480.1963772636407), np.float64(89.87937713383123)), (np.float64(675.1644672986569), np.float64(1236.700293634674), np.float64(150.0)), (np.float64(892.8319986467202), np.float64(676.6137138264099), np.float64(148.9560009613967))]",-3.9777082503208607,0.7935484889580783,6,0,0,1.3775171538168662,147.86713973614403
162,21.45362434638068,738905.7730611672,12,87.0,13422.434750492539,10.0,85.71453970500666,0.0,133.33333333333331,67.3024523160763,"[(np.float64(522.6580914263455), np.float64(1791.358951057714), np.float64(30.0)), (np.float64(2384.624668039118), np.float64(2372.3246441404813), np.float64(37.66535482319056)), (np.float64(775.509678800966), np.float64(1939.2389368071051), np.float64(58.49165993395448)), (np.float64(1698.18712632361), np.float64(482.12790883492505), np.float64(93.14405218357193)), (np.float64(674.3520994945205), np.float64(1236.063898946802), np.float64(150.0)), (np.float64(892.0387486215138), np.float64(678.2273668588649), np.float64(150.0))]",-3.9777082503208607,0.7930886929560047,6,0,0,1.3793880062205175,148.7990345736624
163,22.31584078983324,752692.6002719606,24,87.66666666666667,13570.313535075373,10.0,165.06477788878138,0.0,175.0,34.60490463215259,"[(np.float64(522.7619257740894), np.float64(1795.3866384248056), np.float64(30.389263377512414)), (np.float64(2382.547257229674), np.float64(2369.8387154488278), np.float64(39.22569569272449)), (np.float64(776.6225264770948), np.float64(1937.4088028708975), np.float64(58.353236690262634)), (np.float64(1698.949051573275), np.float64(480.44546446091675), np.float64(95.08122525762849)), (np.float64(673.6513526778086), np.float64(1234.2041756744513), np.float64(146.68280828956992)), (np.float64(890.6798033110773), np.float64(680.235741829515), np.float64(150.0))]",-3.9777082503208607,0.7926281631877923,6,0,0,1.3815893046374292,151.33388565728052
164,21.856897162384143,750616.856817615,17,86.33333333333333,13720.41806311255,10.0,85.46225955291101,0.0,135.29411764705884,53.67847411444142,"[(np.float64(525.0467052513176), np.float64(1795.6517048729488), np.float64(30.0)), (np.float64(2378.8041245210597), np.float64(2371.720295404167), np.float64(40.365914504022584)), (np.float64(775.9397456823041), np.float64(1938.5331629155442), np.float64(58.47319229276996)), (np.float64(1697.7445093651786), np.float64(482.1591712106939), np.float64(100.05842609471655)), (np.float64(670.7754042246171), np.float64(1235.497989659657), np.float64(150.0)), (np.float64(891.4180238617746), np.float64(681.5622339556973), np.float64(149.11294551883194))]",-3.9777082503208607,0.7921663235240484,6,0,0,1.3855189912317691,150.48850558444556
165,20.90779527162713,751525.3836425031,26,84.66666666666667,13870.214064324842,10.0,27.271532210403784,0.0,130.76923076923077,29.155313351498645,"[(np.float64(525.0320942099914), np.float64(1792.8520137811604), np.float64(30.149761419837493)), (np.float64(2376.6814322853916), np.float64(2371.7115655996404), np.float64(43.33342387454418)), (np.float64(778.1924047249239), np.float64(1941.5289058427654), np.float64(56.16152906741562)), (np.float64(1695.2842503851375), np.float64(481.43144166582215), np.float64(104.68509117875449)), (np.float64(673.0136718446275), np.float64(1240.5024862001992), np.float64(146.64063822691116)), (np.float64(890.9884425956898), np.float64(678.0249511200731), np.float64(148.43097421059068))]",-3.9777082503208607,0.7917013855653884,6,0,0,1.3948138759800273,149.66660040224295
166,21.148386292187265,770663.7043509897,7,84.0,13999.271744828642,10.0,27.107837539272914,0.0,114.28571428571428,80.92643051771118,"[(np.float64(523.7810592197058), np.float64(1797.4063056323907), np.float64(31.89166208960803)), (np.float64(2381.2149725034515), np.float64(2371.112400330092), np.float64(44.37208952575369)), (np.float64(780.6826901606001), np.float64(1942.00911353488), np.float64(56.22563127466951)), (np.float64(1696.630309456899), np.float64(486.55994515277433), np.float64(104.75138437386228)), (np.float64(672.8383246276624), np.float64(1239.6333476229486), np.float64(146.64119520355692)), (np.float64(890.918179418555), np.float64(681.7404393100517), np.float64(149.39967439979995))]",-3.9777082503208607,0.7912407732982948,6,0,0,1.381836801280837,154.91934431778185
167,21.331413045798087,784675.7918562712,5,83.0,14113.917337827166,10.0,34.032122128108924,0.0,120.0,86.37602179836512,"[(np.float64(523.8308969126017), np.float64(1798.5745933633787), np.float64(30.0)), (np.float64(2380.9540040052234), np.float64(2368.6944621587295), np.float64(46.214503652772535)), (np.float64(782.361062841766), np.float64(1943.7778148855386), np.float64(53.97062372912603)), (np.float64(1698.5749197322643), np.float64(487.22985568126), np.float64(104.43728613929322)), (np.float64(669.2307014343619), np.float64(1238.6207134536164), np.float64(148.4755281060464)), (np.float64(889.2408870806729), np.float64(679.8789496141038), np.float64(150.0))]",-3.9777082503208607,0.7907799643582973,6,0,0,1.3824268199923744,157.66874208868106
168,21.60359035453288,747898.5362276612,12,85.0,14265.6401864543,10.0,64.23480667102847,0.0,166.66666666666669,67.3024523160763,"[(np.float64(525.1565727815495), np.float64(1794.7827420620547), np.float64(34.52616255429631)), (np.float64(2378.3676949751525), np.float64(2365.789877346403), np.float64(42.95166755127088)), (np.float64(782.2856686017096), np.float64(1945.915803750661), np.float64(53.83013141820514)), (np.float64(1701.4205796165422), np.float64(489.0439825389859), np.float64(105.30363148306516)), (np.float64(670.3352431054172), np.float64(1238.2704051741143), np.float64(148.14357334540406)), (np.float64(886.9161448103683), np.float64(680.1817123246046), np.float64(147.57596759920946))]",-3.9777082503208607,0.7903171376078267,6,0,0,1.3884802514114967,149.62372938713324
169,21.396414125219874,791798.4122637224,14,86.0,14373.963159045365,10.0,74.86302959718687,0.0,142.85714285714286,61.85286103542234,"[(np.float64(524.728705911164), np.float64(1792.5901695482555), np.float64(36.07521050130878)), (np.float64(2377.4410590606676), np.float64(2366.111299325622), np.float64(43.77130723276167)), (np.float64(783.497007173726), np.float64(1945.5727814024397), np.float64(53.64622376683439)), (np.float64(1700.1841423794813), np.float64(489.552896680656), np.float64(105.24175111622304)), (np.float64(670.410527155855), np.float64(1241.6194526139204), np.float64(146.75324059466396)), (np.float64(887.4566189892412), np.float64(675.5522056135135), np.float64(147.33401998320153))]",-3.9777082503208607,0.7898585544012998,6,0,0,1.3757496195810743,159.87211646372404
170,21.94814641327698,878250.2541125752,15,86.66666666666667,14395.284289787582,10.0,27.375701546577975,0.0,146.66666666666666,59.12806539509536,"[(np.float64(525.8894810422581), np.float64(1791.802825097046), np.float64(37.262993212290624)), (np.float64(2377.3625165661415), np.float64(2367.9159936862357), np.float64(43.40854309555712)), (np.float64(785.4335264184298), np.float64(1943.2897940413088), np.float64(53.527515866039785)), (np.float64(1699.6778004219332), np.float64(490.79550645850986), np.float64(109.24507225014166)), (np.float64(667.0701020344493), np.float64(1244.3814858724836), np.float64(144.45670912987086)), (np.float64(884.9702730663764), np.float64(672.3328264969258), np.float64(145.61402572876906))]",-3.49271168967822,0.7893968613029264,6,0,0,1.3850792951196758,176.1331678119417
171,22.063764762885395,868325.8874260852,8,87.33333333333333,14426.07978721628,10.0,39.23215618103305,0.0,125.0,78.2016348773842,"[(np.float64(527.416853062184), np.float64(1793.1764864408624), np.float64(36.128349969348434)), (np.float64(2374.8327779539864), np.float64(2368.6387031642653), np.float64(44.064053823673525)), (np.float64(782.0513997240203), np.float64(1945.9626911840267), np.float64(52.102782355650056)), (np.float64(1695.9939190445161), np.float64(493.64566428216915), np.float64(108.64999977092357)), (np.float64(666.340787508727), np.float64(1244.3518562423205), np.float64(145.43594065211943)), (np.float64(884.9511622962688), np.float64(675.7262982982794), np.float64(148.08421439505832))]",-3.49271168967822,0.7889357846040211,6,0,0,1.3832300967161593,174.37564145600695
172,22.202565835906974,817613.9556074565,6,87.33333333333333,14507.637216463612,10.0,60.96486904670949,0.0,66.66666666666666,83.65122615803816,"[(np.float64(529.3237691525576), np.float64(1791.6648582586924), np.float64(36.00707637540874)), (np.float64(2373.231855606055), np.float64(2365.3759442962787), np.float64(44.6959034712948)), (np.float64(783.0591875254676), np.float64(1947.6280141768557), np.float64(55.64893087091506)), (np.float64(1698.330004607132), np.float64(491.1126306883448), np.float64(108.90400904169672)), (np.float64(666.6643594808227), np.float64(1245.198028818498), np.float64(141.941737078445)), (np.float64(884.5059009111218), np.float64(675.5505142524787), np.float64(145.0901269668027))]",-3.49271168967822,0.7884743270169569,6,0,0,1.3843727611928043,164.05623834511954
173,21.76417322016101,781441.7753165598,4,85.66666666666667,14625.116826001846,10.0,62.493471455605494,0.0,50.0,89.1008174386921,"[(np.float64(529.1357715649857), np.float64(1790.2591895229248), np.float64(32.98348512413897)), (np.float64(2373.9420522163396), np.float64(2366.7966212405845), np.float64(43.06345260218704)), (np.float64(783.5662190162066), np.float64(1949.3665234891196), np.float64(60.53368154070138)), (np.float64(1698.0072311326655), np.float64(488.07819082005614), np.float64(110.46392629040889)), (np.float64(664.0266222922698), np.float64(1249.3050891757389), np.float64(144.4417700668327)), (np.float64(883.9554360375297), np.float64(675.4787080964376), np.float64(146.43463310919824))]",-3.49271168967822,0.7880109342371876,6,0,0,1.3901783393074818,156.14339086759733
174,21.313018052116988,803579.0142950658,16,82.66666666666667,14721.259196561572,10.0,17.137387702657346,0.0,162.5,56.403269754768395,"[(np.float64(527.0712986381095), np.float64(1793.3729380400518), np.float64(31.5694382170917)), (np.float64(2371.045448718654), np.float64(2366.712407578176), np.float64(43.15807484172809)), (np.float64(785.4730502795579), np.float64(1949.4075845407497), np.float64(62.60175266400299)), (np.float64(1696.6430078323078), np.float64(485.9591816773991), np.float64(111.09788028127387)), (np.float64(665.3801733669701), np.float64(1247.4794066456802), np.float64(144.2662917375479)), (np.float64(880.8638072463156), np.float64(676.9827370466923), np.float64(144.7856183940555))]",-3.49271168967822,0.7875507034954458,6,0,0,1.3806922252262477,161.66991367186347
175,22.627218781954678,814748.8692651099,24,86.66666666666667,14806.831712151252,10.0,120.89041940483807,0.0,125.0,34.60490463215259,"[(np.float64(524.5968593390171), np.float64(1794.6080749232292), np.float64(30.0)), (np.float64(2371.162464031814), np.float64(2367.21840368867), np.float64(46.59973163870245)), (np.float64(785.6665315657577), np.float64(1949.1048044196025), np.float64(67.62152581816049)), (np.float64(1697.4922970170248), np.float64(487.8687490239477), np.float64(110.8915486063552)), (np.float64(667.7132825715502), np.float64(1246.2551051549385), np.float64(146.62838048318417)), (np.float64(881.6682275251708), np.float64(678.712855235415), np.float64(147.2768023493825))]",-3.49271168967822,0.7870880846737044,6,0,0,1.3878564652237773,163.07099186581073
176,22.025063608495728,799211.5250946601,19,85.33333333333334,14907.241571911378,10.0,34.032122128108924,0.0,105.26315789473684,48.228882833787466,"[(np.float64(528.9015619716286), np.float64(1794.0693675583605), np.float64(30.560736353042085)), (np.float64(2369.0522930279344), np.float64(2369.1739008355116), np.float64(47.74166971541239)), (np.float64(787.1092489933795), np.float64(1947.7403948163642), np.float64(67.1210221609687)), (np.float64(1696.5519927040418), np.float64(486.45829231748877), np.float64(111.59709995887171)), (np.float64(667.8414298506964), np.float64(1247.9462025876105), np.float64(146.4899226352237)), (np.float64(883.811326859393), np.float64(677.1167184992141), np.float64(147.819919753034))]",-3.49271168967822,0.7866294046589838,6,0,0,1.376040044162049,161.33484076793277
177,23.240537846365076,909167.5036253023,11,89.33333333333333,14907.241571911378,10.0,126.55114517311205,0.0,54.54545454545454,70.02724795640327,"[(np.float64(527.1386142025893), np.float64(1796.8237551239768), np.float64(31.807553612738378)), (np.float64(2363.719050088212), np.float64(2373.465262788702), np.float64(45.2368820203099)), (np.float64(787.8450294193965), np.float64(1949.059900959445), np.float64(65.60924761261226)), (np.float64(1698.6457158661763), np.float64(484.55557994398686), np.float64(113.34011095590873)), (np.float64(666.9145619519182), np.float64(1248.9956656724985), np.float64(150.0)), (np.float64(881.0702833270121), np.float64(678.9865761421643), np.float64(146.02162462698078))]",-3.49271168967822,0.7861655995428043,6,0,0,1.3914153485381227,181.5033369080928
178,22.91965210565237,860425.0727180209,6,88.0,14955.784002818662,10.0,127.02858796391041,0.0,100.0,83.65122615803816,"[(np.float64(525.07272037029), np.float64(1800.0618053601836), np.float64(31.76115067223431)), (np.float64(2363.534668938809), np.float64(2372.9297007063074), np.float64(41.87299419905819)), (np.float64(789.6932881101732), np.float64(1949.4269587246808), np.float64(65.45759856443532)), (np.float64(1701.5035440129109), np.float64(485.98322835390803), np.float64(112.6702166922531)), (np.float64(667.9942849491688), np.float64(1246.5215592938164), np.float64(150.0)), (np.float64(879.8657848486313), np.float64(682.3435212524244), np.float64(147.90950429400172))]",-3.49271168967822,0.7857056129418823,6,0,0,1.3799598027657063,173.1984976409302
179,21.646213800612475,772660.0197432821,15,87.66666666666667,15093.741486700674,10.0,90.28172740816801,0.0,160.0,59.12806539509536,"[(np.float64(520.1023437160366), np.float64(1799.8967784277327), np.float64(31.01552500909425)), (np.float64(2366.841299913255), np.float64(2373.50003926417), np.float64(41.512904799122616)), (np.float64(793.9085250176757), np.float64(1946.090901715581), np.float64(66.75217802022672)), (np.float64(1700.3235391511382), np.float64(482.0306559787168), np.float64(111.1752376291336)), (np.float64(667.6109180182995), np.float64(1244.8183940078507), np.float64(150.0)), (np.float64(881.425468882243), np.float64(681.4431346034478), np.float64(148.69460914086113))]",-3.49271168967822,0.7852447305824262,6,0,0,1.382647078368625,155.22962194753305
180,21.580078440844378,806981.4800244177,8,83.0,15197.12751030155,10.0,52.972876048105135,0.0,150.0,78.2016348773842,"[(np.float64(522.2700411603879), np.float64(1798.788395312559), np.float64(30.0)), (np.float64(2369.711690248637), np.float64(2377.2347312941233), np.float64(45.54904160240934)), (np.float64(797.083117051397), np.float64(1945.3159117607072), np.float64(67.90615047668115)), (np.float64(1704.4009169006022), np.float64(484.25551430597164), np.float64(108.34040982281651)), (np.float64(664.4086736149292), np.float64(1239.9893157250688), np.float64(150.0)), (np.float64(878.8155069884627), np.float64(682.5019855786273), np.float64(147.4487871264412))]",-3.0447254481267367,0.7847806160350089,6,0,0,1.392343642251752,160.99583136421862
181,21.120340748022375,848843.3509764043,10,84.0,15258.651662950448,10.0,48.56564387542671,0.0,140.0,72.75204359673025,"[(np.float64(522.0867398152634), np.float64(1799.9590286832213), np.float64(30.0)), (np.float64(2371.276651487487), np.float64(2376.8021008795417), np.float64(40.89280106699399)), (np.float64(798.6017157275032), np.float64(1946.824886636403), np.float64(69.51298779785412)), (np.float64(1702.6572043043082), np.float64(484.9281074337902), np.float64(106.26861659987829)), (np.float64(663.6867840917953), np.float64(1242.4124649034052), np.float64(150.0)), (np.float64(877.5723182831151), np.float64(683.186863401308), np.float64(149.28282778802077))]",-3.0447254481267367,0.7843201398521377,6,0,0,1.3814285486137095,170.68549795954885
182,21.50915642882704,836243.3407903346,9,85.33333333333334,15332.675825785409,10.0,88.04364697433088,0.0,111.11111111111111,75.47683923705722,"[(np.float64(522.8817733332696), np.float64(1797.0650948210266), np.float64(31.02738761215591)), (np.float64(2368.9552458350427), np.float64(2380.302489605587), np.float64(39.76455140867975)), (np.float64(798.1675124924644), np.float64(1949.2282982285847), np.float64(69.06232039078108)), (np.float64(1701.442933843073), np.float64(484.82466505018857), np.float64(106.14598241041666)), (np.float64(663.0403529906663), np.float64(1242.2819049491889), np.float64(148.93750976660127)), (np.float64(876.3389539021141), np.float64(679.6087325080749), np.float64(149.90487343162985))]",-3.0447254481267367,0.7838610669780354,6,0,0,1.3772186223071299,168.66589888036071
183,20.573577784826416,787160.5834955778,8,84.33333333333334,15455.882745915122,10.0,57.2694252707113,0.0,75.0,78.2016348773842,"[(np.float64(520.6596414290282), np.float64(1798.527350056473), np.float64(30.0)), (np.float64(2369.8600152455856), np.float64(2383.8164617322486), np.float64(42.13958064775312)), (np.float64(800.5329978031053), np.float64(1947.2313173987502), np.float64(65.92490535987729)), (np.float64(1700.0242334840482), np.float64(484.2888885791134), np.float64(105.67115246735696)), (np.float64(661.9932092313888), np.float64(1244.9511656091936), np.float64(149.52683889781707)), (np.float64(874.2613982856386), np.float64(681.8135794376642), np.float64(149.12862635171467))]",-3.0447254481267367,0.7833997434479726,6,0,0,1.3839705901885935,157.9915925871404
184,20.33256327348668,826906.4609829909,14,83.66666666666667,15539.743788557433,10.0,54.00495013082118,0.0,157.14285714285714,61.85286103542234,"[(np.float64(520.7725721114147), np.float64(1800.6174997672445), np.float64(30.0)), (np.float64(2366.5191825295938), np.float64(2382.4924569314635), np.float64(43.46649824040113)), (np.float64(800.2231717513969), np.float64(1944.8782220505643), np.float64(64.9745696487075)), (np.float64(1699.8954773660473), np.float64(488.40894996139554), np.float64(107.41301228689913)), (np.float64(662.6986950018414), np.float64(1248.9842282637585), np.float64(147.1814206830514)), (np.float64(873.6813565326265), np.float64(681.3631027511366), np.float64(148.5762734200892))]",-3.0447254481267367,0.7829390381236263,6,0,0,1.3821159730382908,166.19172605103688
185,20.412508298953416,823403.1329729527,11,85.0,15626.858159209776,10.0,57.213603914537266,0.0,181.8181818181818,70.02724795640327,"[(np.float64(521.5360832210457), np.float64(1802.260952532731), np.float64(33.61133616550188)), (np.float64(2364.109216097247), np.float64(2381.908491159953), np.float64(41.56357680208296)), (np.float64(800.5129079127295), np.float64(1945.6736581945775), np.float64(60.724902278066466)), (np.float64(1701.0798503883802), np.float64(487.43788760640285), np.float64(104.62203114029509)), (np.float64(662.7387281879603), np.float64(1246.808618450535), np.float64(150.0)), (np.float64(873.2939350351204), np.float64(685.4163350968067), np.float64(149.51876207017338))]",-3.0447254481267367,0.7824751184120814,6,0,0,1.3917591346346547,164.34100326744257
186,20.582984989014687,889852.5657735732,11,84.66666666666667,15647.823097061497,10.0,57.194040274478006,0.0,72.72727272727273,70.02724795640327,"[(np.float64(523.0114350451686), np.float64(1802.8415785927198), np.float64(36.722371006141294)), (np.float64(2362.834422504489), np.float64(2387.626935513739), np.float64(40.18845430718055)), (np.float64(803.0987655253549), np.float64(1946.4339949339164), np.float64(60.86643999978015)), (np.float64(1703.065908137305), np.float64(485.530203960452), np.float64(105.40487277112848)), (np.float64(660.1747120308328), np.float64(1247.7180301429769), np.float64(150.0)), (np.float64(870.9441144266451), np.float64(686.2665557042501), np.float64(148.48458001488146))]",-3.0447254481267367,0.7820143256063377,6,0,0,1.3823784172318916,178.80868594968294
187,18.85955740553249,785065.7772017178,7,79.33333333333333,15773.924823485082,10.0,34.2425920117955,0.0,85.71428571428571,80.92643051771118,"[(np.float64(520.7429721510183), np.float64(1799.948863433752), np.float64(35.48567212063344)), (np.float64(2361.2120602066343), np.float64(2383.7817077866034), np.float64(45.05860882222932)), (np.float64(801.1804980313133), np.float64(1948.3099909967825), np.float64(59.239721840064696)), (np.float64(1699.934430643713), np.float64(483.23733460902366), np.float64(107.24705826724211)), (np.float64(658.2740022057162), np.float64(1249.9875947802554), np.float64(148.82374776768867)), (np.float64(871.3051353343884), np.float64(686.868275653842), np.float64(149.27356139468338))]",-3.0447254481267367,0.7815511836935866,6,0,0,1.3894257382533537,156.9524883529347
188,18.99763371866465,773464.6065820542,11,82.33333333333334,15911.477720528332,10.0,54.836674767926496,0.0,145.45454545454547,70.02724795640327,"[(np.float64(518.5312965851457), np.float64(1802.1497267129275), np.float64(33.40423776881083)), (np.float64(2361.1564226007304), np.float64(2382.4064683431047), np.float64(43.402682224336615)), (np.float64(803.710745020618), np.float64(1949.622676565111), np.float64(57.596925817846376)), (np.float64(1699.7223467990889), np.float64(482.83673906626274), np.float64(110.84072756356903)), (np.float64(658.1990329952083), np.float64(1252.5379740152493), np.float64(150.0)), (np.float64(869.9954175499715), np.float64(688.5683529367743), np.float64(150.0))]",-3.0447254481267367,0.7810898988730642,6,0,0,1.3838544615664792,155.25569022837948
189,18.123467861277103,831487.9041287267,10,79.33333333333333,15991.507320024903,10.0,29.407627964280774,0.0,80.0,72.75204359673025,"[(np.float64(515.9547580231618), np.float64(1801.1150814306568), np.float64(36.27668044311679)), (np.float64(2357.362764649702), np.float64(2381.8387029689334), np.float64(45.932696770844245)), (np.float64(804.9127384572355), np.float64(1951.1191565954798), np.float64(57.6784369433889)), (np.float64(1698.0664698749576), np.float64(484.97950623168475), np.float64(112.08220298016822)), (np.float64(658.3258247726758), np.float64(1253.277425225081), np.float64(149.34784273910034)), (np.float64(868.361913745435), np.float64(687.7286215619727), np.float64(149.30206696330856))]",-3.0447254481267367,0.7806295416356096,6,0,0,1.3810717123641083,167.23886253712985
190,18.61488712974786,894428.4510243628,6,78.33333333333333,16007.896372625837,10.0,42.315962132283005,0.0,133.33333333333331,83.65122615803816,"[(np.float64(512.6982333656761), np.float64(1800.1275145866496), np.float64(34.936040032759756)), (np.float64(2355.819837994626), np.float64(2385.8214784924553), np.float64(45.37730463393349)), (np.float64(804.6771610725305), np.float64(1952.3878605829505), np.float64(61.321756644884736)), (np.float64(1698.6765620188542), np.float64(485.4146857042825), np.float64(114.7812479147059)), (np.float64(658.4796904832325), np.float64(1257.7825656754908), np.float64(150.0)), (np.float64(869.3175655249676), np.float64(687.8876483503775), np.float64(148.8856099741722))]",-1.643229854057213,0.7801682354678997,6,0,0,1.3839185031296624,179.52816364901898
191,18.248916639109396,792869.6812385244,14,77.33333333333333,16126.994195012609,10.0,27.468797071621132,0.0,128.57142857142858,61.85286103542234,"[(np.float64(514.3714463778351), np.float64(1800.4217301932351), np.float64(36.153962989293255)), (np.float64(2351.7279771711137), np.float64(2387.4807915009965), np.float64(47.21084237234874)), (np.float64(803.1564570600686), np.float64(1955.0893876073699), np.float64(64.90381179028431)), (np.float64(1700.0217692281744), np.float64(486.2345004213821), np.float64(114.94864130657976)), (np.float64(656.1405780360432), np.float64(1259.881927870064), np.float64(150.0)), (np.float64(870.3224726723776), np.float64(684.2103308171153), np.float64(149.90846353515298))]",-1.643229854057213,0.7797069063976201,6,0,0,1.383987210838849,159.13555876598141
192,18.539306837160375,852571.2890335079,9,79.33333333333333,16185.540409604393,10.0,36.094674984357944,0.0,111.11111111111111,75.47683923705722,"[(np.float64(515.1382782360785), np.float64(1798.16415160843), np.float64(31.15117723253814)), (np.float64(2349.188169034425), np.float64(2384.2151114284784), np.float64(49.78105437977306)), (np.float64(801.5944656640157), np.float64(1955.0655661172134), np.float64(63.810038903229255)), (np.float64(1700.9657056837377), np.float64(484.1813784900557), np.float64(112.44975960443915)), (np.float64(651.8087235984727), np.float64(1258.4434330378463), np.float64(149.4080975676261)), (np.float64(874.245990947101), np.float64(687.739601237672), np.float64(150.0))]",-1.643229854057213,0.7792430359982806,6,0,0,1.3916111980182344,170.1806929996838
193,17.767137528934782,793960.4181795315,6,77.33333333333333,16302.847495050155,10.0,31.407207660467094,0.0,133.33333333333331,83.65122615803816,"[(np.float64(515.4794033613723), np.float64(1797.1169763358323), np.float64(31.79665571800684)), (np.float64(2351.7130534587814), np.float64(2387.830092177521), np.float64(51.529592334692566)), (np.float64(800.4329094020669), np.float64(1954.6387723281352), np.float64(61.56689687316018)), (np.float64(1703.3655487977978), np.float64(482.206473822135), np.float64(113.54769514538646)), (np.float64(652.118699405131), np.float64(1258.3956200533732), np.float64(148.7896039155344)), (np.float64(873.9355247793638), np.float64(689.7552430397694), np.float64(150.0))]",-1.643229854057213,0.7787839252772423,6,0,0,1.3773321631154045,160.12445400721126
194,19.433993821043995,900147.238587909,15,81.0,16313.767760087547,10.0,35.87048445650479,0.0,93.33333333333333,59.12806539509536,"[(np.float64(515.5981916151324), np.float64(1797.8067264244094), np.float64(30.0)), (np.float64(2349.766727006309), np.float64(2385.6970112407657), np.float64(54.650876586035224)), (np.float64(801.7279951445214), np.float64(1956.2872326390188), np.float64(60.4875938123489)), (np.float64(1705.7360577539928), np.float64(481.90988957568777), np.float64(115.73065276072195)), (np.float64(650.9465528102482), np.float64(1258.8766940017033), np.float64(150.0)), (np.float64(875.2938151591105), np.float64(690.8401436397104), np.float64(150.0))]",-1.643229854057213,0.7783237227104672,6,0,0,1.380607700325117,181.10930393106662
195,19.722927511305432,862600.3749616168,9,83.33333333333334,16362.084888751226,10.0,40.329873387440095,0.0,88.88888888888889,75.47683923705722,"[(np.float64(513.8698600277771), np.float64(1798.370365225156), np.float64(32.85806762964924)), (np.float64(2348.486939391658), np.float64(2389.18695990437), np.float64(55.54567989398944)), (np.float64(803.3430023517595), np.float64(1956.8317682581346), np.float64(62.07526635134648)), (np.float64(1704.028843593444), np.float64(482.13446384892995), np.float64(118.4575077704975)), (np.float64(650.2721134582014), np.float64(1259.5653745395346), np.float64(150.0)), (np.float64(871.6830680235988), np.float64(691.6975052858422), np.float64(147.9868875778341))]",-1.643229854057213,0.7778624901287136,6,0,0,1.38369774526079,173.16730918135266
196,18.4759466769479,801923.8095441542,4,79.0,16471.128582832374,10.0,30.40355691804119,0.0,100.0,89.1008174386921,"[(np.float64(511.67019693281503), np.float64(1797.5582815357855), np.float64(30.0)), (np.float64(2351.188579461952), np.float64(2388.030270613006), np.float64(55.09209379740934)), (np.float64(802.3866478905734), np.float64(1958.2078543253629), np.float64(61.71319424414046)), (np.float64(1706.3389158059108), np.float64(484.1829255714002), np.float64(117.32659208003209)), (np.float64(649.0215122275372), np.float64(1260.0431480725497), np.float64(150.0)), (np.float64(872.3384598086757), np.float64(693.6740387935097), np.float64(146.71024449048434))]",-1.643229854057213,0.7774031558270339,6,0,0,1.3780029050393694,161.65177369920053
197,20.015206322176603,858254.2453339908,11,81.33333333333333,16523.341841123678,10.0,49.657552399657995,0.0,109.09090909090908,70.02724795640327,"[(np.float64(508.4002895764627), np.float64(1797.3601428605948), np.float64(32.80962252849011)), (np.float64(2351.2757023671875), np.float64(2388.322863490039), np.float64(55.460778241088406)), (np.float64(802.428549625716), np.float64(1958.9403024625547), np.float64(58.77337743069887)), (np.float64(1707.2982913118053), np.float64(485.04422464397436), np.float64(118.09739374486553)), (np.float64(648.3733890789563), np.float64(1262.4829582539057), np.float64(150.0)), (np.float64(870.7401487878379), np.float64(695.6597319143293), np.float64(147.39132838357637))]",-1.643229854057213,0.7769439074210793,6,0,0,1.3777452178634468,173.03921940438826
198,19.953621650310996,871962.0282139677,12,83.33333333333334,16561.99731653501,10.0,29.117205426178526,0.0,100.0,67.3024523160763,"[(np.float64(504.8927561448121), np.float64(1800.7268227182972), np.float64(35.615515395495436)), (np.float64(2349.2648489211233), np.float64(2390.020109368823), np.float64(55.23668938325119)), (np.float64(800.5224602121493), np.float64(1955.9245469060038), np.float64(59.03943036697862)), (np.float64(1704.6592786294075), np.float64(484.1105933907481), np.float64(119.06668186586785)), (np.float64(651.2829040648138), np.float64(1260.3016027623344), np.float64(150.0)), (np.float64(868.0205076454371), np.float64(697.4610936887825), np.float64(147.57181448365804))]",-1.643229854057213,0.7764833051035361,6,0,0,1.3818069526298087,175.28618888688524
199,19.298533809354794,814455.8130827004,10,81.33333333333333,16658.1590070776,10.0,55.29655746518252,0.0,120.0,72.75204359673025,"[(np.float64(503.8829356732149), np.float64(1800.1173757005972), np.float64(35.77746554279478)), (np.float64(2346.7170413269737), np.float64(2390.9020659948746), np.float64(56.43432020533501)), (np.float64(796.8809902669744), np.float64(1955.4084631932187), np.float64(58.01614324534213)), (np.float64(1701.6991928156958), np.float64(484.3198259099366), np.float64(120.17481583499232)), (np.float64(649.7196024041217), np.float64(1260.9473152610992), np.float64(150.0)), (np.float64(868.121514002632), np.float64(696.6575295942862), np.float64(147.72309892761288))]",-1.643229854057213,0.7760252237930955,6,0,0,1.3742439313220431,164.6270510641161
